Nume,Email,Judet,Telefon,Tip
"ACATARI",acatari@cjmures.ro,JUDETUL MURES,,Primarie
"ADAMUS",adamus@cjmures.ro,JUDETUL MURES,,Primarie
"COJOCNA",admcojocna@yahoo.com,JUDETUL CLUJ,,Primarie
"CLUJ-NAPOCA",administratiepublica@primariaclujnapoca.ro,JUDETUL CLUJ,,Primarie
"ADUNATI",adunati@prefecturaprahova.ro,JUDETUL PRAHOVA,,Primarie
"ADUNATII-COPACENI",adunatiicopaceni@yahoo.com,JUDETUL GIURGIU,,Primarie
"AFUMATI",afumati@cjdolj.ro,JUDETUL DOLJ,,Primarie
"AGHIRESU",aghiresu@yahoo.com,JUDETUL CLUJ,,Primarie
"ALBESTI",albesti@cjmures.ro,JUDETUL MURES,,Primarie
"ALBESTI",albestiprimaria@yahoo.com,JUDETUL IALOMITA,,Primarie
"STANESTI",alinbeuran@yahoo.com,JUDETUL GORJ,,Primarie
"ALMAJ",almaj@cjdolj.ro,JUDETUL DOLJ,,Primarie
"ALUNIS",alunis@cjmures.ro,JUDETUL MURES,,Primarie
"ALUNIS",alunis@prefecturaprahova.ro,JUDETUL PRAHOVA,,Primarie
"AMARASTII DE JOS",amarastii_de_jos@cjdolj.ro,JUDETUL DOLJ,,Primarie
"AMARASTII DE SUS",amarastii_de_sus@cjdolj.ro,JUDETUL DOLJ,,Primarie
"ANDRIESENI",andrieseniprimaria@yahoo.com,JUDETUL IASI,,Primarie
"ANINOASA",aninoasadb@yahoo.com,JUDETUL DAMBOVITA,,Primarie
"ANINOASA",aninoasaprimaria@yahoo.com,JUDETUL GORJ,,Primarie
"APELE VII",apele_vii@cjdolj.ro,JUDETUL DOLJ,,Primarie
"APOLD",apold@cjmures.ro,JUDETUL MURES,,Primarie
"APOLDU DE JOS",apoldudejos@gmail.com,JUDETUL SIBIU,,Primarie
"APOSTOLACHE",apostolache@prefecturaprahova.ro,JUDETUL PRAHOVA,,Primarie
"SCHEIA",arboreanl@yahoo.com,JUDETUL SUCEAVA,,Primarie
"ARGETOAIA",argetoaia@cjdolj.ro,JUDETUL DOLJ,,Primarie
"ARCUS",arkos@planet.ro,JUDETUL COVASNA,,Primarie
"ARPASU DE JOS",arpasudejos@yahoo.com,JUDETUL SIBIU,,Primarie
"VALEA MARE",as.social_primariavaleamare@yahoo.com,JUDETUL VALCEA,,Primarie
"ATINTIS",atintis@cjmures.ro,JUDETUL MURES,,Primarie
"TARGU FRUMOS",atps1@primariatg-frumos.ro,JUDETUL IASI,,Primarie
"PODURI",autoritatealocala@yahoo.com,JUDETUL BACAU,,Primarie
"AVRAMESTI",avramesti@netter.ro,JUDETUL HARGHITA,,Primarie
"AZUGA",azuga@prefecturaprahova.ro,JUDETUL PRAHOVA,,Primarie
"BABA ANA",babaana@prefecturaprahova.ro,JUDETUL PRAHOVA,,Primarie
"BATANI",bacon@cosys.ro,JUDETUL COVASNA,,Primarie
"BAGACIU",bagaciu@cjmures.ro,JUDETUL MURES,,Primarie
"BAHNEA",bahnea@cjmures.ro,JUDETUL MURES,,Primarie
"BAIA DE FIER",baiadefierprimaria@yahoo.com,JUDETUL GORJ,,Primarie
"BAICOI",baicoi@prefecturaprahova.ro,JUDETUL PRAHOVA,,Primarie
"BAILESTI",bailesti@cjdolj.ro,JUDETUL DOLJ,,Primarie
"BALA",bala@cjmures.ro,JUDETUL MURES,,Primarie
"BALAUSERI",balauseri@cjmures.ro,JUDETUL MURES,,Primarie
"BALCESTI",balcestivalcea@yahoo.com,JUDETUL VALCEA,,Primarie
"BALTA DOAMNEI",baltadoamnei@prefecturaprahova.ro,JUDETUL PRAHOVA,,Primarie
"BALTESTI",baltesti@prefecturaprahova.ro,JUDETUL PRAHOVA,,Primarie
"BAND",band@cjmures.ro,JUDETUL MURES,,Primarie
"BANLOC",banlocprimarie@yahoo.com,JUDETUL TIMIS,,Primarie
"BAICULESTI",baranescughe_primar_baiculesti@yahoo.com,JUDETUL ARGES,,Primarie
"BARASTI",barasti_vede@yahoo.com,JUDETUL OLT,,Primarie
"BIRCA",barca@cjdolj.ro,JUDETUL DOLJ,,Primarie
"BARCEA",barcea_galati@hotmail.com,JUDETUL GALATI,,Primarie
"BRADUT",bardoc@cosys.ro,JUDETUL COVASNA,,Primarie
"BARSANESTI",barsanesti.primaria@gmail.com,JUDETUL BACAU,,Primarie
"BATOS",batos@cjmures.ro,JUDETUL MURES,,Primarie
"BAZNA",baznaprimaria@yahoo.com,JUDETUL SIBIU,,Primarie
"BECHET",bechet@cjdolj.ro,JUDETUL DOLJ,,Primarie
"BECICHERECU MIC",becicherecumic@yahoo.com,JUDETUL TIMIS,,Primarie
"BEICA DE JOS",beica@cjmures.ro,JUDETUL MURES,,Primarie
"BELETI-NEGRESTI",beleti_negresti@yahoo.com,JUDETUL ARGES,,Primarie
"BENESAT",benesatsj@yahoo.com,JUDETUL SALAJ,,Primarie
"BENGESTI-CIOCADIA",bengesti@yahoo.com,JUDETUL GORJ,,Primarie
"BERCENI",berceniprimaria@yahoo.com,JUDETUL PRAHOVA,,Primarie
"BERENI",bereni@cjmures.ro,JUDETUL MURES,,Primarie
"BERESTI-BISTRITA",berestibistrita@judetbacau.ro,JUDETUL BACAU,,Primarie
"BERESTI-MERIA",berestim@yahoo.com,JUDETUL GALATI,,Primarie
"BEREZENI",berezeniprimaria@yahoo.com,JUDETUL VASLUI,,Primarie
"BERTESTII DE JOS",bertestidejos@yahoo.com,JUDETUL BRAILA,,Primarie
"GENERAL BERTHELOT",berthelot2004@yahoo.com,JUDETUL HUNEDOARA,,Primarie
"BERZASCA",berzeasca_cs@yahoo.com,JUDETUL CARAS-SEVERIN,,Primarie
"BICHIS",bichis@cjmures.ro,JUDETUL MURES,,Primarie
"BISTRET",bistret@cjdolj.ro,JUDETUL DOLJ,,Primarie
"BLEJOI",blejoi@prefecturaprahova.ro,JUDETUL PRAHOVA,,Primarie
"BODOC",bodoc@planet.ro,JUDETUL COVASNA,,Primarie
"BOGATA",bogata@cjmures.ro,JUDETUL MURES,,Primarie
"BOGHICEA",boghiceap@yahoo.com,JUDETUL NEAMT,,Primarie
"BOLDESTI-SCAENI",boldestiscaieni@prefecturaprahova.ro,JUDETUL PRAHOVA,,Primarie
"BOTOSESTI-PAIA",botosesti_paia@cjdolj.ro,JUDETUL DOLJ,,Primarie
"BRABOVA",brabova@cjdolj.ro,JUDETUL DOLJ,,Primarie
"BRADESTI",bradesti@@cjdolj.ro,JUDETUL DOLJ,,Primarie
"BRADESTI",bradesti@astralnet.ro,JUDETUL HARGHITA,,Primarie
"BRAD",bradprim@yahoo.com,JUDETUL HUNEDOARA,,Primarie
"BRALOSTITA",bralostita@cjdolj.ro,JUDETUL DOLJ,,Primarie
"BRATOVOESTI",bratovoesti@cjdolj.ro,JUDETUL DOLJ,,Primarie
"BRAZII",braziiprimaria@yahoo.com,JUDETUL ARAD,,Primarie
"BRAZI",braziprimaria@yahoo.com,JUDETUL PRAHOVA,,Primarie
"BREASTA",breasta@cjdolj.ro,JUDETUL DOLJ,,Primarie
"BREAZA",breaza@cjmures.ro,JUDETUL MURES,,Primarie
"BREAZA",breaza@prefecturaprahova.ro,JUDETUL PRAHOVA,,Primarie
"BRETCU",bretcu@consloc.ro,JUDETUL COVASNA,,Primarie
"BRANCOVENESTI",brincovenesti@cjmures.ro,JUDETUL MURES,,Primarie
"MOVILA MIRESII",brmovilamiresii@yahoo.com,JUDETUL BRAILA,,Primarie
"BUCINISU",bucinisuprimaria@yahoo.com,JUDETUL OLT,,Primarie
"BUCOV",bucov@prefecturaprahova.ro,JUDETUL PRAHOVA,,Primarie
"BUCOVAT",bucovat@cjdolj.ro,JUDETUL DOLJ,,Primarie
"BUCSANI",bucsanigr@yahoo.com,JUDETUL GIURGIU,,Primarie
"BUDACU DE JOS",budacudejos@yahoo.com,JUDETUL BISTRITA-NASAUD,,Primarie
"BUJORU",bujoru@gmail.com,JUDETUL TELEORMAN,,Primarie
"BULZESTI",bulzesti@cjdolj.ro,JUDETUL DOLJ,,Primarie
"BUMBESTI-PITIC",bumbestip@yahoo.com,JUDETUL GORJ,,Primarie
"BURJUC",burjucprimaria@yahoo.com,JUDETUL HUNEDOARA,,Primarie
"ZAGRA",buscoiudumitru@yahoo.com,JUDETUL BISTRITA-NASAUD,,Primarie
"IANCA",c_ianca@yahoo.com,JUDETUL OLT,,Primarie
"Brașov",cabinet.prefect@prefecturabrasov.ro,Brașov,,Prefectura
"Covasna",cabinetulprefectului@prefecturacv.ro,Covasna,,Prefectura
"CALAFAT",calafat@cjdolj.ro,JUDETUL DOLJ,,Primarie
"CALARASI",calarasi@cjdolj.ro,JUDETUL DOLJ,,Primarie
"CALARASI",calarasi@municipiu.ro,JUDETUL CALARASI,,Primarie
"CALINESTI",calinesti@gmail.com,JUDETUL TELEORMAN,,Primarie
"CALOPAR",calopar@cjdolj.ro,JUDETUL DOLJ,,Primarie
"CALUGARENI",calugareni.primaria@yahoo.com,JUDETUL GIURGIU,,Primarie
"CAMPULUNG",campulung@muscel.ro,JUDETUL ARGES,,Primarie
"București",cancelarie.prefect.ipb@mai.gov.ro,București,,Prefectura
"Constanța",cancelarie@prefecturaconstanta.ro,Constanța,,Prefectura
"Hunedoara",cancelarie@prefecturahunedoara.ro,Hunedoara,,Prefectura
"Ialomița",cancelarie@prefecturaialomita.ro;,Ialomița,,Prefectura
"Ilfov",cancelarie@prefecturailfov.ro,Ilfov,,Prefectura
"CANDESTI",candesti_dambovita@yahoo.com,JUDETUL DAMBOVITA,,Primarie
"CARAULA",caraula@cjdolj.ro,JUDETUL DOLJ,,Primarie
"CARCEA",carcea@cjdolj.ro,JUDETUL DOLJ,,Primarie
"CARNA",carna-dunareni@cjdolj.ro,JUDETUL DOLJ,,Primarie
"CARPEN",carpen@cjdolj.ro,JUDETUL DOLJ,,Primarie
"CASIMCEA",casimceaprimaria@yahoo.com,JUDETUL TULCEA,,Primarie
"CASTELU",casteluprimariacomunei@yahoo.com,JUDETUL CONSTANTA,,Primarie
"CASTRANOVA",castranova@cjdolj.ro,JUDETUL DOLJ,,Primarie
"CATANE",catane@cjdolj.ro,JUDETUL DOLJ,,Primarie
"CELARU",celaru@cjdolj.ro,JUDETUL DOLJ,,Primarie
"CERASU",cerasu@prefecturaprahova.ro,JUDETUL PRAHOVA,,Primarie
"CERAT",cerat@cjdolj.ro,JUDETUL DOLJ,,Primarie
"CERMEI",cermei@xnet.ro,JUDETUL ARAD,,Primarie
"CERNATESTI",cernatesti@cjdolj.ro,JUDETUL DOLJ,,Primarie
"CERNESTI",cernestimm@comunacernesti.ro,JUDETUL MARAMURES,,Primarie
"CERTEZE",certezeprimaria@yahoo.com,JUDETUL SATU MARE,,Primarie
"CETATE",cetate@cjdolj.ro,JUDETUL DOLJ,,Primarie
"CEUASU DE CAMPIE",ceuasu@cjmures.ro,JUDETUL MURES,,Primarie
"CHETANI",chetani@cjmures.ro,JUDETUL MURES,,Primarie
"CHIBED",chibed@cjmures.ro,JUDETUL MURES,,Primarie
"ALBESTI",chicireanu_mioara@yahoo.com,JUDETUL VASLUI,,Primarie
"CHIHERU DE JOS",chiheru@cjmures.ro,JUDETUL MURES,,Primarie
"CHIOCHIS",chiochisprimarie@yahoo.com,JUDETUL BISTRITA-NASAUD,,Primarie
"CHIOJDEANCA",chiojdeanca@prefecturaprahova.ro,JUDETUL PRAHOVA,,Primarie
"DUMBRAVENI",chiritag@yahoo.com,JUDETUL VRANCEA,,Primarie
"CREVEDIA",ciocanisteanuelena@gmail.com,JUDETUL DAMBOVITA,,Primarie
"CIORANI",ciorani@prefecturaprahova.ro,JUDETUL PRAHOVA,,Primarie
"CIOROIASI",cioroiasi@cjdolj.ro,JUDETUL DOLJ,,Primarie
"CARJITI",cirjiti@personal.ro,JUDETUL HUNEDOARA,,Primarie
"CARLIGELE",cirligeleprimaria@yahoo.com,JUDETUL VRANCEA,,Primarie
"CIUCUROVA",ciucurova_tl@primariaonline.ro,JUDETUL TULCEA,,Primarie
"CIUMANI",ciumani@hr.astral.ro,JUDETUL HARGHITA,,Primarie
"CIUPERCENII NOI",ciupercenii_noi@cjdolj.ro,JUDETUL DOLJ,,Primarie
"Alba",cjalba@cjalba.ro,Alba,,Consiliu Judetean
"Bistrita Năsăud",cjbn@cjbn.ro,Bistrita Năsăud,,Consiliu Judetean
"Buzău",cjbuzau@cjbuzau.ro,Buzău,,Consiliu Judetean
"Cluj-Napoca",cjc@cjcluj.ro,Cluj-Napoca,,Consiliu Judetean
"Călărași",cjcalarasi@calarasi.ro,Călărași,,Consiliu Judetean
"Caraș-Severin",cjcs@cjcs.ro,Caraș-Severin,,Consiliu Judetean
"Giurgiu",cjg@cjgiurgiu.ro,Giurgiu,,Consiliu Judetean
"Hunedoara",cjh@cjhunedoara.ro,Hunedoara,,Consiliu Judetean
"Ialomița",cji@cicnet.ro,Ialomița,,Consiliu Judetean
"Ilfov",cjilfov@cjilfov.ro,Ilfov,,Consiliu Judetean
"Mureș",cjmures@cjmures.ro,Mureș,,Consiliu Judetean
"Olt",cjolt@cjolt.ro,Olt,,Consiliu Judetean
"Teleorman",cjt@cjteleorman.ro,Teleorman,,Consiliu Judetean
"Timiș",cjt@cjtimis.ro,Timiș,,Consiliu Judetean
"PARGARESTI",cl-pargaresti@yahoo.com,JUDETUL BACAU,,Primarie
"COMANDAU",cl_comandau@yahoo.com,JUDETUL COVASNA,,Primarie
"INDEPENDENTA",cl_independenta_gl@yahoo.com,JUDETUL GALATI,,Primarie
"OINACU",cl_oinacugr@yahoo.com,JUDETUL GIURGIU,,Primarie
"PATULELE",cl_patulele@yahoo.com,JUDETUL MEHEDINTI,,Primarie
"RACACIUNI",cl_racaciuni@yahoo.com,JUDETUL BACAU,,Primarie
"ROATA DE JOS",cl_roatadejos@yahoo.com,JUDETUL GIURGIU,,Primarie
"VEDEA",cl_vedea@yahoo.com,JUDETUL ARGES,,Primarie
"BALA",clbala@sejmh.ro,JUDETUL MEHEDINTI,,Primarie
"BALACITA",clbalacita@sejmh.ro,JUDETUL MEHEDINTI,,Primarie
"BALTA",clbalta@sejmh.ro,JUDETUL MEHEDINTI,,Primarie
"BALVANESTI",clbalvanesti@sejmh.ro,JUDETUL MEHEDINTI,,Primarie
"BARCANESTI",clbarcanesti@yahoo.com,JUDETUL IALOMITA,,Primarie
"BACLES",clbicles@sejmh.ro,JUDETUL MEHEDINTI,,Primarie
"BARGAUANI",clbirgauani@yahoo.com,JUDETUL NEAMT,,Primarie
"BOLINTIN-DEAL",clbolintindeal@yahoo.com,JUDETUL GIURGIU,,Primarie
"BRANISTEA",clbranistea@sejmh.ro,JUDETUL MEHEDINTI,,Primarie
"BREZNITA-OCOL",clbreznita@sejmh.ro,JUDETUL MEHEDINTI,,Primarie
"BREZNITA-MOTRU",clbreznitamotru@sejmh.ro,JUDETUL MEHEDINTI,,Primarie
"BROSTENI",clbrosteni@sejmh.ro,JUDETUL MEHEDINTI,,Primarie
"BULBUCATA",clbulbucatagr@yahoo.com,JUDETUL GIURGIU,,Primarie
"BURILA MARE",clburila@sejmh.ro,JUDETUL MEHEDINTI,,Primarie
"BUTOIESTI",clbutoiesti@sejmh.ro,JUDETUL MEHEDINTI,,Primarie
"CAZANESTI",clcazanesti@sejmh.ro,JUDETUL MEHEDINTI,,Primarie
"CIRESU",clciresu@sejmh.ro,JUDETUL MEHEDINTI,,Primarie
"CLEJA",clcleja101@yahoo.com,JUDETUL BACAU,,Primarie
"CLEJANI",clclejanigr@yahoo.com,JUDETUL GIURGIU,,Primarie
"COLIBASI",clcolibasi@yahoo.com,JUDETUL GIURGIU,,Primarie
"CORCOVA",clcorcova@sejmh.ro,JUDETUL MEHEDINTI,,Primarie
"CORLATEL",clcorlatel@sejmh.ro,JUDETUL MEHEDINTI,,Primarie
"CUJMIR",clcujmir@sejmh.ro,JUDETUL MEHEDINTI,,Primarie
"DEVESEL",cldevesel@sejmh.ro,JUDETUL MEHEDINTI,,Primarie
"DARVARI",cldirvari@sejmh.ro,JUDETUL MEHEDINTI,,Primarie
"DITRAU",clditrau@gmail.com,JUDETUL HARGHITA,,Primarie
"DUBOVA",cldubova@sejmh.ro,JUDETUL MEHEDINTI,,Primarie
"SAELELE",clement.2008@yahoo.com,JUDETUL TELEORMAN,,Primarie
"ESELNITA",cleselnita@sejmh.ro,JUDETUL MEHEDINTI,,Primarie
"FACAENI",clfacaeni@yahoo.com,JUDETUL IALOMITA,,Primarie
"FILIPESTI",clfilip_bacau@yahoo.com,JUDETUL BACAU,,Primarie
"FLORESTI",clfloresti@sejmh.ro,JUDETUL MEHEDINTI,,Primarie
"GAISENI",clgaiseni@yahoo.com,JUDETUL GIURGIU,,Primarie
"GALDA DE JOS",clgalda@yahoo.com,JUDETUL ALBA,,Primarie
"GARLA MARE",clgirlamare@sejmh.ro,JUDETUL MEHEDINTI,,Primarie
"GODEANU",clgodeanu@sejmh.ro,JUDETUL MEHEDINTI,,Primarie
"GOGOSU",clgogosu@sejmh.ro,JUDETUL MEHEDINTI,,Primarie
"GRECI",clgreci@sejmh.ro,JUDETUL MEHEDINTI,,Primarie
"GROZESTI",clgrozesti@sejmh.ro,JUDETUL MEHEDINTI,,Primarie
"GRUIA",clgruia@sejmh.ro,JUDETUL MEHEDINTI,,Primarie
"HINOVA",clhinova@sejmh.ro,JUDETUL MEHEDINTI,,Primarie
"HUSNICIOARA",clhusnicioara@sejmh.ro,JUDETUL MEHEDINTI,,Primarie
"ILOVAT",clilovat@sejmh.ro,JUDETUL MEHEDINTI,,Primarie
"ISVERNA",clisverna@sejmh.ro,JUDETUL MEHEDINTI,,Primarie
"IZVORU BARZII",clizvorul@sejmh.ro,JUDETUL MEHEDINTI,,Primarie
"JIANA",cljiana@sejmh.ro,JUDETUL MEHEDINTI,,Primarie
"LIVEZILE",cllivezile@sejmh.ro,JUDETUL MEHEDINTI,,Primarie
"MALOVAT",clmalovat@sejmh.ro,JUDETUL MEHEDINTI,,Primarie
"MALU",clmalugr@yahoo.com,JUDETUL GIURGIU,,Primarie
"MARPOD",clmarpod@yahoo.com,JUDETUL SIBIU,,Primarie
"MIHAI BRAVU",clmihaibravu@yahoo.com,JUDETUL GIURGIU,,Primarie
"VISANI",clmvisani@yahoo.com,JUDETUL BRAILA,,Primarie
"OBARSIA DE CAMP",clobarsia@sejmh.ro,JUDETUL MEHEDINTI,,Primarie
"OPRISOR",cloprisor@sejmh.ro,JUDETUL MEHEDINTI,,Primarie
"PADINA",clpadina@sejmh.ro,JUDETUL MEHEDINTI,,Primarie
"PARSCOVENI",clpirscoveni@yahoo.com,JUDETUL OLT,,Primarie
"PODENI",clpodeni@sejmh.ro,JUDETUL MEHEDINTI,,Primarie
"POROINA MARE",clporoina@sejmh.ro,JUDETUL MEHEDINTI,,Primarie
"PRISTOL",clpristol@sejmh.ro,JUDETUL MEHEDINTI,,Primarie
"PUNGHINA",clpunghina@sejmh.ro,JUDETUL MEHEDINTI,,Primarie
"ROGOVA",clrogova@sejmh.ro,JUDETUL MEHEDINTI,,Primarie
"ROMANESTI",clromanestibt@yahoo.com,JUDETUL BOTOSANI,,Primarie
"SUPUR",cls-supur@clicknet.ro,JUDETUL SATU MARE,,Primarie
"SCHITU",clschitugr@yahoo.com,JUDETUL GIURGIU,,Primarie
"DOBARLAU",clsdobirlau@yahoo.com,JUDETUL COVASNA,,Primarie
"SECUIENI",clsecuieni@hrline.ro,JUDETUL HARGHITA,,Primarie
"SIMIAN",clsimian@sejmh.ro,JUDETUL MEHEDINTI,,Primarie
"SIMONESTI",clsimonesti@netter.ro,JUDETUL HARGHITA,,Primarie
"SOVARNA",clsovarna@sejmh.ro,JUDETUL MEHEDINTI,,Primarie
"STANGACEAUA",clstangaceaua@sejmh.ro,JUDETUL MEHEDINTI,,Primarie
"TANSA",cltansa@yahoo.com,JUDETUL IASI,,Primarie
"TAMNA",cltimna@sejmh.ro,JUDETUL MEHEDINTI,,Primarie
"TODIRENI",cltodireni@gmail.com,JUDETUL BOTOSANI,,Primarie
"VANJULET",clvanjulet@sejmh.ro,JUDETUL MEHEDINTI,,Primarie
"VEDEA",clvedeagr@yahoo.com,JUDETUL GIURGIU,,Primarie
"VANATORI",clvinatori@sejmh.ro,JUDETUL MEHEDINTI,,Primarie
"VLADAIA",clvladaia@sejmh.ro,JUDETUL MEHEDINTI,,Primarie
"VRATA",clvrata@sejmh.ro,JUDETUL MEHEDINTI,,Primarie
"MILCOV",cmilcov@yahoo.com,JUDETUL OLT,,Primarie
"COBIA",cobiadambovita@yahoo.com,JUDETUL DAMBOVITA,,Primarie
"COCORASTII COLT",cocorastiicolt@prefecturaprahova.ro,JUDETUL PRAHOVA,,Primarie
"RUNCU",cojocaruaur@yahoo.com,JUDETUL DAMBOVITA,,Primarie
"LOPATARI",com_lopatari@yahoo.com,JUDETUL BUZAU,,Primarie
"SARULESTI",com_sarulesti@yahoo.com,JUDETUL BUZAU,,Primarie
"COMANA",comanaprimaria@yahoo.com,JUDETUL GIURGIU,,Primarie
"COMANESTI",comanestiprimaria@yahoo.com,JUDETUL SUCEAVA,,Primarie
"COMARNA",comarnaiasi@yahoo.com,JUDETUL IASI,,Primarie
"COMARNIC",comarnic@prefecturaprahova.ro,JUDETUL PRAHOVA,,Primarie
"BICAZU ARDELEAN",comlocba@hotmail.com,JUDETUL NEAMT,,Primarie
"PALTINIS",compalprim@yahoo.com,JUDETUL BOTOSANI,,Primarie
"FANTANELE",comuna.fantanele@yahoo.com,JUDETUL TELEORMAN,,Primarie
"BIXAD",comunabixad@yahoo.com,JUDETUL COVASNA,,Primarie
"BOTIZA",comunabotiza@yahoo.com,JUDETUL MARAMURES,,Primarie
"CAIANU MIC",comunacaianumic@yahoo.com,JUDETUL BISTRITA-NASAUD,,Primarie
"CERNAT",comunacernat@yahoo.com,JUDETUL COVASNA,,Primarie
"COLONESTI",comunacolonesti@yahoo.com,JUDETUL BACAU,,Primarie
"COZMESTI",comunacozmesti@yahoo.com,JUDETUL IASI,,Primarie
"GHIDFALAU",comunaghidfalau@yahoo.com,JUDETUL COVASNA,,Primarie
"HARSENI",comunaharseni@yahoo.com,JUDETUL BRASOV,,Primarie
"MACIUCA",comunamaciuca@yahoo.com,JUDETUL VALCEA,,Primarie
"ONCESTI",comunaoncesti@yahoo.com,JUDETUL BACAU,,Primarie
"RUSANESTI",comunarusanesti@yahoo.com,JUDETUL OLT,,Primarie
"SURDILA-GRECI",comunasurdilagreci@yahoo.com,JUDETUL BRAILA,,Primarie
"TRAIAN",comunatraian@yahoo.com,JUDETUL BACAU,,Primarie
"TRAIAN VUIA",comunatraianvuia@yahoo.com,JUDETUL TIMIS,,Primarie
"ULIES",comunaulies@yahoo.com,JUDETUL HARGHITA,,Primarie
"URZICENI",comunaurziceni@yahoo.com,JUDETUL SATU MARE,,Primarie
"PLOIESTI",comunicare@ploiesti.ro,JUDETUL PRAHOVA,,Primarie
"OITUZ",con_oituz@compnet.ro,JUDETUL BACAU,,Primarie
"Galați",conducere@cjgalati.ro,Galați,,Consiliu Judetean
"CONOP",conop_ar@primariaonline.ro,JUDETUL ARAD,,Primarie
"Neamț",cons.judetean@cjneamt.ro,Neamț,,Consiliu Judetean
"LELICENI",cons.leliceni@freemail.hu,JUDETUL HARGHITA,,Primarie
"PADURENI",cons.local_padureni@yahoo.com,JUDETUL VASLUI,,Primarie
"Prahova",cons_jud@cjph.ro,Prahova,,Consiliu Judetean
"COTOFANESTI",cons_loc_cotofanesti@yahoo.com,JUDETUL BACAU,,Primarie
"CETATENI",conscetateni@gmail.com,JUDETUL ARGES,,Primarie
"DARJIU",consdarj@kabelkon.ro,JUDETUL HARGHITA,,Primarie
"GALAUTAS",consgalautas@clicknet.ro,JUDETUL HARGHITA,,Primarie
"Botoșani",consiliu@cjbotosani.ro,Botoșani,,Consiliu Judetean
"Brăila",consiliu@cjbraila.ro,Brăila,,Consiliu Judetean
"Vâlcea",consiliu@cjvalcea.ro,Vâlcea,,Consiliu Judetean
"Vaslui",consiliu@cjvs.eu,Vaslui,,Consiliu Judetean
"Arad",consiliul@cjarad.ro,Arad,,Consiliu Judetean
"BRAESTI",consiliul_braesti@yahoo.com,JUDETUL BOTOSANI,,Primarie
"DOROBANTU",consiliul_dorobantu@yahoo.com,JUDETUL TULCEA,,Primarie
"IZVOARELE",consiliul_local_izvoarele@yahoo.com,JUDETUL OLT,,Primarie
"IBANESTI",consiliulibanesti@yahoo.com,JUDETUL BOTOSANI,,Primarie
"LIVEZI",consiliullivezi@yahoo.com,JUDETUL BACAU,,Primarie
"LEHLIU GARA",consiliullocal@yahoo.com,JUDETUL CALARASI,,Primarie
"ORBENI",consiliullocal_orbeni@yahoo.com,JUDETUL BACAU,,Primarie
"ULMENI",consiliullocal_ulmeni@yahoo.com,JUDETUL MARAMURES,,Primarie
"VALEA SEACA",consiliullocal_valeaseaca@yahoo.com,JUDETUL BACAU,,Primarie
"AMARA",consiliullocalamara@yahoo.com,JUDETUL IALOMITA,,Primarie
"BANEASA",consiliullocalbaneasa@yahoo.com,JUDETUL GALATI,,Primarie
"NEGRESTI",consiliullocalnegresti@gmail.com,JUDETUL VASLUI,,Primarie
"ROSIORI",consiliullocalrosiori@yahoo.com,JUDETUL IALOMITA,,Primarie
"VOINESTI",consiliullocalvoinesti@yahoo.com,JUDETUL DAMBOVITA,,Primarie
"ZEMES",consiliullocalzemes@yahoo.com,JUDETUL BACAU,,Primarie
"MOINESTI",consiliulocal@moinesti.ro,JUDETUL BACAU,,Primarie
"RAUSENI",consiliulrauseni1@yahoo.com,JUDETUL BOTOSANI,,Primarie
"SONA",consiliulsona@yahoo.com,JUDETUL ALBA,,Primarie
"Dâmbovița",consjdb@cjd.ro,Dâmbovița,,Consiliu Judetean
"Constanța",consjud@cjc.ro,Constanța,,Consiliu Judetean
"Gorj",consjud@cjgorj.ro,Gorj,,Consiliu Judetean
"ILOVITA",conslocalilovita@artelecom.net,JUDETUL MEHEDINTI,,Primarie
"FELICENI",conslocfeliceni@gmail.com,JUDETUL HARGHITA,,Primarie
"PASTRAVENI",conslocpastraveni@yahoo.com,JUDETUL NEAMT,,Primarie
"PORUMBENI",consporumbeni@freemail.hu,JUDETUL HARGHITA,,Primarie
"VARFURILE",consvarfurile@clicknet.ro,JUDETUL ARAD,,Primarie
"UNGURENI",contabil.ungureni@clbc.ro,JUDETUL BACAU,,Primarie
"BARSANA",contabilitate.birsana@gmail.com,JUDETUL MARAMURES,,Primarie
"Dolj",contact@cjdolj.ro,Dolj,,Consiliu Judetean
"Suceava",contact@cjsuceava.ro,Suceava,,Consiliu Judetean
"Vrancea",contact@cjvrancea.ro,Vrancea,,Consiliu Judetean
"DASCALU",contact@comunadascalu.ro,JUDETUL ILFOV,,Primarie
"FOIENI",contact@consiliullocalfoieni.ro,JUDETUL SATU MARE,,Primarie
"FRUMUSENI",contact@frumuseni.ro,JUDETUL ARAD,,Primarie
"MERA",contact@mera.primarievn.ro,JUDETUL VRANCEA,,Primarie
"POIENILE DE SUB MUNTE",contact@poieni.ro,JUDETUL MARAMURES,,Primarie
"Iași",contact@prefecturaiasi.ro,Iași,,Prefectura
"Satu Mare",contact@prefecturasatumare.ro,Satu Mare,,Prefectura
"Timiș",contact@prefecturatimis.ro,Timiș,,Prefectura
"BABADAG",contact@primaria-babadag.ro,JUDETUL TULCEA,,Primarie
"LUMINA",contact@primaria-lumina.ro,JUDETUL CONSTANTA,,Primarie
"NICOLAE BALCESCU",contact@primaria-nicolae-balcescu.ro,JUDETUL BACAU,,Primarie
"TUNARI",contact@primaria-tunari.ro,JUDETUL ILFOV,,Primarie
"BILIESTI",contact@primariabiliesti.ro,JUDETUL VRANCEA,,Primarie
"BARNOVA",contact@primariabirnova.ro,JUDETUL IASI,,Primarie
"CAMPURI",contact@primariacimpuri.ro,JUDETUL VRANCEA,,Primarie
"CIOROGARLA",contact@primariaciorogarla.ro,JUDETUL ILFOV,,Primarie
"COGEALAC",contact@primariacogealac.ro,JUDETUL CONSTANTA,,Primarie
"CONTESTI",contact@primariacontesti.ro,JUDETUL DAMBOVITA,,Primarie
"EPURENI",contact@primariaepureni.ro,JUDETUL VASLUI,,Primarie
"FETESTI",contact@primariafetesti.ro,JUDETUL IALOMITA,,Primarie
"HEMEIUS",contact@primariahemeius.ro,JUDETUL BACAU,,Primarie
"LELESE",contact@primarialelese.ro,JUDETUL HUNEDOARA,,Primarie
"LUGOJ",contact@primarialugoj.ro,JUDETUL TIMIS,,Primarie
" MORENI",contact@primariamoreni.ro,JUDETUL DAMBOVITA,,Primarie
"PASCANI",contact@primariapascani.ro,JUDETUL IASI,,Primarie
"RUPEA",contact@primariarupea.ro,JUDETUL BRASOV,,Primarie
"TODIRESTI",contact@primariatodiresti.ro,JUDETUL IASI,,Primarie
"RAFAILA",contact@rafaila.ro,JUDETUL VASLUI,,Primarie
"VALEA SEACA",contact@valeaseaca.ro,JUDETUL IASI,,Primarie
"MIROSLOVESTI",contactprimariamiroslovesti@yahoo.com,JUDETUL IASI,,Primarie
"BACAU",contactprimarie@primariabacau.ro,JUDETUL BACAU,,Primarie
"COPALNIC-MANASTUR",copalnicmanastur@yahoo.com,JUDETUL MARAMURES,,Primarie
"ORASU NOU",corasunou@yahoo.com,JUDETUL SATU MARE,,Primarie
"CORBASCA",corbasca@judetbacau.ro,JUDETUL BACAU,,Primarie
"CORNATELU",cornateluprimaria@yahoo.com,JUDETUL DAMBOVITA,,Primarie
"CORNESTI",cornesti@cjd.ro,JUDETUL DAMBOVITA,,Primarie
"COROISANMARTIN",coroisinmartin@cjmures.ro,JUDETUL MURES,,Primarie
"CORUNCA",corunca@cjmures.ro,JUDETUL MURES,,Primarie
"COSOVENI",cosoveni@cjdolj.ro,JUDETUL DOLJ,,Primarie
"COSTULENI",costulenisecretar@yahoo.com,JUDETUL IASI,,Primarie
"COSULA",cosulap@yahoo.com,JUDETUL BOTOSANI,,Primarie
"COTOFENII DIN DOS",cotofenii_din_dos@cjdolj.ro,JUDETUL DOLJ,,Primarie
"COTOFENII DIN FATA",cotofenii_din_fata@cjdolj.ro,JUDETUL DOLJ,,Primarie
"COZMA",cozma@cjmures.ro,JUDETUL MURES,,Primarie
"PIETROASA",cpietroasa@yahoo.com,JUDETUL TIMIS,,Primarie
"CRACIUNESTI",craciunesti@cjmures.ro,JUDETUL MURES,,Primarie
"CRAIESTI",craiesti@cjmures.ro,JUDETUL MURES,,Primarie
"CRANGURILE",crangurile@cjd.ro,JUDETUL DAMBOVITA,,Primarie
"CRICAU",cricauprimaria@yahoo.com,JUDETUL ALBA,,Primarie
"TAGA",crinamoga@yahoo.com,JUDETUL CLUJ,,Primarie
"CRISTESTI",cristesti@cjmures.ro,JUDETUL MURES,,Primarie
"CIOHORANI",cristianalbu_2007@yahoo.com,JUDETUL IASI,,Primarie
"CRIZBAV",crizbav@judbrasov.ro,JUDETUL BRASOV,,Primarie
"MADARAS",csikmadaras@gmail.com,JUDETUL HARGHITA,,Primarie
"CUCERDEA",cucerdea@cjmures.ro,JUDETUL MURES,,Primarie
"CUCI",cuci@cjmures.ro,JUDETUL MURES,,Primarie
"CUZDRIOARA",cuzdrioaraadm@yahoo.com,JUDETUL CLUJ,,Primarie
"CRAIOVA",cv22primaria@cjdolj.ro,JUDETUL DOLJ,,Primarie
"COSTESTII DIN VALE",d.primariacostestivale@yahoo.com,JUDETUL DAMBOVITA,,Primarie
"DABULENI",dabuleni@cjdolj.ro,JUDETUL DOLJ,,Primarie
"DAESTI",daesti@onix.ro,JUDETUL VALCEA,,Primarie
"DAIA ROMANA",daiaprimaria@yahoo.com,JUDETUL ALBA,,Primarie
"DANES",danes@cjmures.ro,JUDETUL MURES,,Primarie
"DANETI",daneti@cjdolj.ro,JUDETUL DOLJ,,Primarie
"DEDA",deda@cjmures.ro,JUDETUL MURES,,Primarie
"DESA",desa@cjdolj.ro,JUDETUL DOLJ,,Primarie
"DICULESTI",diculestiprimarie@yahoo.com,JUDETUL VALCEA,,Primarie
"DIOSTI",diosti@cjdolj.ro,JUDETUL DOLJ,,Primarie
"Tulcea",directorcabinet@prefecturatulcea.ro,Tulcea,,Prefectura
"DOBRESTI",dobresti@cjdolj.ro,JUDETUL DOLJ,,Primarie
"DOBROTESTI",dobrotesti@cjdolj.ro,JUDETUL DOLJ,,Primarie
"DOICESTI",doicesti@cjd.ro,JUDETUL DAMBOVITA,,Primarie
"BAIA MARE",doriana.nica@baiamarecity.ro,JUDETUL MARAMURES,,Primarie
"DRAGOESTI",dragoesti@yahoo.com,JUDETUL IALOMITA,,Primarie
"DRAGOMIRESTI",dragomiresti.neamt@yahoo.com,JUDETUL NEAMT,,Primarie
"DRAGOS VODA",dragosvoda@dtc.ro,JUDETUL CALARASI,,Primarie
"DRAGOTESTI",dragotesti@cjdolj.ro,JUDETUL DOLJ,,Primarie
"DRAGUSENI",draguseni_primaria@yahoo.com,JUDETUL BOTOSANI,,Primarie
"DRAJNA",drajna@prefecturaprahova.ro,JUDETUL PRAHOVA,,Primarie
"DRANIC",dranic@cjdolj.ro,JUDETUL DOLJ,,Primarie
"GAL",drumuliancului@gmail.com,,,GAL
"DUDESTI",dudestibraila@yahoo.com,JUDETUL BRAILA,,Primarie
"DUMBRAVESTI",dumbravesti@yahoo.com,JUDETUL PRAHOVA,,Primarie
"DUMESTI",dumestivs.primarie@yahoo.co.uk,JUDETUL VASLUI,,Primarie
"MOARA VLASIEI",dumitru_eugenia66@yahoo.com,JUDETUL ILFOV,,Primarie
"Botoșani",email@prefecturabotosani.ro,Botoșani,,Prefectura
"EFTIMIE MURGU",emurguprimar@yahoo.com,JUDETUL CARAS-SEVERIN,,Primarie
"ERBICENI",erbiceniprimaria@yahoo.com,JUDETUL IASI,,Primarie
"EREMITU",eremitu@cjmures.ro,JUDETUL MURES,,Primarie
"ERNEI",ernei@cjmures.ro,JUDETUL MURES,,Primarie
"ESTELNIC",esztelnek@consloc.ro,JUDETUL COVASNA,,Primarie
"FARAGAU",faragau@cjmures.ro,JUDETUL MURES,,Primarie
"FARAOANI",faraoani@judetbacau.ro,JUDETUL BACAU,,Primarie
"FARCAS",farcas@cjdolj.ro,JUDETUL DOLJ,,Primarie
"FIENI",fieni.primaria@gmail.com,JUDETUL DAMBOVITA,,Primarie
"FILIASI",filiasi@cjdolj.ro,JUDETUL DOLJ,,Primarie
"FANTANELE",fintinele@cjmures.ro,JUDETUL MURES,,Primarie
"APAHIDA",fionel_apahida@yahoo.com,JUDETUL CLUJ,,Primarie
"FLORESTI",floresti_primaria@yahoo.com,JUDETUL PRAHOVA,,Primarie
"FRANCESTI",francestiprimaria@yahoo.com,JUDETUL VALCEA,,Primarie
"FRATA",frata_primarie@yahoo.com,JUDETUL CLUJ,,Primarie
"FRUMOASA",frumoasahr@yahoo.com,JUDETUL HARGHITA,,Primarie
"FRUMOSU",frumosuprimaria@yahoo.com,JUDETUL SUCEAVA,,Primarie
"FULGA",fulga@prefecturaprahova.ro,JUDETUL PRAHOVA,,Primarie
"VULTURU",gabrielababalic@yahoo.com,JUDETUL CONSTANTA,,Primarie
"GAICEANA",gaiceana@yahoo.com,JUDETUL BACAU,,Primarie
"GAL",gal.horezu@gmail.com,,,GAL
"GAL",galcetateatamasidava@gmail.com,,,GAL
"GAL",galcodrumoma@gmail.com,,,GAL
"GAL",galconfluentemoldave@gmail.com,,,GAL
"GALESTI",galesti@cjmures.ro,JUDETUL MURES,,Primarie
"GALICEA MARE",galicea_mare@cjdolj.ro,JUDETUL DOLJ,,Primarie
"GALICIUICA",galiciuica@cjdolj.ro,JUDETUL DOLJ,,Primarie
"GAL",galluncamuresuluidejos@yahoo.ro,,,GAL
"GAL",galmunteleses@yahoo.com,,,GAL
"GAL",galvaleatrotusuluibacau@gmail.com,,,GAL
"GANEASA",ganeasa@yahoo.com,JUDETUL OLT,,Primarie
"GANESTI",ganesti@cjmures.ro,JUDETUL MURES,,Primarie
"GINGIOVA",gangiova@cjdolj.ro,JUDETUL DOLJ,,Primarie
"GHELINTA",gelence_tanacs@yahoo.com,JUDETUL COVASNA,,Primarie
"SANMARTIN",gergelyaniko@citromail.hu,JUDETUL HARGHITA,,Primarie
"GHEORGHE DOJA",ghdoja@cjmures.ro,JUDETUL MURES,,Primarie
"GHERCESTI",ghercesti@cjdolj.ro,JUDETUL DOLJ,,Primarie
"GHIDICI",ghidici@cjdolj.ro,JUDETUL DOLJ,,Primarie
"MEHADICA",ghimboasa@yahoo.com,JUDETUL CARAS-SEVERIN,,Primarie
"GHINDARESTI",ghindaresti_pri@yahoo.com,JUDETUL CONSTANTA,,Primarie
"GHINDARI",ghindari@cjmures.ro,JUDETUL MURES,,Primarie
"GHINDENI",ghindeni@cjdolj.ro,JUDETUL DOLJ,,Primarie
"Iași",ghiseu.unic@icc.ro,Iași,,Consiliu Judetean
"GIULESTI",ghvraja@gmail.com,JUDETUL MARAMURES,,Primarie
"GIGHERA",gighera@cjdolj.ro,JUDETUL DOLJ,,Primarie
"VINTILEASCA",ginabacioiu@yahoo.com,JUDETUL VRANCEA,,Primarie
"GIUBEGA",giubega@cjdolj.ro,JUDETUL DOLJ,,Primarie
"GIURGITA",giurgita@cjdolj.ro,JUDETUL DOLJ,,Primarie
"GLODENI",glodeni@cjmures.ro,JUDETUL MURES,,Primarie
"GLOGOVA",glogovaprimaria@yahoo.com,JUDETUL GORJ,,Primarie
"OBARSIA-CLOSANI",gmotea@yahoo.com,JUDETUL MEHEDINTI,,Primarie
"GOGOSU",gogosu@cjdolj.ro,JUDETUL DOLJ,,Primarie
"GOICEA",goicea@cjdolj.ro,JUDETUL DOLJ,,Primarie
"GOIESTI",goiesti@cjdolj.ro,JUDETUL DOLJ,,Primarie
"GORNESTI",gornesti@cjmures.ro,JUDETUL MURES,,Primarie
"GORNET",gornet@prefecturaprahova.ro,JUDETUL PRAHOVA,,Primarie
"GURA PADINII",gprimarie@yahoo.com,JUDETUL OLT,,Primarie
"GRADINILE",gradinileprimaria@yahoo.com,JUDETUL OLT,,Primarie
"GRADISTEA",gradistea2007@yahoo.com,JUDETUL ILFOV,,Primarie
"GRAMESTI",gramesti_info@yahoo.com,JUDETUL SUCEAVA,,Primarie
"GRATIA",gratiaprim@yahoo.com,JUDETUL TELEORMAN,,Primarie
"GREBENISU DE CAMPIE",grebenisu@cjmures.ro,JUDETUL MURES,,Primarie
"GRECESTI",grecesti@cjdolj.ro,JUDETUL DOLJ,,Primarie
"GURA RAULUI",gudac_durla@yahoo.fr,JUDETUL SIBIU,,Primarie
"BALOTESTI",gulie.mariana@yahoo.com,JUDETUL ILFOV,,Primarie
"GURA VITIOAREI",guravitioarei@prefecturaprahova.ro,JUDETUL PRAHOVA,,Primarie
"GURGHIU",gurghiu@cjmures.ro,JUDETUL MURES,,Primarie
"HARMAN",harman@brasovia.ro,JUDETUL BRASOV,,Primarie
"HAVARNA",havarnabotosani@yahoo.com,JUDETUL BOTOSANI,,Primarie
"HARTIESTI",hepenetgabi@yahoo.com,JUDETUL ARGES,,Primarie
"CICEU",hivatal@csikcsicso.ro,JUDETUL HARGHITA,,Primarie
"HOCENI",hoceniprimaria@yahoo.com,JUDETUL VASLUI,,Primarie
"HODAC",hodac@cjmures.ro,JUDETUL MURES,,Primarie
"HODOSA",hodosa@cjmures.ro,JUDETUL MURES,,Primarie
"HORIA",horiaprimaria@yahoo.com,JUDETUL TULCEA,,Primarie
"HORODNIC DE SUS",horodnicdesus@yahoo.com,JUDETUL SUCEAVA,,Primarie
"IACOBENI",iacobeniprimaria@yahoo.com,JUDETUL SIBIU,,Primarie
"IBANESTI",ibanesti@cjmures.ro,JUDETUL MURES,,Primarie
"ICLANZEL",iclanzel@cjmures.ro,JUDETUL MURES,,Primarie
"IDECIU DE JOS",ideciu@cjmures.ro,JUDETUL MURES,,Primarie
"IERNUT",iernut@cjmures.ro,JUDETUL MURES,,Primarie
"ILIENI",ilieni@cosys.ro,JUDETUL COVASNA,,Primarie
"TALMACIU",iliesoima@gmail.com,JUDETUL SIBIU,,Primarie
"Harghita",info@judetulharghita.ro,Harghita,,Consiliu Judetean
"NEGRENI",info@primarianegreni.ro,JUDETUL CLUJ,,Primarie
"PUCIOASA",info@primpuc.ro,JUDETUL DAMBOVITA,,Primarie
"SIMAND",info@simand.org,JUDETUL ARAD,,Primarie
"SANGEORZ-BAI",info@singeorz-bai.ro,JUDETUL BISTRITA-NASAUD,,Primarie
"PIATRA NEAMT",infopn@primariapn.ro,JUDETUL NEAMT,,Primarie
"Bistrita Năsăud",inform_publice@prefecturabn.ro,Bistrita Năsăud,,Prefectura
"BARLAD",informatica@primariabarlad.ro,JUDETUL VASLUI,,Primarie
"IASI",informatii@primaria-iasi.ro,JUDETUL IASI,,Primarie
"SIRET",informatii@siretromania.ro,JUDETUL SUCEAVA,,Primarie
"Brăila",informatiipublice@prefecturabraila.ro,Brăila,,Prefectura
"Sibiu",institutiaprefectului@prefecturasibiu.ro,Sibiu,,Prefectura
"MICA",integrare_mica@yahoo.com,JUDETUL CLUJ,,Primarie
"INTORSURA",intorsura@cjdolj.ro,JUDETUL DOLJ,,Primarie
"Argeș",ionelvoica@yahoo.com,Argeș,,Consiliu Judetean
"IPATELE",ipateleprimaria@yahoo.com,JUDETUL IASI,,Primarie
"ISALNITA",isalnita@cjdolj.ro,JUDETUL DOLJ,,Primarie
"SUSENI",iulica.din@suseni.cjarges.ro,JUDETUL ARGES,,Primarie
"IVANESTI",ivanesti_vs@yahoo.com,JUDETUL VASLUI,,Primarie
"IZVOARE",izvoare@cjdolj.ro,JUDETUL DOLJ,,Primarie
"IZVOARELE",izvoarele@prefecturaprahova.ro,JUDETUL PRAHOVA,,Primarie
"IZVORU CRISULUI",izvorucrisului@hotmail.com,JUDETUL CLUJ,,Primarie
"MERENI",jancso2002@yahoo.com,JUDETUL COVASNA,,Primarie
"JILAVELE",jilavele@yahoo.com,JUDETUL IALOMITA,,Primarie
"Sibiu",judet@cjsibiu.ro,Sibiu,,Consiliu Judetean
"JUGURENI",jugureni@europrahova.ro,JUDETUL PRAHOVA,,Primarie
"HAGHIG",juridic@primariahaghig.ro,JUDETUL COVASNA,,Primarie
"POGONESTI",juris_best@yahoo.com,JUDETUL VASLUI,,Primarie
"BAILE TUSNAD",klarabodo@yahoo.com,JUDETUL HARGHITA,,Primarie
"LUNCA BRADULUI",lb@cjmures.ro,JUDETUL MURES,,Primarie
"LEHLIU",lehliusat@yahoo.com,JUDETUL CALARASI,,Primarie
"LENAUHEIM",lenauheim@mail.dnttm.ro,JUDETUL TIMIS,,Primarie
"LETCA NOUA",letcanouaprimaria@yahoo.com,JUDETUL GIURGIU,,Primarie
"LEU",leu@cjdolj.ro,JUDETUL DOLJ,,Primarie
"PECICA",lex.pecica@upcmail.ro,JUDETUL ARAD,,Primarie
"LIPANESTI",lipanesti@prefecturaprahova.ro,JUDETUL PRAHOVA,,Primarie
"LIPOVU",lipovu@cjdolj.ro,JUDETUL DOLJ,,Primarie
"LISA",lissa_tr@yahoo.com,JUDETUL TELEORMAN,,Primarie
"PURANI",litageta@yahoo.com,JUDETUL TELEORMAN,,Primarie
"LITENI",litenisv@rdslink.ro,JUDETUL SUCEAVA,,Primarie
"LIVEZENI",livezeni@cjmures.ro,JUDETUL MURES,,Primarie
"LUETA",loveteiph@yahoo.com,JUDETUL HARGHITA,,Primarie
"LUDUS",ludus@cjmures.ro,JUDETUL MURES,,Primarie
"LUNCA",lunca@cjmures.ro,JUDETUL MURES,,Primarie
"LUNCA CERNII DE JOS",lunca_cernii@rds.ro,JUDETUL HUNEDOARA,,Primarie
"LUNGULETU",lunguletu_primaria@yahoo.com,JUDETUL DAMBOVITA,,Primarie
"LUPAC",lupacprimarie@personal.ro,JUDETUL CARAS-SEVERIN,,Primarie
"LUPENI",luprim@electronnet.ro,JUDETUL HARGHITA,,Primarie
"MACESU DE JOS",macesu_de_jos@cjdolj.ro,JUDETUL DOLJ,,Primarie
"MACESU DE SUS",macesu_de_sus@cjdolj.ro,JUDETUL DOLJ,,Primarie
"MADARAS",madaras@cjmures.ro,JUDETUL MURES,,Primarie
"MAGHERANI",magherani@cjmures.ro,JUDETUL MURES,,Primarie
"MAGLAVIT",maglavit@cjdolj.ro,JUDETUL DOLJ,,Primarie
"MAGURA",maguraprimarie@yahoo.com,JUDETUL BUZAU,,Primarie
"MAGURELE",magurele@prefecturaprahova.ro,JUDETUL PRAHOVA,,Primarie
"MAGURENI",magureni@prefecturaprahova.ro,JUDETUL PRAHOVA,,Primarie
"GALATI",mail@primaria.galati.ro,JUDETUL GALATI,,Primarie
"MOACSA",makpolghiv@hotmail.com,JUDETUL COVASNA,,Primarie
"MALNAS",malnas2004@yahoo.com,JUDETUL COVASNA,,Primarie
"MALU MARE",malu_mare@cjdolj.ro,JUDETUL DOLJ,,Primarie
"MANASTIREA HUMORULUI",manastirea_humorului@yahoo.com,JUDETUL SUCEAVA,,Primarie
"MANASTIREA",manastirea_primaria@yahoo.com,JUDETUL CALARASI,,Primarie
"MANASTIREA CASIN",manastireacasin@tim.ro,JUDETUL BACAU,,Primarie
"MANECIU",maneciu@prefecturaprahova.ro,JUDETUL PRAHOVA,,Primarie
"MARGINEA",margineaprimaria@yahoo.com,JUDETUL SUCEAVA,,Primarie
"ARINIS",mariana.pacurar@yahoo.com,JUDETUL MARAMURES,,Primarie
"SERCAIA",mariana.spiridon@primariasercaia.ro,JUDETUL BRASOV,,Primarie
"ALIMPESTI",mariananegreanu@gmail.com,JUDETUL GORJ,,Primarie
"MARISELU",mariselu@gmail.com,JUDETUL BISTRITA-NASAUD,,Primarie
"MARISEL",mariselului@yahoo.com,JUDETUL CLUJ,,Primarie
"FALTICENI",massmedia@falticeni.ro,JUDETUL SUCEAVA,,Primarie
"MASTACANI",mastacaniprimarie@yahoo.com,JUDETUL GALATI,,Primarie
"MATASARI",matasariprimaria@yahoo.com,JUDETUL GORJ,,Primarie
"TURCENI",mciobanu75@yahoo.com,JUDETUL GORJ,,Primarie
"MELINESTI",melinesti@cjdolj.ro,JUDETUL DOLJ,,Primarie
"MESESENII DE JOS",meseseni@gmail.com,JUDETUL SALAJ,,Primarie
"MICA",mica@cjmures.ro,JUDETUL MURES,,Primarie
"ALBENI",mica_liliana@yahoo.com,JUDETUL GORJ,,Primarie
"MICESTII DE CAMPIE",micestiidecampie@yahoo.com,JUDETUL BISTRITA-NASAUD,,Primarie
"MIHALASENI",mihalaseniprimaria@yahoo.com,JUDETUL BOTOSANI,,Primarie
"MIHESU DE CAMPIE",mihesu@cjmures.ro,JUDETUL MURES,,Primarie
"MARSANI",mirsani@cjdolj.ro,JUDETUL DOLJ,,Primarie
"MISCHII",mischii@cjdolj.ro,JUDETUL DOLJ,,Primarie
"MITOC",mitoboto@yahoo.com,JUDETUL BOTOSANI,,Primarie
"MIZIL",mizil@prefecturaprahova.ro,JUDETUL PRAHOVA,,Primarie
"MIERCUREA NIRAJULUI",mniraj@cjmures.ro,JUDETUL MURES,,Primarie
"MOGOSESTI-SIRET",mogosesti_siret@yahoo.com,JUDETUL IASI,,Primarie
"MOGOSESTI",mogosestiprimaria@yahoo.com,JUDETUL IASI,,Primarie
"MOISEI",moiseiprimaria@yahoo.com,JUDETUL MARAMURES,,Primarie
"MOSTENI",mosteni_tr@yahoo.com,JUDETUL TELEORMAN,,Primarie
"MOTATEI",motatei@cjdolj.ro,JUDETUL DOLJ,,Primarie
"MOVILENI",movileni_iasi@yahoo.com,JUDETUL IASI,,Primarie
"MURGASI",murgasi@cjdolj.ro,JUDETUL DOLJ,,Primarie
"MUSATESTI",musatesti_primarie@yahoo.com,JUDETUL ARGES,,Primarie
"MUSENITA",musenita_primarie@yahoo.com,JUDETUL SUCEAVA,,Primarie
"NADES",nades@cjmures.ro,JUDETUL MURES,,Primarie
"NADRAG",nadrag@primarianadrag.ro,JUDETUL TIMIS,,Primarie
"NEAUA",neaua@cjmures.ro,JUDETUL MURES,,Primarie
"NEGOI",negoi@cjdolj.ro,JUDETUL DOLJ,,Primarie
"NICOLAE BALCESCU",nic_balcescu@yahoo.com,JUDETUL VALCEA,,Primarie
"ADANCATA",nicolaemarian.tatu@yahoo.com,JUDETUL IALOMITA,,Primarie
"VALEA LUNGA",niconic65@yahoo.com,JUDETUL DAMBOVITA,,Primarie
"NUCET",nucet@cjd.ro,JUDETUL DAMBOVITA,,Primarie
"OBREJA",obrejaprimarie@gmail.com,JUDETUL CARAS-SEVERIN,,Primarie
"OCNELE MARI",oc_mari@onix.ro,JUDETUL VALCEA,,Primarie
"ODOBESTI",odobesti_bc@yahoo.com,JUDETUL BACAU,,Primarie
"AIUD",office@aiud.ro,JUDETUL ALBA,,Primarie
"ALBA IULIA",office@apulum.ro,JUDETUL ALBA,,Primarie
"Salaj",office@cjsaj.ro,Salaj,,Consiliu Judetean
"Satu Mare",office@cjsm.ro,Satu Mare,,Consiliu Judetean
"Tulcea",office@cjtulcea.ro,Tulcea,,Consiliu Judetean
"CRAIDOROLT",office@craidorolt.ro,JUDETUL SATU MARE,,Primarie
"DANESTI",office@danfalva.ro,JUDETUL HARGHITA,,Primarie
"GAL",office@g10.ro,,,GAL
"REMETEA",office@gyergyoremete.ro,JUDETUL HARGHITA,,Primarie
"CRISTURU SECUIESC",office@keresztur.ro,JUDETUL HARGHITA,,Primarie
"Covasna",office@kvmt.ro,Covasna,,Consiliu Judetean
"Maramureș",office@maramures.ro,Maramureș,,Consiliu Judetean
"MOGOSOAIA",office@mogosoaia.ro,JUDETUL ILFOV,,Primarie
"MUNTENII DE JOS",office@munteniidejos.ro,JUDETUL VASLUI,,Primarie
"BALAN",office@orasulbalan.ro,JUDETUL HARGHITA,,Primarie
"PANGARATI",office@pangarati.ro,JUDETUL NEAMT,,Primarie
"Teleorman",office@prefectura-teleorman.ro,Teleorman,,Prefectura
"Dolj",office@prefecturadolj.ro,Dolj,,Prefectura
"Harghita",office@prefecturahr.ro,Harghita,,Prefectura
"Neamț",office@prefecturaneamt.ro,Neamț,,Prefectura
"SANANDREI",office@primaria-sinandrei.ro,JUDETUL TIMIS,,Primarie
"CARACAL",office@primariacaracal.ro,JUDETUL OLT,,Primarie
"TARGU CARBUNESTI",office@primariacarbunesti.ro,JUDETUL GORJ,,Primarie
"CORDUN",office@primariacordun.ro,JUDETUL NEAMT,,Primarie
"FARCASA",office@primariafarcasa.ro,JUDETUL NEAMT,,Primarie
"JUCU",office@primariajucu.ro,JUDETUL CLUJ,,Primarie
"LUNCA",office@primarialunca.ro,JUDETUL BOTOSANI,,Primarie
"NEGRESTI",office@primarianegresti.ro,JUDETUL NEAMT,,Primarie
"NUFARU",office@primarianufaru.ro,JUDETUL TULCEA,,Primarie
"ROVINARI",office@primariarovinari.ro,JUDETUL GORJ,,Primarie
"STEFANESTII DE JOS",office@primariastefanesti.ro,JUDETUL ILFOV,,Primarie
"TASNAD",office@primariatasnad.ro,JUDETUL SATU MARE,,Primarie
"VLAHITA",office@primariavlahita.ro,JUDETUL HARGHITA,,Primarie
"ZAGON",office@primariazagon.ro,JUDETUL COVASNA,,Primarie
"PERIAM",office@primatimperiam.ro,JUDETUL TIMIS,,Primarie
"ROMOS",office@romos.ro,JUDETUL HUNEDOARA,,Primarie
"SLOBOZIA",office@sloboziail.ro,JUDETUL IALOMITA,,Primarie
"TOPLET",office@toplet.info,JUDETUL CARAS-SEVERIN,,Primarie
"TURCINESTI",office@turcinesti.ro,JUDETUL GORJ,,Primarie
"ODORHEIU SECUIESC",office@varoshaza.ro,JUDETUL HARGHITA,,Primarie
"FUNDU MOLDOVEI",office_fm@yahoo.com,JUDETUL SUCEAVA,,Primarie
"BRAN",officeprimariabran@yahoo.com,JUDETUL BRASOV,,Primarie
"OGRA",ogra@cjmures.ro,JUDETUL MURES,,Primarie
"ORAVITA",oravitaprimarie@gmail.com,JUDETUL CARAS-SEVERIN,,Primarie
"ORODEL",orodel@cjdolj.ro,JUDETUL DOLJ,,Primarie
"OSTROVENI",ostroveni@cjdolj.ro,JUDETUL DOLJ,,Primarie
"DUDESTII VECHI",p.dudestiiv@yahoo.com,JUDETUL TIMIS,,Primarie
"BOZOVICI",p_bozovici@yahoo.com,JUDETUL CARAS-SEVERIN,,Primarie
"CIOCANESTI",p_ciocanesti@yahoo.com,JUDETUL SUCEAVA,,Primarie
"DRAGOMIRESTI",p_dragomiresti@yahoo.com,JUDETUL DAMBOVITA,,Primarie
"GROZESTI",p_grozesti@yahoo.com,JUDETUL IASI,,Primarie
"POPLACA",p_poplaca@yahoo.com,JUDETUL SIBIU,,Primarie
"SAPANTA",p_sapanta@yahoo.com,JUDETUL MARAMURES,,Primarie
"STELNICA",p_stelnica@yahoo.com,JUDETUL IALOMITA,,Primarie
"ADANCATA",padancata@yahoo.com,JUDETUL SUCEAVA,,Primarie
"PANET",panet@cjmures.ro,JUDETUL MURES,,Primarie
"PANTELIMON",pantelimon.primaria@yahoo.com,JUDETUL CONSTANTA,,Primarie
"SALCIA",pantelimongelu@yahoo.com,JUDETUL MEHEDINTI,,Primarie
"PANTICEU",panticeuadm@yahoo.com,JUDETUL CLUJ,,Primarie
"PAPIU ILARIAN",papiu@cjmures.ro,JUDETUL MURES,,Primarie
"BATA",papucb.contabil@gmail.com,JUDETUL ARAD,,Primarie
"PASARENI",pasareni@cjmures.ro,JUDETUL MURES,,Primarie
"PAULENI-CIUC",pauleniciuc@yahoo.com,JUDETUL HARGHITA,,Primarie
"PAULESTI",paulesti@prefecturaprahova.ro,JUDETUL PRAHOVA,,Primarie
"BANIA",pavel.ban@cs.ro,JUDETUL CARAS-SEVERIN,,Primarie
"PRUNDU BARGAULUI",pbp@primariaprundub.ro,JUDETUL BISTRITA-NASAUD,,Primarie
"BUNESTI",pbunesti_sv@yahoo.com,JUDETUL SUCEAVA,,Primarie
"BUTURUGENI",pbuturugeni@yahoo.com,JUDETUL GIURGIU,,Primarie
"CAPUSU MARE",pcapusu@yahoo.com,JUDETUL CLUJ,,Primarie
"BRANCOVENI",pcb@primariabrancoveni.ro,JUDETUL OLT,,Primarie
"CIUPERCENI",pcciuperceni@yahoo.com,JUDETUL GORJ,,Primarie
"CIUCSANGEORGIU",pciucsangeorgiu@freemail.hu,JUDETUL HARGHITA,,Primarie
"NEGRILESTI",pcn_bn@yahoo.com,JUDETUL BISTRITA-NASAUD,,Primarie
"DANICEI",pdanicei@yahoo.com,JUDETUL VALCEA,,Primarie
"DOFTEANA",pdofteana@yahoo.com,JUDETUL BACAU,,Primarie
"DRAGALINA",pdragalina@gmail.com,JUDETUL CALARASI,,Primarie
"DRAGANESTI",pdraganesti@yahoo.com,JUDETUL GALATI,,Primarie
"PERICEI",periceisj@gmail.com,JUDETUL SALAJ,,Primarie
"PERISOR",perisor@cjdolj.ro,JUDETUL DOLJ,,Primarie
"PESTISU MIC",pestisumic@yahoo.com,JUDETUL HUNEDOARA,,Primarie
"PETELEA",petelea@cjmures.ro,JUDETUL MURES,,Primarie
"STOENESTI",petresterpu@yahoo.com,JUDETUL GIURGIU,,Primarie
"GEORGE ENESCU",pge_bt@yahoo.com,JUDETUL BOTOSANI,,Primarie
"GRADISTEA",pgradistea@yahoo.com,JUDETUL BRAILA,,Primarie
"GROPENI",pgropeni@kvs.ro,JUDETUL BRAILA,,Primarie
"DEALU",pho@oroszhegy.ro,JUDETUL HARGHITA,,Primarie
"SACUIEU",pi.secretarsacuieu@yahoo.com,JUDETUL CLUJ,,Primarie
"INTORSURA BUZAULUI",pib@intorsurabuzaului.ro,JUDETUL COVASNA,,Primarie
"PIELESTI",pielesti@cjdolj.ro,JUDETUL DOLJ,,Primarie
"PIETRARI",pietraridambovita@yahoo.com,JUDETUL DAMBOVITA,,Primarie
"PIETROSITA",pietrosita@gmail.com,JUDETUL DAMBOVITA,,Primarie
"PARSCOV",pirscov@gmail.com,JUDETUL BUZAU,,Primarie
"PARTESTII DE JOS",pirtestii@yahoo.com,JUDETUL SUCEAVA,,Primarie
"PISCU VECHI",piscu_vechi@cjdolj.ro,JUDETUL DOLJ,,Primarie
"Arad",pja@prefecturaarad.ro,Arad,,Prefectura
"OJDULA",pjudit65@yahoo.com,JUDETUL COVASNA,,Primarie
"LADESTI",pladesti@yahoo.com,JUDETUL VALCEA,,Primarie
"PLATARESTI",platarestiprimaria@yahoo.com,JUDETUL CALARASI,,Primarie
"PLENITA",plenita@cjdolj.ro,JUDETUL DOLJ,,Primarie
"ARICESTII RAHTIVANI",pleseagabriela@yahoo.com,JUDETUL PRAHOVA,,Primarie
"PLESOI",plesoi@cjdolj.ro,JUDETUL DOLJ,,Primarie
"FAGET",plfaget@online.ro,JUDETUL TIMIS,,Primarie
"PLOPENI",plopeni@prefecturaprahova.ro,JUDETUL PRAHOVA,,Primarie
"ARAD",pma@primariaarad.ro,JUDETUL ARAD,,Primarie
"BRAILA",pmb@primariabr.ro,JUDETUL BRAILA,,Primarie
"MICASASA",pmicasasa@yahoo.com,JUDETUL SIBIU,,Primarie
"MIHALT",pmihalt@yahoo.com,JUDETUL ALBA,,Primarie
"MOLDOVENESTI",pmoldovenesti@yahoo.com,JUDETUL CLUJ,,Primarie
"SLATINA",pms_it@primariaslatina.ro,JUDETUL OLT,,Primarie
"VASLUI",pmv@primariavaslui.ro,JUDETUL VASLUI,,Primarie
"NENCIULESTI",pnenciulesti@yahoo.com,JUDETUL TELEORMAN,,Primarie
"POCHIDIA",pochidia@yahoo.com,JUDETUL VASLUI,,Primarie
"PODARI",podari@cjdolj.ro,JUDETUL DOLJ,,Primarie
"PODU ILOAIEI",podu_iloaiei@yahoo.com,JUDETUL IASI,,Primarie
"POGACEAUA",pogaceaua@cjmures.ro,JUDETUL MURES,,Primarie
"POIAN",poian@cosys.ro,JUDETUL COVASNA,,Primarie
"POIANA MARE",poiana_mare@cjdolj.ro,JUDETUL DOLJ,,Primarie
"POIANA STAMPEI",poiana_stampei@yahoo.com,JUDETUL SUCEAVA,,Primarie
"POIANA CRISTEI",poianacristeiprimaria@yahoo.com,JUDETUL VRANCEA,,Primarie
"POIANA",poianaprimaria@yahoo.co.uk,JUDETUL GALATI,,Primarie
"POIENARII BURCHII",poienariiburchi@prefecturaprahova.ro,JUDETUL PRAHOVA,,Primarie
"POIENI-SOLCA",poienisolca@yahoo.com,JUDETUL SUCEAVA,,Primarie
"POJORATA",pojoritta@yahoo.com,JUDETUL SUCEAVA,,Primarie
"NASAUD",pon@primarianasaud.ro,JUDETUL BISTRITA-NASAUD,,Primarie
"SANTIMBRU",popasantimbru@yahoo.com,JUDETUL ALBA,,Primarie
"PETRU RARES",popdumitru1949@gmail.com,JUDETUL BISTRITA-NASAUD,,Primarie
"SASCA MONTANA",popliceanion@yahoo.com,JUDETUL CARAS-SEVERIN,,Primarie
"ROSIORI DE VEDE",postmaster@primariarosioriidevede.ro,JUDETUL TELEORMAN,,Primarie
"OTESANI",pr.otesani@yahoo.com,JUDETUL VALCEA,,Primarie
"DRAGODANA",pr_dragodana@yahoo.com,JUDETUL DAMBOVITA,,Primarie
"MURGESTI",pr_murgesti@artelecom.net,JUDETUL BUZAU,,Primarie
"PRIGOR",pr_prigor@yahoo.com,JUDETUL CARAS-SEVERIN,,Primarie
"RUGINESTI",pr_ruginesti@yahoo.com,JUDETUL VRANCEA,,Primarie
"SURA MICA",pr_suramica@yahoo.com,JUDETUL SIBIU,,Primarie
"ZLATNA",pr_zlatna@primariazlatna.ro,JUDETUL ALBA,,Primarie
"RADASENI",pradaseni@yahoo.com,JUDETUL SUCEAVA,,Primarie
"Prahova",prahova.gov@rdsmail.ro,Prahova,,Prefectura
"RASCAETI",prascaeti@yahoo.com,JUDETUL DAMBOVITA,,Primarie
"PREDESTI",predesti@cjdolj.ro,JUDETUL DOLJ,,Primarie
"Caraș-Severin",prefect@prefcs.ro,Caraș-Severin,,Prefectura
"Buzău",prefect@prefecturabuzau.ro,Buzău,,Prefectura
"Galați",prefect@prefecturagalati.ro,Galați,,Prefectura
"Gorj",prefect@prefecturagorj.ro,Gorj,,Prefectura
"Maramureș",prefect@prefecturamaramureş.ro,Maramureș,,Prefectura
"Mehedinți",prefect@prefecturamehedinti.ro,Mehedinți,,Prefectura
"Mureș",prefect@prefecturamures.ro,Mureș,,Prefectura
"Vâlcea",prefect@prefecturavalcea.ro,Vâlcea,,Prefectura
"Alba",prefectura@prefecturaalba.ro,Alba,,Prefectura
"Călărași",prefectura@prefecturacalarasi.ro,Călărași,,Prefectura
"Cluj-Napoca",prefectura@prefecturacluj.ro,Cluj-Napoca,,Prefectura
"Olt",prefectura@prefecturaolt.ro,Olt,,Prefectura
"Vaslui",prefectura@prefecturavaslui.ro,Vaslui,,Prefectura
"Vrancea",prefectura@prefecturavrancea.ro,Vrancea,,Prefectura
"Suceava",prefsv@prefecturasuceava.ro,Suceava,,Prefectura
"Bacău",presedinte@csjbacau.ro,Bacău,,Consiliu Judetean
"FILIPENI",prfilipeni@yahoo.com,JUDETUL BACAU,,Primarie
"BAITA",prim.baita@yahoo.com,JUDETUL HUNEDOARA,,Primarie
"BLAJENI",prim.blajeni_secretar@yahoo.com,JUDETUL HUNEDOARA,,Primarie
"CRISCIOR",prim.criscior@yahoo.com,JUDETUL HUNEDOARA,,Primarie
"CRISTIAN",prim.cristian@yahoo.com,JUDETUL SIBIU,,Primarie
"DOBRESTI",prim.dobresti@yahoo.com,JUDETUL BIHOR,,Primarie
"DRAGOTESTI",prim.dragotesti@yahoo.com,JUDETUL GORJ,,Primarie
"PRIPONESTI",prim.pripgl@artelecom.net,JUDETUL GALATI,,Primarie
"SIMERIA",prim.simeria@smart.ro,JUDETUL HUNEDOARA,,Primarie
"TOMESTI",prim.tomesti@comser.ro,JUDETUL HUNEDOARA,,Primarie
"PIETROSANI",prim1pietr@yahoo.com,JUDETUL ARGES,,Primarie
"SALCIA",prim2008salcia@yahoo.com,JUDETUL TELEORMAN,,Primarie
"ARMASESTI",prim_armasesti@yahoo.com,JUDETUL IALOMITA,,Primarie
"CHIRNOGI",prim_chirnogi@yahoo.com,JUDETUL CALARASI,,Primarie
"CRACIUNELU DE JOS",prim_craciuneludejos@yahoo.com,JUDETUL ALBA,,Primarie
"HARSESTI",prim_hirsesti@yahoo.com,JUDETUL ARGES,,Primarie
"IORDACHEANU",prim_iordacheanu@yahoo.com,JUDETUL PRAHOVA,,Primarie
"PARDINA",prim_pardina@zappmobile.ro,JUDETUL TULCEA,,Primarie
"POPESTI",prim_popesti@yahoo.com,JUDETUL VRANCEA,,Primarie
"REVIGA",prim_reviga@yahoo.com,JUDETUL IALOMITA,,Primarie
"RUGINOASA",prim_ruginoasa@yahoo.com,JUDETUL NEAMT,,Primarie
"SAGEATA",prim_sageata@yahoo.com,JUDETUL BUZAU,,Primarie
"SANMIHAIU DE CIMPIE",prim_sinmihaiu@personal.ro,JUDETUL BISTRITA-NASAUD,,Primarie
"SISTAROVAT",prim_sistarovat@yahoo.com,JUDETUL ARAD,,Primarie
"SMARDIOASA",prim_smardioasa@yahoo.com,JUDETUL TELEORMAN,,Primarie
"VINTILA VODA",prim_vintila_voda@yahoo.com,JUDETUL BUZAU,,Primarie
"BUSTENI",primabus@yahoo.com,JUDETUL PRAHOVA,,Primarie
"DANESTI",primar.danesti.vaslui@gmail.com,JUDETUL VASLUI,,Primarie
"CATCAU",primar68@yahoo.com,JUDETUL CLUJ,,Primarie
"ANINA",primar@anina.ro,JUDETUL CARAS-SEVERIN,,Primarie
"BRETEA ROMANA",primar@bretea-romana.ro,JUDETUL HUNEDOARA,,Primarie
"BUCERDEA GRANOASA",primar@bucerdea_granoasa.ro,JUDETUL ALBA,,Primarie
"CEANU MARE",primar@ceanu-mare.ro,JUDETUL CLUJ,,Primarie
"DOBROSLOVENI",primar@dobrosloveni.ro,JUDETUL OLT,,Primarie
"FITIONESTI",primar@fitionesti.ro,JUDETUL VRANCEA,,Primarie
"HUNEDOARA",primar@mail.primariahd.ro,JUDETUL HUNEDOARA,,Primarie
"NITCHIDORF",primar@nitchidorf.ro,JUDETUL TIMIS,,Primarie
"POPESTI LEORDENI",primar@ppl.ro,JUDETUL ILFOV,,Primarie
"COMANA",primar@primaria-comana.ro,JUDETUL CONSTANTA,,Primarie
"DENTA",primar@primaria-denta.ro,JUDETUL TIMIS,,Primarie
"GIURGIU",primar@primaria-giurgiu.ro,JUDETUL GIURGIU,,Primarie
"LISA",primar@primaria-lisa.ro,JUDETUL BRASOV,,Primarie
"MIRCEA VODA",primar@primaria-mirceavoda.ro,JUDETUL CONSTANTA,,Primarie
"PREDEAL",primar@primaria-predeal.ro,JUDETUL BRASOV,,Primarie
"BOBALNA",primar@primariabobilna.ro,JUDETUL CLUJ,,Primarie
"BUCHIN",primar@primariabuchin.ro,JUDETUL CARAS-SEVERIN,,Primarie
"BUCOSNITA",primar@primariabucosnita.ro,JUDETUL CARAS-SEVERIN,,Primarie
"BULZESTII DE SUS",primar@primariabulzesti.ro,JUDETUL HUNEDOARA,,Primarie
"CALARASI",primar@primariacalarasibt.ro,JUDETUL BOTOSANI,,Primarie
"CALATELE",primar@primariacalatele.ro,JUDETUL CLUJ,,Primarie
"CHITILA",primar@primariachitila.ro,JUDETUL ILFOV,,Primarie
"COJASCA",primar@primariacojasca.ro,JUDETUL DAMBOVITA,,Primarie
"LUNCA MURESULUI",primar@primariacomuneiluncamuresului.ro,JUDETUL ALBA,,Primarie
"CORONINI",primar@primariacoronini.ro,JUDETUL CARAS-SEVERIN,,Primarie
"DESESTI",primar@primariadesesti.ro,JUDETUL MARAMURES,,Primarie
"DEVA",primar@primariadeva.ro,JUDETUL HUNEDOARA,,Primarie
"DOROLT",primar@primariadorolt.ro,JUDETUL SATU MARE,,Primarie
"GEACA",primar@primariageaca.ro,JUDETUL CLUJ,,Primarie
"GHERTA MICA",primar@primariaghertamica.ro,JUDETUL SATU MARE,,Primarie
"GRADISTEA",primar@primariagradistea.ro,JUDETUL CALARASI,,Primarie
"GRAJDURI",primar@primariagrajduri.ro,JUDETUL IASI,,Primarie
"HUEDIN",primar@primariahuedin.ro,JUDETUL CLUJ,,Primarie
"HUREZANI",primar@primariahurezani.ro,JUDETUL GORJ,,Primarie
"HUSI",primar@primariahusi.ro,JUDETUL VASLUI,,Primarie
"LAPUGIU DE JOS",primar@primarialapugiudejos.ro,JUDETUL HUNEDOARA,,Primarie
"MEHADIA",primar@primariamehadia.ro,JUDETUL CARAS-SEVERIN,,Primarie
"MOCIU",primar@primariamociu.ro,JUDETUL CLUJ,,Primarie
"MOIECIU",primar@primariamoieciu.ro,JUDETUL BRASOV,,Primarie
"OCNA MURES",primar@primariaocnamures.ro,JUDETUL ALBA,,Primarie
"OSICA DE SUS",primar@primariaosicadesus.ro,JUDETUL OLT,,Primarie
"RESITA",primar@primariaresita.ro,JUDETUL CARAS-SEVERIN,,Primarie
"ROSCANI",primar@primariaroscani.ro,JUDETUL IASI,,Primarie
"SCANTEIA",primar@primariascinteia.ro,JUDETUL IASI,,Primarie
"SINGURENI",primar@primariasingurenigr.ro,JUDETUL GIURGIU,,Primarie
"SANPAUL",primar@primariasinpaul.ro,JUDETUL CLUJ,,Primarie
"TARNOVA",primar@primariatirnovacs.ro,JUDETUL CARAS-SEVERIN,,Primarie
"TOMNATIC",primar@primariatomnatic.ro,JUDETUL TIMIS,,Primarie
"RIBITA",primar@ribita.ro,JUDETUL HUNEDOARA,,Primarie
"RUSCOVA",primar@ruscova.ro,JUDETUL MARAMURES,,Primarie
"SCARISOARA",primar@scarisoara.ro,JUDETUL ALBA,,Primarie
"SIHLEA",primar@sihlea.primarievrancea.ro,JUDETUL VRANCEA,,Primarie
"VALEA DANULUI",primar@valeadanului.cjarges.ro,JUDETUL ARGES,,Primarie
"VARTESCOIU",primar@virtescoiu.ro,JUDETUL VRANCEA,,Primarie
"FLORESTI",primar@yahoo.com,JUDETUL CLUJ,,Primarie
"BISTRA",primar_bistra@yahoo.com,JUDETUL ALBA,,Primarie
"GHERLA",primar_gherla@yahoo.com,JUDETUL CLUJ,,Primarie
"LUNGESTI",primar_lungesti@yahoo.com,JUDETUL VALCEA,,Primarie
"VIPERESTI",primar_viperesti@yahoo.com,JUDETUL BUZAU,,Primarie
"BUDESTI",primarbudesti@clicknet.ro,JUDETUL VALCEA,,Primarie
"CASEIU",primarcaseiu@yahoo.com,JUDETUL CLUJ,,Primarie
"CERVENIA",primarcervenia@yahoo.com,JUDETUL TELEORMAN,,Primarie
"IEUD",primardavid@yahoo.com,JUDETUL MARAMURES,,Primarie
"HARAU",primarharau@yahoo.com,JUDETUL HUNEDOARA,,Primarie
"CAVADINESTI",primaria-cavadinesti@hotmail.com,JUDETUL GALATI,,Primarie
"SIRETEL",primaria-siretel@siretel.ro,JUDETUL IASI,,Primarie
"VOLUNTARI",primaria-voluntari@primaria-voluntari.ro,JUDETUL ILFOV,,Primarie
"ABRAM",primaria.abram@cjbihor.ro,JUDETUL BIHOR,,Primarie
"ABRAMUT",primaria.abramut@cjbihor.ro,JUDETUL BIHOR,,Primarie
"ALBESTI",primaria.albesti@yahoo.com,JUDETUL BOTOSANI,,Primarie
"ALESD",primaria.alesd@cjbihor.ro,JUDETUL BIHOR,,Primarie
"ALTINA",primaria.altana@yahoo.com,JUDETUL SIBIU,,Primarie
"ANDRASESTI",primaria.andrasesti.il@gmail.com,JUDETUL IALOMITA,,Primarie
"APA",primaria.apa@gmail.com,JUDETUL SATU MARE,,Primarie
"ARDUD",primaria.ardud@yahoo.com,JUDETUL SATU MARE,,Primarie
"AREFU",primaria.arefu@yahoo.com,JUDETUL ARGES,,Primarie
"ARSURA",primaria.arsura@yahoo.com,JUDETUL VASLUI,,Primarie
"ASTILEU",primaria.astileu@cjbihor.ro,JUDETUL BIHOR,,Primarie
"ASUAJU DE SUS",primaria.asuaj@yahoo.com,JUDETUL MARAMURES,,Primarie
"AUSEU",primaria.auseu@cjbihor.ro,JUDETUL BIHOR,,Primarie
"AVRAM IANCU",primaria.avramiancu@cjbihor.ro,JUDETUL BIHOR,,Primarie
"BABENI",primaria.babeni@yahoo.com,JUDETUL SALAJ,,Primarie
"BACESTI",primaria.bacesti@yahoo.com,JUDETUL VASLUI,,Primarie
"BAIA DE CRIS",primaria.baia@clicknet.ro,JUDETUL HUNEDOARA,,Primarie
"BALC",primaria.balc@cjbihor.ro,JUDETUL BIHOR,,Primarie
"BALDOVINESTI",primaria.baldovinesti@gmail.com,JUDETUL OLT,,Primarie
"BALSA",primaria.balsa@yahoo.com,JUDETUL HUNEDOARA,,Primarie
"BARA",primaria.bara@yahoo.com,JUDETUL TIMIS,,Primarie
"BARCANI",primaria.barcani@yahoo.com,JUDETUL COVASNA,,Primarie
"BARNA",primaria.barna@cjtimis.ro,JUDETUL TIMIS,,Primarie
"BAUTAR",primaria.bautar@googlemail.com,JUDETUL CARAS-SEVERIN,,Primarie
"BEIUS",primaria.beius@cjbihor.ro,JUDETUL BIHOR,,Primarie
"BELTIUG",primaria.beltiug@yahoo.com,JUDETUL SATU MARE,,Primarie
"BERZOVIA",primaria.berzovia@yahoo.com,JUDETUL CARAS-SEVERIN,,Primarie
"BESTEPE",primaria.bestepe@yahoo.com,JUDETUL TULCEA,,Primarie
"BILCIURESTI",primaria.bilciuresti@gmail.com,JUDETUL DAMBOVITA,,Primarie
"BIRDA",primaria.birda@cjtimis.ro,JUDETUL TIMIS,,Primarie
"BARZA",primaria.birza@yahoo.com,JUDETUL OLT,,Primarie
"BOIANU MARE",primaria.boianumare@cjbihor.ro,JUDETUL BIHOR,,Primarie
"BOLDU",primaria.boldu@clicknet.ro,JUDETUL BUZAU,,Primarie
"BOLVASNITA",primaria.bolvasnita@gmail.com,JUDETUL CARAS-SEVERIN,,Primarie
"BORDEI VERDE",primaria.bordeiverde@yahoo.com,JUDETUL BRAILA,,Primarie
"BORS",primaria.bors@cjbihor.ro,JUDETUL BIHOR,,Primarie
"BOTOROAGA",primaria.botoroaga@yahoo.com,JUDETUL TELEORMAN,,Primarie
"BRANESTI",primaria.branesti@yahoo.com,JUDETUL DAMBOVITA,,Primarie
"BRANISTEA",primaria.branistea@yahoo.com,JUDETUL DAMBOVITA,,Primarie
"BRATCA",primaria.bratca@cjbihor.ro,JUDETUL BIHOR,,Primarie
"BRANCENI",primaria.brinceni@yahoo.com,JUDETUL TELEORMAN,,Primarie
"BRUSTURI",primaria.brusturi@cjbihor.ro,JUDETUL BIHOR,,Primarie
"BUCECEA",primaria.bucecea@yahoo.com,JUDETUL BOTOSANI,,Primarie
"BUCIUM",primaria.bucium@yahoo.com,JUDETUL ALBA,,Primarie
"BUCIUMI",primaria.buciumi@samtv.ro,JUDETUL SALAJ,,Primarie
"BUCOVAT",primaria.bucovat.tm@gmail.com,JUDETUL TIMIS,,Primarie
"BUCSANI",primaria.bucsani@gmail.com,JUDETUL DAMBOVITA,,Primarie
"BUDUREASA",primaria.budureasa@cjbihor.ro,JUDETUL BIHOR,,Primarie
"BUDUSLAU",primaria.buduslau@cjbihor.ro,JUDETUL BIHOR,,Primarie
"BULZ",primaria.bulz@cjbihor.ro,JUDETUL BIHOR,,Primarie
"BUNTESTI",primaria.buntesti@cjbihor.ro,JUDETUL BIHOR,,Primarie
"BUZESCU",primaria.buzescu@gmail.com,JUDETUL TELEORMAN,,Primarie
"CABESTI",primaria.cabesti@cjbihor.ro,JUDETUL BIHOR,,Primarie
"CALUGARENI",primaria.calugareni@yahoo.com,JUDETUL PRAHOVA,,Primarie
"CALVINI",primaria.calvini@yahoo.com,JUDETUL BUZAU,,Primarie
"CAMPINEANCA",primaria.campineanca@yahoo.com,JUDETUL VRANCEA,,Primarie
"CAPALNA",primaria.capilna@cjbihor.ro,JUDETUL BIHOR,,Primarie
"CARANSEBES",primaria.caransebes@gmail.com,JUDETUL CARAS-SEVERIN,,Primarie
"CARASOVA",primaria.carasova@yahoo.com,JUDETUL CARAS-SEVERIN,,Primarie
"CARPINET",primaria.carpinet@cjbihor.ro,JUDETUL BIHOR,,Primarie
"CARTA",primaria.carta@gmail.com,JUDETUL SIBIU,,Primarie
"CATINA",primaria.catina@yahoo.com,JUDETUL BUZAU,,Primarie
"CEFA",primaria.cefa@cjbihor.ro,JUDETUL BIHOR,,Primarie
"CEHAL",primaria.cehal@yahoo.com,JUDETUL SATU MARE,,Primarie
"CEICA",primaria.ceica@cjbihor.ro,JUDETUL BIHOR,,Primarie
"CENEI",primaria.cenei@cjtimis.ro,JUDETUL TIMIS,,Primarie
"CETARIU",primaria.cetariu@cjbihor.ro,JUDETUL BIHOR,,Primarie
"CHECEA",primaria.checea@cjtimis.ro,JUDETUL TIMIS,,Primarie
"CHERECHIU",primaria.cherechiu@cjbihor.ro,JUDETUL BIHOR,,Primarie
"CHEVERESU MARE",primaria.cheveresumare@yahoo.com,JUDETUL TIMIS,,Primarie
"CHISLAZ",primaria.chislaz@cjbihor.ro,JUDETUL BIHOR,,Primarie
"CIOLPANI",primaria.ciolpani@gmail.com,JUDETUL ILFOV,,Primarie
"CIORTESTI",primaria.ciortesti@yahoo.com,JUDETUL IASI,,Primarie
"CIUHOI",primaria.ciuhoi@cjbihor.ro,JUDETUL BIHOR,,Primarie
"COCIUBA MARE",primaria.cociubamare@cjbihor.ro,JUDETUL BIHOR,,Primarie
"COLCEAG",primaria.colceag@yahoo.com,JUDETUL PRAHOVA,,Primarie
"COLONESTI",primaria.colonesti@yahoo.com,JUDETUL OLT,,Primarie
"COPACEL",primaria.copacel@cjbihor.ro,JUDETUL BIHOR,,Primarie
"CORNEREVA",primaria.cornereva@yahoo.com,JUDETUL CARAS-SEVERIN,,Primarie
"COSAMBESTI",primaria.cosimbesti@yahoo.com,JUDETUL IALOMITA,,Primarie
"COSMESTI",primaria.cosmesti@gmail.com,JUDETUL GALATI,,Primarie
"COSTEIU",primaria.costeiu@yahoo.com,JUDETUL TIMIS,,Primarie
"CRICIOVA",primaria.criciova@cjtimis.ro,JUDETUL TIMIS,,Primarie
"CRANGENI",primaria.cringeni@yahoo.com,JUDETUL TELEORMAN,,Primarie
"CRISENI",primaria.criseni@gmail.com,JUDETUL SALAJ,,Primarie
"CRISTESTI",primaria.cristesti.iasi@gmail.com,JUDETUL IASI,,Primarie
"CULCIU",primaria.culciu@yahoo.com,JUDETUL SATU MARE,,Primarie
"CURATELE",primaria.curatele@cjbihor.ro,JUDETUL BIHOR,,Primarie
"CURTESTI",primaria.curtesti@yahoo.com,JUDETUL BOTOSANI,,Primarie
"CURTUISENI",primaria.curtuiseni@cjbihor.ro,JUDETUL BIHOR,,Primarie
"DAMIENESTI",primaria.damienesti@yahoo.com,JUDETUL BACAU,,Primarie
"DARLOS",primaria.darlos@sibiu.stslink.ro,JUDETUL SIBIU,,Primarie
"DARMANESTI",primaria.darmanesti@yahoo.com,JUDETUL DAMBOVITA,,Primarie
"DIOSIG",primaria.diosig@cjbihor.ro,JUDETUL BIHOR,,Primarie
"DOBROTEASA",primaria.dobroteasa@gmail.com,JUDETUL OLT,,Primarie
"DOROBANTI",primaria.dorobanti@gmail.com,JUDETUL ARAD,,Primarie
"DRAGANESTI",primaria.draganesti@cjbihor.ro,JUDETUL BIHOR,,Primarie
"DRAGESTI",primaria.dragesti@cjbihor.ro,JUDETUL BIHOR,,Primarie
"DRAGOMIRESTI",primaria.dragomiresti@yahoo.com,JUDETUL MARAMURES,,Primarie
"DRAGUSENI",primaria.draguseni@yahoo.com,JUDETUL SUCEAVA,,Primarie
"DRAGUTESTI",primaria.dragutesti@yahoo.com,JUDETUL GORJ,,Primarie
"DUMBRAVA",primaria.dumbrava@yahoo.com,JUDETUL MEHEDINTI,,Primarie
"DUMBRAVITA",primaria.dumbravita@yahoo.com,JUDETUL BRASOV,,Primarie
"EZERIS",primaria.ezeris@yahoo.com,JUDETUL CARAS-SEVERIN,,Primarie
"FANTINELE",primaria.fatanele@yahoo.com,JUDETUL ARAD,,Primarie
"FINIS",primaria.finis@cjbihor.ro,JUDETUL BIHOR,,Primarie
"FANTANELE",primaria.fintinele@yahoo.com,JUDETUL SUCEAVA,,Primarie
"FLORICA",primaria.florica@yahoo.com,JUDETUL BUZAU,,Primarie
"FRATESTI",primaria.fratesti@gmail.com,JUDETUL GIURGIU,,Primarie
"FUNDENI",primaria.fundeni@yahoo.com,JUDETUL GALATI,,Primarie
"GALBINASI",primaria.galbinasi@yahoo.com,JUDETUL CALARASI,,Primarie
"GARBAU",primaria.garbau@yahoo.com,JUDETUL CLUJ,,Primarie
"BREBU NOU",primaria.garina@yahoo.com,JUDETUL CARAS-SEVERIN,,Primarie
"GAUJANI",primaria.gaujani@yahoo.com,JUDETUL GIURGIU,,Primarie
"GEPIU",primaria.gepiu@yahoo.com,JUDETUL BIHOR,,Primarie
"GHERAESTI",primaria.gheraesti@gmail.com,JUDETUL NEAMT,,Primarie
"GHERGHEASA",primaria.ghergheasa@yahoo.com,JUDETUL BUZAU,,Primarie
"GIARMATA",primaria.giarmata@yahoo.com,JUDETUL TIMIS,,Primarie
"GIRISU DE CRIS",primaria.girisudecris@cjbihor.ro,JUDETUL BIHOR,,Primarie
"GARLENI",primaria.girleni@yahoo.com,JUDETUL BACAU,,Primarie
"GIUVARASTI",primaria.giuvarasti@yahoo.com,JUDETUL OLT,,Primarie
"GLIMBOCA",primaria.glimboca@gmail.com,JUDETUL CARAS-SEVERIN,,Primarie
"GLODEANU SARAT",primaria.glodeanusarat@gmail.com,JUDETUL BUZAU,,Primarie
"GOGOSARI",primaria.gogosari@yahoo.com,JUDETUL GIURGIU,,Primarie
"GOTTLOB",primaria.gottlob@cjtimis.ro,JUDETUL TIMIS,,Primarie
"GRINDU",primaria.grindu@yahoo.com,JUDETUL TULCEA,,Primarie
"GRIVITA",primaria.grivita@ambasador-tv.ro,JUDETUL GALATI,,Primarie
"HANESTI",primaria.hanesti@gmail.com,JUDETUL BOTOSANI,,Primarie
"HATEG",primaria.hateg@yahoo.com,JUDETUL HUNEDOARA,,Primarie
"HIDISELU DE SUS",primaria.hidiseludesus@cjbihor.ro,JUDETUL BIHOR,,Primarie
"HLIPICENI",primaria.hlipiceni@yahoo.com,JUDETUL BOTOSANI,,Primarie
"HOLOD",primaria.holod@cjbihor.ro,JUDETUL BIHOR,,Primarie
"HORGESTI",primaria.horgesti@yahoo.com,JUDETUL BACAU,,Primarie
"HULUBESTI",primaria.hulubesti@yahoo.com,JUDETUL DAMBOVITA,,Primarie
"HUSASAU DE TINCA",primaria.husasaudetinca@cjbihor.ro,JUDETUL BIHOR,,Primarie
"IANCA",primaria.ianca@yahoo.com,JUDETUL BRAILA,,Primarie
"ICLOD",primaria.iclod@yahoo.com,JUDETUL CLUJ,,Primarie
"IEDERA",primaria.iedera@yahoo.com,JUDETUL DAMBOVITA,,Primarie
"IGNESTI",primaria.ignesti@yahoo.com,JUDETUL ARAD,,Primarie
"ILIA",primaria.ilia@yahoo.com,JUDETUL HUNEDOARA,,Primarie
"ILVA MARE",primaria.ilvam@yahoo.com,JUDETUL BISTRITA-NASAUD,,Primarie
"IVESTI",primaria.ivesti@galati.astral.ro,JUDETUL GALATI,,Primarie
"JEBEL",primaria.jebel@cjtimis.ro,JUDETUL TIMIS,,Primarie
"LAPOS",primaria.lapos@yahoo.com,JUDETUL PRAHOVA,,Primarie
"LAZAREA",primaria.lazarea@yahoo.com,JUDETUL HARGHITA,,Primarie
"LAZARENI",primaria.lazareni@cjbihor.ro,JUDETUL BIHOR,,Primarie
"LAZURI DE BEIUS",primaria.lazuridebeius@cjbihor.ro,JUDETUL BIHOR,,Primarie
"LECHINTA",primaria.lechinta@yahoo.com,JUDETUL BISTRITA-NASAUD,,Primarie
"LELESTI",primaria.lelesti@yahoo.com,JUDETUL GORJ,,Primarie
"LOPADEA NOUA",primaria.lopadeanoua@yahoo.com,JUDETUL ALBA,,Primarie
"LUGASU DE JOS",primaria.lugasudejos@cjbihor.ro,JUDETUL BIHOR,,Primarie
"LUICA",primaria.luica@yahoo.com,JUDETUL CALARASI,,Primarie
"LUNCA ILVEI",primaria.luncailvei@yahoo.com,JUDETUL BISTRITA-NASAUD,,Primarie
"LUPSANU",primaria.lupsanu@yahoo.com,JUDETUL CALARASI,,Primarie
"MACEA",primaria.macea@gmail.com,JUDETUL ARAD,,Primarie
"MADARAS",primaria.madaras@cjbihor.ro,JUDETUL BIHOR,,Primarie
"MADULARI",primaria.madulari@yahoo.com,JUDETUL VALCEA,,Primarie
"MAGESTI",primaria.magesti@cjbihor.ro,JUDETUL BIHOR,,Primarie
"MALIUC",primaria.maliuc@yahoo.com,JUDETUL TULCEA,,Primarie
"MALU CU FLORI",primaria.malu@yahoo.com,JUDETUL DAMBOVITA,,Primarie
"MANESTI",primaria.manesti@yahoo.com,JUDETUL PRAHOVA,,Primarie
"MARGA",primaria.marga@gmail.com,JUDETUL CARAS-SEVERIN,,Primarie
"MATEESTI",primaria.mateesti@yahoo.com,JUDETUL VALCEA,,Primarie
"MERENI",primaria.mereni@gmail.com,JUDETUL TELEORMAN,,Primarie
"MERENI",primaria.mereni@yahoo.com,JUDETUL CONSTANTA,,Primarie
"MILISAUTI",primaria.milisauti@gmail.com,JUDETUL SUCEAVA,,Primarie
"MINTIU GHERLII",primaria.mintiu.gherlii@personal.ro,JUDETUL CLUJ,,Primarie
"MIRASLAU",primaria.miraslau@yahoo.com,JUDETUL ALBA,,Primarie
"MIRCEA VODA",primaria.mirceavoda@yahoo.com,JUDETUL BRAILA,,Primarie
"MIRSID",primaria.mirsid@samtv.ro,JUDETUL SALAJ,,Primarie
"MOLDOVITA",primaria.moldovita@yahoo.com,JUDETUL SUCEAVA,,Primarie
"MONOR",primaria.monor@yahoo.com,JUDETUL BISTRITA-NASAUD,,Primarie
"NECSESTI",primaria.necsesti@yahoo.com,JUDETUL TELEORMAN,,Primarie
"NEGRILESTI",primaria.negrilesti@yahoo.com,JUDETUL VRANCEA,,Primarie
"NOJORID",primaria.nojorid@cjbihor.ro,JUDETUL BIHOR,,Primarie
"NUCET",primaria.nucet@cjbihor.ro,JUDETUL BIHOR,,Primarie
"OLCEA",primaria.olcea@cjbihor.ro,JUDETUL BIHOR,,Primarie
"ORTISOARA",primaria.ortisoara@cjtimis.ro,JUDETUL TIMIS,,Primarie
"OSORHEI",primaria.osorhei@cjbihor.ro,JUDETUL BIHOR,,Primarie
"PADURENI",primaria.padureni@cjtimis.ro,JUDETUL TIMIS,,Primarie
"PANATAU",primaria.panatau@yahoo.com,JUDETUL BUZAU,,Primarie
"PANCIU",primaria.panciu@vrancea.info,JUDETUL VRANCEA,,Primarie
"PARAU",primaria.parau@gmail.com,JUDETUL BRASOV,,Primarie
"PARINCEA",primaria.parincea@yahoo.com,JUDETUL BACAU,,Primarie
"PATARLAGELE",primaria.patarlagele@yahoo.com,JUDETUL BUZAU,,Primarie
"PECHEA",primaria.pechea@yahoo.com,JUDETUL GALATI,,Primarie
"PERETU",primaria.peretu@yahoo.com,JUDETUL TELEORMAN,,Primarie
"PETROSANI",primaria.petrosani@upcmail.ro,JUDETUL HUNEDOARA,,Primarie
"PIETROASA",primaria.pietroasa@cjbihor.ro,JUDETUL BIHOR,,Primarie
"PIETROSANI",primaria.pietrosani@yahoo.com,JUDETUL TELEORMAN,,Primarie
"PIPIRIG",primaria.pipirig@yahoo.com,JUDETUL NEAMT,,Primarie
"POIANA LACULUI",primaria.placului@yahoo.com,JUDETUL ARGES,,Primarie
"PODENII NOI",primaria.podeniinoi@gmail.com,JUDETUL PRAHOVA,,Primarie
"PREJMER",primaria.prejmer@yahoo.com,JUDETUL BRASOV,,Primarie
"PRODULESTI",primaria.produlesti@yahoo.com,JUDETUL DAMBOVITA,,Primarie
"RABAGANI",primaria.rabagani@cjbihor.ro,JUDETUL BIHOR,,Primarie
"RACHITI",primaria.rachiti@gmail.com,JUDETUL BOTOSANI,,Primarie
"RACHITOASA",primaria.rachitoasa@yahoo.com,JUDETUL BACAU,,Primarie
"RACOS",primaria.racos@yahoo.com,JUDETUL BRASOV,,Primarie
"RACOVITA",primaria.racovita@cjtimis.ro,JUDETUL TIMIS,,Primarie
"RACOVITA",primaria.racovita@yahoo.com,JUDETUL BRAILA,,Primarie
"RASINARI",primaria.rasinari@yahoo.com,JUDETUL SIBIU,,Primarie
"REDIU",primaria.rediu@yahoo.com,JUDETUL GALATI,,Primarie
"REMETEA MARE",primaria.remetea_mare@cjtimis.ro,JUDETUL TIMIS,,Primarie
"RIPICENI",primaria.ripiceni@yahoo.com,JUDETUL BOTOSANI,,Primarie
"ROCIU",primaria.rociu@yahoo.com,JUDETUL ARGES,,Primarie
"ROSIA",primaria.rosia_sibiu@yahoo.com,JUDETUL SIBIU,,Primarie
"ROSIORI",primaria.rosiori@cjbihor.ro,JUDETUL BIHOR,,Primarie
"SACADAT",primaria.sacadat@cjbihor.ro,JUDETUL BIHOR,,Primarie
"SACUENI",primaria.sacueni@cjbihor.ro,JUDETUL BIHOR,,Primarie
"SAG",primaria.sag@cjtimis.ro,JUDETUL TIMIS,,Primarie
"SALACEA",primaria.salacea@cjbihor.ro,JUDETUL BIHOR,,Primarie
"SALARD",primaria.salard@cjbihor.ro,JUDETUL BIHOR,,Primarie
"SANDULESTI",primaria.sandulesti@yahoo.com,JUDETUL CLUJ,,Primarie
"SANNICOLAU ROMAN",primaria.sanicolauroman@cjbihor.ro,JUDETUL BIHOR,,Primarie
"SANMARTIN",primaria.sanmartin@cjbihor.ro,JUDETUL BIHOR,,Primarie
"SANPETRU MARE",primaria.sanpetru_mare@cjtimis.ro,JUDETUL TIMIS,,Primarie
"SANTANDREI",primaria.santandrei@cjbihor.ro,JUDETUL BIHOR,,Primarie
"SANZIENI",primaria.sanzieni@polyp.ro,JUDETUL COVASNA,,Primarie
"SARATENI",primaria.sarateni.il@teletehnic.ro,JUDETUL IALOMITA,,Primarie
"SARAVALE",primaria.saravale@cjtimis.ro,JUDETUL TIMIS,,Primarie
"SCHEIA",primaria.scheia@yahoo.com,JUDETUL IASI,,Primarie
"SCHELA",primaria.schela@yahoo.com,JUDETUL GORJ,,Primarie
"SEICA MICA",primaria.seicamica@sibiu.stslink.ro,JUDETUL SIBIU,,Primarie
"SELARU",primaria.selarudb@gmail.com,JUDETUL DAMBOVITA,,Primarie
"SIBOT",primaria.sibot@yahoo.com,JUDETUL ALBA,,Primarie
"SILISTEA",primaria.silistea@yahoo.com,JUDETUL TELEORMAN,,Primarie
"SIMIAN",primaria.simian@cjbihor.ro,JUDETUL BIHOR,,Primarie
"SIMINICEA",primaria.siminicea@yahoo.com,JUDETUL SUCEAVA,,Primarie
"SINTEU",primaria.sinteu@cjbihor.ro,JUDETUL BIHOR,,Primarie
"SIRINEASA",primaria.sirineasa@yahoo.com,JUDETUL VALCEA,,Primarie
"SOIMI",primaria.soimi@cjbihor.ro,JUDETUL BIHOR,,Primarie
"SOMCUTA MARE",primaria.somcutamare@gmail.com,JUDETUL MARAMURES,,Primarie
"SOMOVA",primaria.somova@yahoo.com,JUDETUL TULCEA,,Primarie
"STEI",primaria.stei@cjbihor.ro,JUDETUL BIHOR,,Primarie
"STEJARU",primaria.stejaru@yahoo.com,JUDETUL TELEORMAN,,Primarie
"STIUCA",primaria.stiuca@cjtimis.ro,JUDETUL TIMIS,,Primarie
"STOENESTI",primaria.stoenesti@yahoo.com,JUDETUL VALCEA,,Primarie
"STRUGARI",primaria.strugari@yahoo.com,JUDETUL BACAU,,Primarie
"SUNCUIUS",primaria.suncuius@cjbihor.ro,JUDETUL BIHOR,,Primarie
"SUPLACU DE BARCAU",primaria.suplacudebarcau@cjbihor.ro,JUDETUL BIHOR,,Primarie
"SURAIA",primaria.suraia@yahoo.com,JUDETUL VRANCEA,,Primarie
"TARCAIA",primaria.tarcaia@cjbihor.ro,JUDETUL BIHOR,,Primarie
"TARCEA",primaria.tarcea@cjbihor.ro,JUDETUL BIHOR,,Primarie
"TARGU JIU",primaria.targujiu@xnet.ro,JUDETUL GORJ,,Primarie
"TEISANI",primaria.teisani@yahoo.com,JUDETUL PRAHOVA,,Primarie
"TEREMIA MARE",primaria.teremia_mare@cjtimis.ro,JUDETUL TIMIS,,Primarie
"TETCHEA",primaria.tetchea@cjbihor.ro,JUDETUL BIHOR,,Primarie
"TINCA",primaria.tinca@cjbihor.ro,JUDETUL BIHOR,,Primarie
"TOMESTI",primaria.tomesti@yahoo.com,JUDETUL TIMIS,,Primarie
"TOTESTI",primaria.totesti@yahoo.com,JUDETUL HUNEDOARA,,Primarie
"TRITENII DE JOS",primaria.triteniidejos@yahoo.com,JUDETUL CLUJ,,Primarie
"TULCA",primaria.tulca@cjbihor.ro,JUDETUL BIHOR,,Primarie
"TUDOR VLADIMIRESCU",primaria.tvladimirescu@ambasador-tv.ro,JUDETUL GALATI,,Primarie
"UILEACU DE BEIUS",primaria.uileacudebeius@cjbihor.ro,JUDETUL BIHOR,,Primarie
"ULMI",primaria.ulmi@yahoo.com,JUDETUL DAMBOVITA,,Primarie
"UNGURENI",primaria.ungureni@yahoo.com,JUDETUL BOTOSANI,,Primarie
"VADU CRISULUI",primaria.vaducrisului@cjbihor.ro,JUDETUL BIHOR,,Primarie
"VADU PASII",primaria.vadupasii@yahoo.com,JUDETUL BUZAU,,Primarie
"VAIDEENI",primaria.vaideeni@yahoo.com,JUDETUL VALCEA,,Primarie
"VALEA LUI MIHAI",primaria.valealuimihai@cjbihor.ro,JUDETUL BIHOR,,Primarie
"VALEA VIILOR",primaria.valeaviilor@sibiu.stslink.ro,JUDETUL SIBIU,,Primarie
"VALISOARA",primaria.valisoara@yahoo.com,JUDETUL HUNEDOARA,,Primarie
"VICTORIA",primaria.victoria@yahoo.com,JUDETUL BRASOV,,Primarie
"VIISOARA",primaria.viisoara@cjbihor.ro,JUDETUL BIHOR,,Primarie
"VINTU DE JOS",primaria.vint@yahoo.com,JUDETUL ALBA,,Primarie
"VARCIOROG",primaria.virciorog@cjbihor.ro,JUDETUL BIHOR,,Primarie
"VISTEA",primaria.vistea@yahoo.com,JUDETUL BRASOV,,Primarie
"VLADESTI",primaria.vladesti@gmail.com,JUDETUL VALCEA,,Primarie
"VULTURESTI",primaria.vulturesti@yahoo.com,JUDETUL VASLUI,,Primarie
"VICTOR VLAD DELAMARINA",primaria.vvdelamarina@cjtimis.ro,JUDETUL TIMIS,,Primarie
"ZAMBREASCA",primaria.zimbreasca@gmail.com,JUDETUL TELEORMAN,,Primarie
"1 DECEMBRIE",primaria1dec@yahoo.com,JUDETUL ILFOV,,Primarie
"VERGULEASA",primaria2007@clicknet.ro,JUDETUL OLT,,Primarie
"APATA",primaria57apata@yahoo.com,JUDETUL BRASOV,,Primarie
"ARDUSAT",primaria@ardusat.ro,JUDETUL MARAMURES,,Primarie
"BAHNA",primaria@bahna.ro,JUDETUL NEAMT,,Primarie
"BAIA SPRIE",primaria@baiasprie.ro,JUDETUL MARAMURES,,Primarie
"BALACIU",primaria@balaciu.ro,JUDETUL IALOMITA,,Primarie
"BALS",primaria@bals.ro,JUDETUL OLT,,Primarie
"BELINT",primaria@belint.ro,JUDETUL TIMIS,,Primarie
"BIRA",primaria@bira.ro,JUDETUL NEAMT,,Primarie
"BOBICESTI",primaria@bobicesti.ro,JUDETUL OLT,,Primarie
"BUMBESTI-JIU",primaria@bumbesti-jiu.ro,JUDETUL GORJ,,Primarie
"CAMPIA TURZII",primaria@campiaturzii.ro,JUDETUL CLUJ,,Primarie
"CAMPULUNG MOLDOVENESC",primaria@campulungmoldovenesc.ro,JUDETUL SUCEAVA,,Primarie
"CENAD",primaria@cenad.ro,JUDETUL TIMIS,,Primarie
"CERNAVODA",primaria@cernavoda.ro,JUDETUL CONSTANTA,,Primarie
"CIOFRANGENI",primaria@ciofrangeni.cjarges.ro,JUDETUL ARGES,,Primarie
"COSTISA",primaria@comunacostisa.ro,JUDETUL NEAMT,,Primarie
"CUDALBI",primaria@comunacudalbi.ro,JUDETUL GALATI,,Primarie
"DELENI",primaria@comunadeleni.ro,JUDETUL IASI,,Primarie
"GRINTIES",primaria@comunagrinties.ro,JUDETUL NEAMT,,Primarie
"ICUSESTI",primaria@comunaicusesti.ro,JUDETUL NEAMT,,Primarie
"PLOPANA",primaria@comunaplopana.ro,JUDETUL BACAU,,Primarie
"ROMANI",primaria@comunaromani.ro,JUDETUL NEAMT,,Primarie
"ROSIORI",primaria@comunarosiori.ro,JUDETUL BACAU,,Primarie
"SANT",primaria@comunasant.ro,JUDETUL BISTRITA-NASAUD,,Primarie
"SOLONT",primaria@comunasolont.ro,JUDETUL BACAU,,Primarie
"CRASNA",primaria@crasna.ro,JUDETUL SALAJ,,Primarie
"DEJ",primaria@dej.ro,JUDETUL CLUJ,,Primarie
"DELENI",primaria@delenivaslui.ro,JUDETUL VASLUI,,Primarie
"DRAGOSLAVELE",primaria@dragoslavele.ro,JUDETUL ARGES,,Primarie
"LUPENI",primaria@e-lupeni.ro,JUDETUL HUNEDOARA,,Primarie
"FARCASA",primaria@farcasa-mm.ro,JUDETUL MARAMURES,,Primarie
"LUNCA DE SUS",primaria@gyimesfelsolok.ro,JUDETUL HARGHITA,,Primarie
"LAZURI",primaria@lazuri.ro,JUDETUL SATU MARE,,Primarie
"MAGURELE",primaria@magurele.ro,JUDETUL ILFOV,,Primarie
"MAHMUDIA",primaria@mahmudia.ro,JUDETUL TULCEA,,Primarie
"MARGHITA",primaria@marghita.ro,JUDETUL BIHOR,,Primarie
"MARTINESTI",primaria@martinesti.ro,JUDETUL HUNEDOARA,,Primarie
"MIERCUREA CIUC",primaria@miercureaciuc.ro,JUDETUL HARGHITA,,Primarie
"NICULESTI",primaria@niculesti.ro,JUDETUL DAMBOVITA,,Primarie
"ORASTIE",primaria@orastie.info.ro,JUDETUL HUNEDOARA,,Primarie
"HOREZU",primaria@orasul-horezu.ro,JUDETUL VALCEA,,Primarie
"PALEU",primaria@paleu.ro,JUDETUL BIHOR,,Primarie
"PAUNESTI",primaria@paunesti.ro,JUDETUL VRANCEA,,Primarie
"MOLDOVA NOUA",primaria@pmn.ro,JUDETUL CARAS-SEVERIN,,Primarie
"POIANA  ILVEI",primaria@poianailvei.com,JUDETUL BISTRITA-NASAUD,,Primarie
"POIANA TEIULUI",primaria@poianateiului.ro,JUDETUL NEAMT,,Primarie
"POIANA VADULUI",primaria@poianavadului.ro,JUDETUL ALBA,,Primarie
"PORUMBESTI",primaria@porumbesti.eu,JUDETUL SATU MARE,,Primarie
"BAILE GOVORA",primaria@primaria-baile-govora.ro,JUDETUL VALCEA,,Primarie
"BORSEC",primaria@primaria-borsec.ro,JUDETUL HARGHITA,,Primarie
"SOPARLITA",primaria@primaria-soparlita.ro,JUDETUL OLT,,Primarie
"BICAZ-CHEI",primaria@primariabicazchei.ro,JUDETUL NEAMT,,Primarie
"BISTRITA",primaria@primariabistrita.ro,JUDETUL BISTRITA-NASAUD,,Primarie
"BOTOSANI",primaria@primariabt.ro,JUDETUL BOTOSANI,,Primarie
"CETATE",primaria@primariacetatebn.ro,JUDETUL BISTRITA-NASAUD,,Primarie
"COSTESTI",primaria@primariacostestiag.ro,JUDETUL ARGES,,Primarie
"CUGIR",primaria@primariacugir.ro,JUDETUL ALBA,,Primarie
"DROBETA-TURNU SEVERIN",primaria@primariadrobeta.ro,JUDETUL MEHEDINTI,,Primarie
"LIVEZILE",primaria@primarialivezile.ro,JUDETUL ALBA,,Primarie
"MEDIAS",primaria@primariamedias.ro,JUDETUL SIBIU,,Primarie
"MOTRU",primaria@primariamotru.ro,JUDETUL GORJ,,Primarie
"OCNA SUGATAG",primaria@primariaocnasugatag.ro,JUDETUL MARAMURES,,Primarie
"PITESTI",primaria@primariapitesti.ro,JUDETUL ARGES,,Primarie
"ROSIA MONTANA",primaria@primariarosiamontana.ro,JUDETUL ALBA,,Primarie
"SANMARTIN",primaria@primariasanmartin.ro,JUDETUL CLUJ,,Primarie
"SECUIENI",primaria@primariasecuieni.ro,JUDETUL NEAMT,,Primarie
"SIGHETU MARMATIEI",primaria@primariasighet.ro,JUDETUL MARAMURES,,Primarie
"STANESTI",primaria@primariastanestivl.ro,JUDETUL VALCEA,,Primarie
"STEFAN CEL MARE",primaria@primariastefan.ro,JUDETUL CALARASI,,Primarie
"TRIFESTI",primaria@primariatrifesti.ro,JUDETUL NEAMT,,Primarie
"VERNESTI",primaria@primariavernesti.ro,JUDETUL BUZAU,,Primarie
"RAMNICU VALCEA",primaria@primariavl.ro,JUDETUL VALCEA,,Primarie
"PUCHENII MARI",primaria@pucheniimari.ro,JUDETUL PRAHOVA,,Primarie
"RACU",primaria@racu.ro,JUDETUL HARGHITA,,Primarie
"SACOSU TURCESC",primaria@sacosuturcesc.ro,JUDETUL TIMIS,,Primarie
"SANNICOLAU MARE",primaria@sannicolau-mare.ro,JUDETUL TIMIS,,Primarie
"SATU MARE",primaria@satu-mare.ro,JUDETUL SATU MARE,,Primarie
"SEMLAC",primaria@semlac.ro,JUDETUL ARAD,,Primarie
"SLATINA-TIMIS",primaria@slatinatimis.ro,JUDETUL CARAS-SEVERIN,,Primarie
"STEFAN CEL MARE",primaria@stefancelmarevaslui.ro,JUDETUL VASLUI,,Primarie
"STEFANESTI",primaria@stefanesti-bt.ro,JUDETUL BOTOSANI,,Primarie
"STOLNICENI PRAJESCU",primaria@stolniceni.ro,JUDETUL IASI,,Primarie
"SUSENI",primaria@suseni.ro,JUDETUL HARGHITA,,Primarie
"TAZLAU",primaria@tazlau.ro,JUDETUL NEAMT,,Primarie
"TIREAM",primaria@tiream.ro,JUDETUL SATU MARE,,Primarie
"TARGU OCNA",primaria@tirguocna.ro,JUDETUL BACAU,,Primarie
"TORMAC",primaria@tormac.ro,JUDETUL TIMIS,,Primarie
"VALEA URSULUI",primaria@valeaursului.ro,JUDETUL NEAMT,,Primarie
"VATRA DORNEI",primaria@vatra-dornei.ro,JUDETUL SUCEAVA,,Primarie
"VOITEG",primaria@voiteg.ro,JUDETUL TIMIS,,Primarie
"VOSLABENI",primaria@voslobeni.ro,JUDETUL HARGHITA,,Primarie
"CARBUNARI",primaria@yahoo.com,JUDETUL CARAS-SEVERIN,,Primarie
"ZALAU",primaria@zalausj.ro,JUDETUL SALAJ,,Primarie
"ZARNESTI",primaria@zarnesti.net,JUDETUL BRASOV,,Primarie
"ADASENI",primaria_adaseni@yahoo.com,JUDETUL BOTOSANI,,Primarie
"AGRIS",primaria_agris@yahoo.com,JUDETUL SATU MARE,,Primarie
"ALEXANDRU I. CUZA",primaria_aicuza@yahoo.com,JUDETUL IASI,,Primarie
"ALBAC",primaria_albac@yahoo.com,JUDETUL ALBA,,Primarie
"ALBESTII DE ARGES",primaria_albestiidearges@yahoo.com,JUDETUL ARGES,,Primarie
"ALEXENI",primaria_alexeni@yahoo.com,JUDETUL IALOMITA,,Primarie
"ALIMAN",primaria_aliman@yahoo.com,JUDETUL CONSTANTA,,Primarie
"ALMA",primaria_alma@yahoo.com,JUDETUL SIBIU,,Primarie
"ALMASU MARE",primaria_almasu_mare@yahoo.com,JUDETUL ALBA,,Primarie
"ALEXANDRU ODOBESCU",primaria_alodobescu@yahoo.com,JUDETUL CALARASI,,Primarie
"ALUNU",primaria_alunu@yahoo.com,JUDETUL VALCEA,,Primarie
"AMARASTI",primaria_amarasti@yahoo.com,JUDETUL VALCEA,,Primarie
"ARBORE",primaria_arbore@yahoo.com,JUDETUL SUCEAVA,,Primarie
"ARMENIS",primaria_armenis@yahoo.com,JUDETUL CARAS-SEVERIN,,Primarie
"ASAU",primaria_asau@yahoo.com,JUDETUL BACAU,,Primarie
"ATEL",primaria_atel@yahoo.com,JUDETUL SIBIU,,Primarie
"AVRAMENI",primaria_avrameni@yahoo.com,JUDETUL BOTOSANI,,Primarie
"AXENTE SEVER",primaria_axsever@yahoo.com,JUDETUL SIBIU,,Primarie
"BABENI",primaria_babeni@yahoo.com,JUDETUL VALCEA,,Primarie
"BAITA DE SUB CODRU",primaria_baita@yahoo.com,JUDETUL MARAMURES,,Primarie
"BALACEANA",primaria_balaceana@yahoo.com,JUDETUL SUCEAVA,,Primarie
"BALENI",primaria_baleni@yahoo.com,JUDETUL DAMBOVITA,,Primarie
"BALILESTI",primaria_balilesti@yahoo.com,JUDETUL ARGES,,Primarie
"BANISOR",primaria_banisor@yahoo.com,JUDETUL SALAJ,,Primarie
"BARBATESTI",primaria_barbatesti@yahoo.com,JUDETUL VALCEA,,Primarie
"BARBULETU",primaria_barbuletu@yahoo.com,JUDETUL DAMBOVITA,,Primarie
"BARCANESTI",primaria_barcanesti@yahoo.com,JUDETUL PRAHOVA,,Primarie
"BASESTI",primaria_basesti@yahoo.com,JUDETUL MARAMURES,,Primarie
"BATARCI",primaria_batarci@yahoo.com,JUDETUL SATU MARE,,Primarie
"BAIA DE ARAMA",primaria_bda@yahoo.com,JUDETUL MEHEDINTI,,Primarie
"BELCESTI",primaria_belcesti@yahoo.com,JUDETUL IASI,,Primarie
"BERBESTI",primaria_berbestivl2006@yahoo.com,JUDETUL VALCEA,,Primarie
"BERCENI",primaria_berceni@yahoo.com,JUDETUL ILFOV,,Primarie
"BERLISTE",primaria_berliste@yahoo.com,JUDETUL CARAS-SEVERIN,,Primarie
"BETHAUSEN",primaria_bethausen@yahoo.com,JUDETUL TIMIS,,Primarie
"BEZDEAD",primaria_bezdead@yahoo.com,JUDETUL DAMBOVITA,,Primarie
"BILBOR",primaria_bilbor@yahoo.com,JUDETUL HARGHITA,,Primarie
"BILCA",primaria_bilca@yahoo.com,JUDETUL SUCEAVA,,Primarie
"BIXAD",primaria_bixad@yahoo.com,JUDETUL SATU MARE,,Primarie
"BLAGESTI",primaria_blagesti@yahoo.com,JUDETUL BACAU,,Primarie
"BLANDESTI",primaria_blandesti@yahoo.com,JUDETUL BOTOSANI,,Primarie
"BOGDANA",primaria_bogdana@yahoo.com,JUDETUL VASLUI,,Primarie
"BOISOARA",primaria_boisoara@yahoo.com,JUDETUL VALCEA,,Primarie
"BOIU MARE",primaria_boiumare@yahoo.com,JUDETUL MARAMURES,,Primarie
"BOLBOSI",primaria_bolbosi@yahoo.com,JUDETUL GORJ,,Primarie
"BOLDESTI-GRADISTEA",primaria_boldesti_gradistea@yahoo.com,JUDETUL PRAHOVA,,Primarie
"BORANESTI",primaria_boranesti@yahoo.com,JUDETUL IALOMITA,,Primarie
"BOROD",primaria_borod@yahoo.com,JUDETUL BIHOR,,Primarie
"BOTIZ",primaria_botiz@yahoo.com,JUDETUL SATU MARE,,Primarie
"BRADULET",primaria_bradulet@yahoo.com,JUDETUL ARGES,,Primarie
"BRAESTI",primaria_braesti@yahoo.com,JUDETUL BUZAU,,Primarie
"BRAESTI",primaria_braesti_iasi@yahoo.com,JUDETUL IASI,,Primarie
"BRANESTI",primaria_branesti@yahoo.com,JUDETUL ILFOV,,Primarie
"BRANISTEA",primaria_branistea@yahoo.com,JUDETUL GALATI,,Primarie
"BREAZA",primaria_breazabz@yahoo.com,JUDETUL BUZAU,,Primarie
"BREBU",primaria_brebu@yahoo.com,JUDETUL CARAS-SEVERIN,,Primarie
"BRESTOVAT",primaria_brestovat@yahoo.com,JUDETUL TIMIS,,Primarie
"BREZOAELE",primaria_brezoaele@yahoo.com,JUDETUL DAMBOVITA,,Primarie
"BROSTENI",primaria_brosteni@yahoo.com,JUDETUL SUCEAVA,,Primarie
"BRUSTURI",primaria_brusturi@yahoo.com,JUDETUL NEAMT,,Primarie
"BUCIUMENI",primaria_buciumeni_gl@yahoo.com,JUDETUL GALATI,,Primarie
"BUCU",primaria_bucu@yahoo.com,JUDETUL IALOMITA,,Primarie
"BUDESTI",primaria_budesti@clicknet.ro,JUDETUL CALARASI,,Primarie
"BUHOCI",primaria_buhoci@yahoo.com,JUDETUL BACAU,,Primarie
"BUNESTI",primaria_bunesti@yahoo.com,JUDETUL VALCEA,,Primarie
"BUNILA",primaria_bunila@yahoo.com,JUDETUL HUNEDOARA,,Primarie
"BUTEA",primaria_butea@yahoo.com,JUDETUL IASI,,Primarie
"CAIANU",primaria_caianu@yahoo.com,JUDETUL CLUJ,,Primarie
"CAINENI",primaria_caineni08@yahoo.com,JUDETUL VALCEA,,Primarie
"CAJVANA",primaria_cajvana@yahoo.com,JUDETUL SUCEAVA,,Primarie
"CALIMANESTI",primaria_calimanesti@yahoo.com,JUDETUL VALCEA,,Primarie
"CALNIC",primaria_calnic@yahoo.com,JUDETUL ALBA,,Primarie
"CAMIN",primaria_camin@yahoo.com,JUDETUL SATU MARE,,Primarie
"CANDESTI",primaria_candesti@yahoo.com,JUDETUL NEAMT,,Primarie
"CARCALIU",primaria_carcaliu@yahoo.com,JUDETUL TULCEA,,Primarie
"C.A. ROSETTI",primaria_carosetti@yahoo.com,JUDETUL BUZAU,,Primarie
"CARPINIS",primaria_carpinis@yahoo.com,JUDETUL TIMIS,,Primarie
"CASIN",primaria_casin@yahoo.com,JUDETUL BACAU,,Primarie
"CEAHLAU",primaria_ceahlau@yahoo.com,JUDETUL NEAMT,,Primarie
"CEHU SILVANIEI",primaria_cehu@yahoo.com,JUDETUL SALAJ,,Primarie
"CERNICA",primaria_cernica@yahoo.com,JUDETUL ILFOV,,Primarie
"CERNISOARA",primaria_cernisoara@yahoo.com,JUDETUL VALCEA,,Primarie
"CERTEJU DE SUS",primaria_certejudesus@yahoo.com,JUDETUL HUNEDOARA,,Primarie
"CHILIA VECHE",primaria_chilia_veche@yahoo.com,JUDETUL TULCEA,,Primarie
"VALEA CHIOARULUI",primaria_chioar@yahoo.com,JUDETUL MARAMURES,,Primarie
"CHIRPAR",primaria_chirpar@yahoo.com,JUDETUL SIBIU,,Primarie
"CHIUZA",primaria_chiuza@yahoo.com,JUDETUL BISTRITA-NASAUD,,Primarie
"CALNIC",primaria_cilnic@yahoo.com,JUDETUL GORJ,,Primarie
"CAMPENI",primaria_cimpeni@yahoo.com,JUDETUL ALBA,,Primarie
"CIOLANESTI",primaria_ciolanesti@yahoo.com,JUDETUL TELEORMAN,,Primarie
"CIUCEA",primaria_ciucea@yahoo.com,JUDETUL CLUJ,,Primarie
"CIUDANOVITA",primaria_ciudanovita@yahoo.com,JUDETUL CARAS-SEVERIN,,Primarie
"CIUMEGHIU",primaria_ciumeghiu@yahoo.com,JUDETUL BIHOR,,Primarie
"CIURILA",primaria_ciurila@yahoo.com,JUDETUL CLUJ,,Primarie
"CORBII MARI",primaria_cm@yahoo.com,JUDETUL DAMBOVITA,,Primarie
"COAS",primaria_coas@yahoo.com,JUDETUL MARAMURES,,Primarie
"COLTAU",primaria_coltau@yahoo.com,JUDETUL MARAMURES,,Primarie
"LOGRESTI",primaria_com.logresti@yahoo.com,JUDETUL GORJ,,Primarie
"TIGANASI",primaria_com_tiganasi@yahoo.com,JUDETUL IASI,,Primarie
"BUJORENI",primaria_combujoreni@yahoo.com,JUDETUL VALCEA,,Primarie
"DARMANESTI",primaria_comdarmanesti@yahoo.com,JUDETUL SUCEAVA,,Primarie
"COMISANI",primaria_comisani@yahoo.com,JUDETUL DAMBOVITA,,Primarie
"JIBERT",primaria_comunajibert@yahoo.com,JUDETUL BRASOV,,Primarie
"PALTINOASA",primaria_comunei_paltinoasa@yahoo.com,JUDETUL SUCEAVA,,Primarie
"RACOVA",primaria_comunei_racova@yahoo.com,JUDETUL BACAU,,Primarie
"TOMESTI",primaria_comunei_tomesti@yahoo.co.uk,JUDETUL IASI,,Primarie
"COPSA MICA",primaria_copsa@birotec.ro,JUDETUL SIBIU,,Primarie
"CORBENI",primaria_corbeni@yahoo.com,JUDETUL ARGES,,Primarie
"CORDARENI",primaria_cordareni@yahoo.com,JUDETUL BOTOSANI,,Primarie
"CORNI",primaria_corni@yahoo.com,JUDETUL GALATI,,Primarie
"COSMINELE",primaria_cosminele@yahoo.com,JUDETUL PRAHOVA,,Primarie
"COSTESTI",primaria_costesti@yahoo.com,JUDETUL VALCEA,,Primarie
"COTESTI",primaria_cotesti@yahoo.com,JUDETUL VRANCEA,,Primarie
"COTNARI",primaria_cotnari@yahoo.com,JUDETUL IASI,,Primarie
"COZIENI",primaria_cozieni@yahoo.com,JUDETUL BUZAU,,Primarie
"CREACA",primaria_creaca@samtv.ro,JUDETUL SALAJ,,Primarie
"CRUCEA",primaria_crucea@yahoo.com,JUDETUL SUCEAVA,,Primarie
"CRUCISOR",primaria_crucisor@yahoo.com,JUDETUL SATU MARE,,Primarie
"CUCA",primaria_cuca@gk.ro,JUDETUL GALATI,,Primarie
"CUMPANA",primaria_cumpana@yahoo.com,JUDETUL CONSTANTA,,Primarie
"CURTEA",primaria_curtea@yahoo.com,JUDETUL TIMIS,,Primarie
"CUZA VODA",primaria_cuza_voda@yahoo.com,JUDETUL CALARASI,,Primarie
"DARASTI-ILFOV",primaria_darasti_ilfov@yahoo.com,JUDETUL ILFOV,,Primarie
"DARMANESTI",primaria_darmanesti@yahoo.com,JUDETUL BACAU,,Primarie
"DAVIDESTI",primaria_davidesti@yahoo.com,JUDETUL ARGES,,Primarie
"DERNA",primaria_derna@yahoo.com,JUDETUL BIHOR,,Primarie
"DETA",primaria_deta@net69.ro,JUDETUL TIMIS,,Primarie
"DOBARCENI",primaria_dobirceni@yahoo.com,JUDETUL BOTOSANI,,Primarie
"DOBRESTI",primaria_dobresti_ag@yahoo.com,JUDETUL ARGES,,Primarie
"DOCLIN",primaria_doclin@cs.ro,JUDETUL CARAS-SEVERIN,,Primarie
"DOLHESTI",primaria_dolhesti@yahoo.com,JUDETUL SUCEAVA,,Primarie
"DRIDU",primaria_dridu@yahoo.com,JUDETUL IALOMITA,,Primarie
"DUDA-EPURENI",primaria_duda_epureni@yahoo.com,JUDETUL VASLUI,,Primarie
"DUMBRAVENI",primaria_dumbraveni@yahoo.com,JUDETUL SIBIU,,Primarie
"DUMITRITA",primaria_dumitrita@yahoo.com,JUDETUL BISTRITA-NASAUD,,Primarie
"FANTANA MARE",primaria_fantana_mare@yahoo.com,JUDETUL SUCEAVA,,Primarie
"FANTANELE",primaria_fantanele@yahoo.com,JUDETUL CONSTANTA,,Primarie
"FERESTI",primaria_feresti@yahoo.com,JUDETUL VASLUI,,Primarie
"FARDEA",primaria_firdea@yahoo.com,JUDETUL TIMIS,,Primarie
"FRASIN",primaria_frasin@yahoo.com,JUDETUL SUCEAVA,,Primarie
"FRATAUTII NOI",primaria_fratautiinoi@yahoo.com,JUDETUL SUCEAVA,,Primarie
"FRATAUTII VECHI",primaria_fratautiivechi@yahoo.com,JUDETUL SUCEAVA,,Primarie
"FRECATEI",primaria_frecatei@yahoo.com,JUDETUL TULCEA,,Primarie
"FRUMUSANI",primaria_frumusani@yahoo.com,JUDETUL CALARASI,,Primarie
"GADINTI",primaria_gadinti@yahoo.com,JUDETUL NEAMT,,Primarie
"GALICEA",primaria_galicea@yahoo.com,JUDETUL VALCEA,,Primarie
"GANEASA",primaria_ganeasa@yahoo.com,JUDETUL ILFOV,,Primarie
"GARDANI",primaria_gardani@yahoo.com,JUDETUL MARAMURES,,Primarie
"GATAIA",primaria_gataia@yahoo.com,JUDETUL TIMIS,,Primarie
"GHEORGHE DOJA",primaria_gh_doja@yahoo.com,JUDETUL IALOMITA,,Primarie
"GHERGHESTI",primaria_gherghesti@yahoo.com,JUDETUL VASLUI,,Primarie
"GHERGHITA",primaria_gherghita@yahoo.com,JUDETUL PRAHOVA,,Primarie
"GHILAD",primaria_ghilad@yahoo.com,JUDETUL TIMIS,,Primarie
"GHIMPATI",primaria_ghimpati2007@yahoo.com,JUDETUL GIURGIU,,Primarie
"GIULVAZ",primaria_giulvaz@yahoo.com,JUDETUL TIMIS,,Primarie
"GOLESTI",primaria_golesti@yahoo.com,JUDETUL VALCEA,,Primarie
"GRADINA",primaria_gradina@yahoo.com,JUDETUL CONSTANTA,,Primarie
"GRADINARI",primaria_gradinari_gr@yahoo.com,JUDETUL GIURGIU,,Primarie
"GRIVITA",primaria_grivita2000@yahoo.com,JUDETUL VASLUI,,Primarie
"GROJDIBODU",primaria_grojdibodu@yahoo.com,JUDETUL OLT,,Primarie
"GROPNITA",primaria_gropnita@email.ro,JUDETUL IASI,,Primarie
"GURA IALOMITEI",primaria_guraialomitei@yahoo.com,JUDETUL IALOMITA,,Primarie
"GURA VADULUI",primaria_guravadului@yahoo.com,JUDETUL PRAHOVA,,Primarie
"GURBANESTI",primaria_gurbanesti@yahoo.com,JUDETUL CALARASI,,Primarie
"GUSOENI",primaria_gusoieni@yahoo.com,JUDETUL VALCEA,,Primarie
"HANTESTI",primaria_hantesti@yahoo.com,JUDETUL SUCEAVA,,Primarie
"HARMANESTI",primaria_harmanesti@yahoo.com,JUDETUL IASI,,Primarie
"HERASTI",primaria_herasti@yahoo.com,JUDETUL GIURGIU,,Primarie
"HOLBAV",primaria_holbav@yahoo.com,JUDETUL BRASOV,,Primarie
"HOPARTA",primaria_hoparta@yahoo.com,JUDETUL ALBA,,Primarie
"HOROATU CRASNEI",primaria_horoat@yahoo.com,JUDETUL SALAJ,,Primarie
"HORODNIC DE JOS",primaria_horodnicdejos@yahoo.com,JUDETUL SUCEAVA,,Primarie
"IANA",primaria_iana@yahoo.com,JUDETUL VASLUI,,Primarie
"IASLOVAT",primaria_iaslovat@yahoo.com,JUDETUL SUCEAVA,,Primarie
"IBANESTI",primaria_ibanesti_vs@yahoo.com,JUDETUL VASLUI,,Primarie
"I.C.BRATIANU",primaria_icbratianu@yahoo.com,JUDETUL TULCEA,,Primarie
"ICOANA",primaria_icoana_olt@yahoo.com,JUDETUL OLT,,Primarie
"IECEA MARE",primaria_ieceamare@yahoo.com,JUDETUL TIMIS,,Primarie
"ILISESTI",primaria_ilisesti@yahoo.com,JUDETUL SUCEAVA,,Primarie
"IONESTI",primaria_ionesti_vl@yahoo.com,JUDETUL VALCEA,,Primarie
"ION NECULCE",primaria_ionneculce2000@yahoo.com,JUDETUL IASI,,Primarie
"ION ROATA",primaria_ionroata@yahoo.com,JUDETUL IALOMITA,,Primarie
"IVESTI",primaria_ivesti@yahoo.com,JUDETUL VASLUI,,Primarie
"IZBICENI",primaria_izbiceni@yahoo.com,JUDETUL OLT,,Primarie
"IZVOARELE",primaria_izvoarele@yahoo.com,JUDETUL TELEORMAN,,Primarie
"IZVORU",primaria_izvoru@yahoo.com,JUDETUL ARGES,,Primarie
"JARISTEA",primaria_jaristea@yahoo.com,JUDETUL VRANCEA,,Primarie
"JIBOU",primaria_jibou@yahoo.com,JUDETUL SALAJ,,Primarie
"JILAVA",primaria_jilava@yahoo.com,JUDETUL ILFOV,,Primarie
"JORASTI",primaria_jorasti@yahoo.com,JUDETUL GALATI,,Primarie
"LAPUSNICU MARE",primaria_lapusnicu_mare@yahoo.com,JUDETUL CARAS-SEVERIN,,Primarie
"LARGU",primaria_largu@yahoo.com,JUDETUL BUZAU,,Primarie
"LEORDINA",primaria_leordina@yahoo.com,JUDETUL MARAMURES,,Primarie
"LIEBLING",primaria_liebling@yahoo.com,JUDETUL TIMIS,,Primarie
"LIVEZILE",primaria_livezile@yahoo.com,JUDETUL BISTRITA-NASAUD,,Primarie
"ALBESTI",primaria_loc.albesti@yahoo.com,JUDETUL CONSTANTA,,Primarie
"LOZNA",primaria_lozna@yahoo.com,JUDETUL SALAJ,,Primarie
"LUNCA",primaria_lu@yahoo.com,JUDETUL TELEORMAN,,Primarie
"LUCIENI",primaria_lucieni@yahoo.com,JUDETUL DAMBOVITA,,Primarie
"LUCIU",primaria_luciu@yahoo.com,JUDETUL BUZAU,,Primarie
"LUNA",primaria_luna@yahoo.com,JUDETUL CLUJ,,Primarie
"LUNCA CORBULUI",primaria_lunca_corbului@yahoo.com,JUDETUL ARGES,,Primarie
"LUNCAVITA",primaria_luncavita@yahoo.com,JUDETUL CARAS-SEVERIN,,Primarie
"LUNGANI",primaria_lungani@yahoo.com,JUDETUL IASI,,Primarie
"LUPSA",primaria_lupsa@yahoo.com,JUDETUL ALBA,,Primarie
"MIHAIL KOGALNICEANU",primaria_m_k_cta@yahoo.com,JUDETUL CONSTANTA,,Primarie
"MACIN",primaria_macin@yahoo.com,JUDETUL TULCEA,,Primarie
"MALUSTENI",primaria_malusteni@yahoo.com,JUDETUL VASLUI,,Primarie
"MANASTIUR",primaria_manastiur@yahoo.com,JUDETUL TIMIS,,Primarie
"MANDRA",primaria_mandra_bv@yahoo.com,JUDETUL BRASOV,,Primarie
"MANOLEASA",primaria_manoleasa@yahoo.com,JUDETUL BOTOSANI,,Primarie
"MARGINA",primaria_margin@yahoo.com,JUDETUL TIMIS,,Primarie
"MASLOC",primaria_masloc@yahoo.com,JUDETUL TIMIS,,Primarie
"MAURENI",primaria_maureni@yahoo.com,JUDETUL CARAS-SEVERIN,,Primarie
"MAVRODIN",primaria_mavrodin@yahoo.com,JUDETUL TELEORMAN,,Primarie
"MIHAI EMINESCU",primaria_me@yahoo.com,JUDETUL BOTOSANI,,Primarie
"MEDGIDIA",primaria_medgidia@yahoo.com,JUDETUL CONSTANTA,,Primarie
"MIHAI BRAVU",primaria_mihaibravu@yahoo.com,JUDETUL TULCEA,,Primarie
"MILAS",primaria_milas@yahoo.com,JUDETUL BISTRITA-NASAUD,,Primarie
"MILCOIU",primaria_milcoiu@yahoo.com,JUDETUL VALCEA,,Primarie
"MILOSESTI",primaria_milosesti@yahoo.com,JUDETUL IALOMITA,,Primarie
"MANZALESTI",primaria_minzalesti@yahoo.com,JUDETUL BUZAU,,Primarie
"MIRONEASA",primaria_mironeasa@yahoo.com,JUDETUL IASI,,Primarie
"MISCA",primaria_misca@yahoo.com,JUDETUL ARAD,,Primarie
"MITOCU DRAGOMIRNEI",primaria_mitocudragomirnei@yahoo.com,JUDETUL SUCEAVA,,Primarie
"MODELU",primaria_modelu@yahoo.com,JUDETUL CALARASI,,Primarie
"MOLDOVENI",primaria_moldoveni@yahoo.com,JUDETUL NEAMT,,Primarie
"MOROENI",primaria_moroeni@yahoo.com,JUDETUL DAMBOVITA,,Primarie
"MOSNA",primaria_mosna@yahoo.com,JUDETUL SIBIU,,Primarie
"MOSOAIA",primaria_mosoaia@yahoo.com,JUDETUL ARGES,,Primarie
"MOVILA BANULUI",primaria_movilabanului@hotmail.com,JUDETUL BUZAU,,Primarie
"MUEREASCA",primaria_muereasca@yahoo.com,JUDETUL VALCEA,,Primarie
"MURIGHIOL",primaria_murighiol@yahoo.com,JUDETUL TULCEA,,Primarie
"MIHAI VITEAZU",primaria_mv@hotmail.com,JUDETUL CONSTANTA,,Primarie
"NAIDAS",primaria_naidas@yahoo.com,JUDETUL CARAS-SEVERIN,,Primarie
"NALBANT",primaria_nalbant@yahoo.com,JUDETUL TULCEA,,Primarie
"NARUJA",primaria_naruja@yahoo.com,JUDETUL VRANCEA,,Primarie
"NEGRILESTI",primaria_negrilesti@yahoo.com,JUDETUL GALATI,,Primarie
"NEGRU VODA",primaria_negruvoda@yahoo.com,JUDETUL CONSTANTA,,Primarie
"NICOLAE TITULESCU",primaria_nicolae_titulescu@yahoo.com,JUDETUL OLT,,Primarie
"NICSENI",primaria_nicseni@yahoo.com,JUDETUL BOTOSANI,,Primarie
"NOVACI",primaria_novaci@yahoo.com,JUDETUL GORJ,,Primarie
"NUCSOARA",primaria_nucsoara@yahoo.com,JUDETUL ARGES,,Primarie
"NUSENI",primaria_nuseni@yahoo.com,JUDETUL BISTRITA-NASAUD,,Primarie
"OCNA DE FIER",primaria_ocnadefier@yahoo.com,JUDETUL CARAS-SEVERIN,,Primarie
"ODOBESTI",primaria_odobesti@yahoo.com,JUDETUL DAMBOVITA,,Primarie
"OGRADA",primaria_ograda@yahoo.com,JUDETUL IALOMITA,,Primarie
"OGREZENI",primaria_ogrezeni@yahoo.com,JUDETUL GIURGIU,,Primarie
"OLARI",primaria_olari@yahoo.com,JUDETUL ARAD,,Primarie
"OLTENESTI",primaria_oltenesti@yahoo.com,JUDETUL VASLUI,,Primarie
"OLTINA",primaria_oltina@yahoo.com,JUDETUL CONSTANTA,,Primarie
"ONCESTI",primaria_oncesti_maramures@yahoo.com,JUDETUL MARAMURES,,Primarie
"ONICENI",primaria_oniceni@yahoo.com,JUDETUL NEAMT,,Primarie
"BREZOI",primaria_oras_brezoi@yahoo.com,JUDETUL VALCEA,,Primarie
"TEIUS",primaria_orasului_teius@yahoo.com,JUDETUL ALBA,,Primarie
"OSESTI",primaria_osesti@yahoo.com,JUDETUL VASLUI,,Primarie
"OSTRA",primaria_ostra@yahoo.com,JUDETUL SUCEAVA,,Primarie
"OTELEC",primaria_otelec@yahoo.com,JUDETUL TIMIS,,Primarie
"OTELU ROSU",primaria_otelurosu@yahoo.com,JUDETUL CARAS-SEVERIN,,Primarie
"OVIDIU",primaria_ovidiu@yahoo.com,JUDETUL CONSTANTA,,Primarie
"PACURETI",primaria_pacureti@yahoo.com,JUDETUL PRAHOVA,,Primarie
"PARAVA",primaria_parava@yahoo.com,JUDETUL BACAU,,Primarie
"PARJOL",primaria_parjol@yahoo.com,JUDETUL BACAU,,Primarie
"PARTA",primaria_parta@yahoo.com,JUDETUL TIMIS,,Primarie
"PAUSESTI-MAGLASI",primaria_pausestimg@yahoo.com,JUDETUL VALCEA,,Primarie
"PECENEAGA",primaria_peceneaga@yahoo.com,JUDETUL TULCEA,,Primarie
"PECINEAGA",primaria_pecineaga@yahoo.com,JUDETUL CONSTANTA,,Primarie
"PECIU NOU",primaria_peciunou@yahoo.com,JUDETUL TIMIS,,Primarie
"PERISANI",primaria_perisani@yahoo.com,JUDETUL VALCEA,,Primarie
"PERSINARI",primaria_persinari@yahoo.com,JUDETUL DAMBOVITA,,Primarie
"PESCEANA",primaria_pesceana@yahoo.com,JUDETUL VALCEA,,Primarie
"PETRACHIOAIA",primaria_petrachioaia@yahoo.com,JUDETUL ILFOV,,Primarie
"PIATRA",primaria_piatra_tr@yahoo.com,JUDETUL TELEORMAN,,Primarie
"PISCHIA",primaria_pischia@yahoo.com,JUDETUL TIMIS,,Primarie
"PISCU",primaria_piscu@yahoo.com,JUDETUL GALATI,,Primarie
"PLATONESTI",primaria_platonesti@yahoo.com,JUDETUL IALOMITA,,Primarie
"PLESOIU",primaria_plesoiuolt@yahoo.com,JUDETUL OLT,,Primarie
"PLOPIS",primaria_plopis@yahoo.com,JUDETUL SALAJ,,Primarie
"PLOSCA",primaria_plosca@yahoo.com,JUDETUL TELEORMAN,,Primarie
"PLUGARI",primaria_plugari@yahoo.com,JUDETUL IASI,,Primarie
"POIANA",primaria_poianadambovita@yahoo.com,JUDETUL DAMBOVITA,,Primarie
"POIENESTI",primaria_poienesti@yahoo.com,JUDETUL VASLUI,,Primarie
"POIENI",primaria_poienicj@yahoo.com,JUDETUL CLUJ,,Primarie
"POMI",primaria_pomi@yahoo.com,JUDETUL SATU MARE,,Primarie
"VIMA MICA",primaria_primariavima@email.ro,JUDETUL MARAMURES,,Primarie
"PRISACANI",primaria_prisacani@yahoo.com,JUDETUL IASI,,Primarie
"PRUNDU",primaria_prundu@yahoo.com,JUDETUL GIURGIU,,Primarie
"PUFESTI",primaria_pufesti@yahoo.com,JUDETUL VRANCEA,,Primarie
"PUNGESTI",primaria_pungesti@yahoo.com,JUDETUL VASLUI,,Primarie
"PUTNA",primaria_putna@clicknet.ro,JUDETUL SUCEAVA,,Primarie
"RACOASA",primaria_racoasa2008@yahoo.com,JUDETUL VRANCEA,,Primarie
"RADESTI",primaria_radesti@yahoo.com,JUDETUL GALATI,,Primarie
"RADOVANU",primaria_radovanu@yahoo.com,JUDETUL CALARASI,,Primarie
"RISCA",primaria_rasca@yahoo.com,JUDETUL CLUJ,,Primarie
"RECEA",primaria_receabv@yahoo.com,JUDETUL BRASOV,,Primarie
"REDIU",primaria_rediu@yahoo.com,JUDETUL NEAMT,,Primarie
"REMETEA",primaria_remetea@yahoo.com,JUDETUL BIHOR,,Primarie
"RIENI",primaria_rieni@yahoo.com,JUDETUL BIHOR,,Primarie
"RAMETEA",primaria_rimetea@yahoo.com,JUDETUL ALBA,,Primarie
"RAMNICELU",primaria_rimnicelu@yahoo.com,JUDETUL BUZAU,,Primarie
"RASCA",primaria_risca@yahoo.com,JUDETUL SUCEAVA,,Primarie
"ROBEASCA",primaria_robeasca@yahoo.com,JUDETUL BUZAU,,Primarie
"ROMA",primaria_roma@yahoo.com,JUDETUL BOTOSANI,,Primarie
"RONA DE SUS",primaria_ronadesus@yahoo.com,JUDETUL MARAMURES,,Primarie
"ROSIA",primaria_rosia2007@yahoo.com,JUDETUL BIHOR,,Primarie
"ROSIORI",primaria_rosiori@yahoo.com,JUDETUL BRAILA,,Primarie
"RUNCU",primaria_runcu@yahoo.com,JUDETUL VALCEA,,Primarie
"SACALASENI",primaria_sacalaseni@yahoo.com,JUDETUL MARAMURES,,Primarie
"SACALAZ",primaria_sacalaz@yahoo.com,JUDETUL TIMIS,,Primarie
"SACEL",primaria_sacel@yahoo.com,JUDETUL MARAMURES,,Primarie
"SACELE",primaria_sacele@yahoo.com,JUDETUL BRASOV,,Primarie
"SACU",primaria_sacu@yahoo.com,JUDETUL CARAS-SEVERIN,,Primarie
"SAGNA",primaria_sagna@yahoo.com,JUDETUL NEAMT,,Primarie
"SALCIOARA",primaria_salcioara@yahoo.com,JUDETUL IALOMITA,,Primarie
"SALISTEA",primaria_salistea@yahoo.com,JUDETUL ALBA,,Primarie
"SALSIG",primaria_salsig@yahoo.com,JUDETUL MARAMURES,,Primarie
"SAMBATA",primaria_sambata@yahoo.com,JUDETUL BIHOR,,Primarie
"SANDOMINIC",primaria_sandominic@yahoo.com,JUDETUL HARGHITA,,Primarie
"SARASAU",primaria_sarasau2000@yahoo.com,JUDETUL MARAMURES,,Primarie
"SARU DORNEI",primaria_saru_dornei@yahoo.com,JUDETUL SUCEAVA,,Primarie
"SARULESTI",primaria_sarulesti@yahoo.com,JUDETUL CALARASI,,Primarie
"SAULESTI",primaria_saulesti@yahoo.com,JUDETUL GORJ,,Primarie
"SAVENI",primaria_saveni@yahoo.com,JUDETUL BOTOSANI,,Primarie
"SCHITU DUCA",primaria_schituduca@yahoo.com,JUDETUL IASI,,Primarie
"SCANTEIESTI",primaria_scinteiesti@yahoo.com,JUDETUL GALATI,,Primarie
"SCOBINTI",primaria_scobinti@yahoo.com,JUDETUL IASI,,Primarie
"SCORTENI",primaria_scorteni@yahoo.com,JUDETUL PRAHOVA,,Primarie
"SCUNDU",primaria_scundu@yahoo.com,JUDETUL VALCEA,,Primarie
"SEACA",primaria_seaca@yahoo.com,JUDETUL TELEORMAN,,Primarie
"SECARIA",primaria_secaria@yahoo.com,JUDETUL PRAHOVA,,Primarie
"SFANTU GHEORGHE",primaria_sf.gheorghe_delta@yahoo.com,JUDETUL TULCEA,,Primarie
"SICHEVITA",primaria_sichevita@yahoo.com,JUDETUL CARAS-SEVERIN,,Primarie
"SIEU-MAGHERUS",primaria_sieumagherus@yahoo.com,JUDETUL BISTRITA-NASAUD,,Primarie
"SILISTEA",primaria_silistea@yahoo.com,JUDETUL CONSTANTA,,Primarie
"SILISTEA-GUMESTI",primaria_silistea_gumesti@yahoo.com,JUDETUL TELEORMAN,,Primarie
"SIMLEU SILVANIEI",primaria_simleu@yahoo.com,JUDETUL SALAJ,,Primarie
"SINCA",primaria_sinca@yahoo.com,JUDETUL BRASOV,,Primarie
"SINESTI",primaria_sinesti@yahoo.com,JUDETUL VALCEA,,Primarie
"SINESTI",primaria_sinesti_il@yahoo.com,JUDETUL IALOMITA,,Primarie
"SIRNA",primaria_sirna@yahoo.com,JUDETUL PRAHOVA,,Primarie
"SLANIC MOLDOVA",primaria_sl@yahoo.com,JUDETUL BACAU,,Primarie
"SLATIOARA",primaria_slatioara@yahoo.com,JUDETUL VALCEA,,Primarie
"SLOBOZIA CIORASTI",primaria_sloboziaciorasti@yahoo.com,JUDETUL VRANCEA,,Primarie
"SNAGOV",primaria_snagov@yahoo.com,JUDETUL ILFOV,,Primarie
"SOFRONEA",primaria_sofronea@yahoo.com,JUDETUL ARAD,,Primarie
"SOHODOL",primaria_sohodol@yahoo.com,JUDETUL ALBA,,Primarie
"STANITA",primaria_stanita@yahoo.com,JUDETUL NEAMT,,Primarie
"STAUCENI",primaria_staucenibt@yahoo.com,JUDETUL BOTOSANI,,Primarie
"STEJARU",primaria_stejaru@yahoo.com,JUDETUL TULCEA,,Primarie
"STRAJA",primaria_straja@yahoo.com,JUDETUL SUCEAVA,,Primarie
"STREMT",primaria_stremt@yahoo.com,JUDETUL ALBA,,Primarie
"STROIESTI",primaria_stroiesti@yahoo.com,JUDETUL SUCEAVA,,Primarie
"STRUNGA",primaria_strunga@yahoo.com,JUDETUL IASI,,Primarie
"SUHARAU",primaria_suharau@yahoo.com,JUDETUL BOTOSANI,,Primarie
"SURDUC",primaria_surduc@yahoo.com,JUDETUL SALAJ,,Primarie
"TALPA",primaria_talpa@yahoo.com,JUDETUL TELEORMAN,,Primarie
"TANDAREI",primaria_tandarei@yahoo.com,JUDETUL IALOMITA,,Primarie
"TARLUNGENI",primaria_tarlungeni@yahoo.com,JUDETUL BRASOV,,Primarie
"TARTASESTI",primaria_tartasesti@yahoo.com,JUDETUL DAMBOVITA,,Primarie
"TATARANI",primaria_tatarani@yahoo.com,JUDETUL VASLUI,,Primarie
"TATARUSI",primaria_tatarusi@yahoo.com,JUDETUL IASI,,Primarie
"TEREBESTI",primaria_terebesti@yahoo.com,JUDETUL SATU MARE,,Primarie
"TEREGOVA",primaria_teregova@yahoo.com,JUDETUL CARAS-SEVERIN,,Primarie
"TARGU LAPUS",primaria_tgl@yahoo.com,JUDETUL MARAMURES,,Primarie
"TIBUCANI",primaria_tibucani@yahoo.com,JUDETUL NEAMT,,Primarie
"TICLENI",primaria_ticleni@yahoo.com,JUDETUL GORJ,,Primarie
"TICUSU",primaria_ticus@yahoo.com,JUDETUL BRASOV,,Primarie
"TIHA BARGAULUI",primaria_tiha@yahoo.com,JUDETUL BISTRITA-NASAUD,,Primarie
"TILEAGD",primaria_tileagd@yahoo.com,JUDETUL BIHOR,,Primarie
"TAMBOESTI",primaria_timboesti@yahoo.com,JUDETUL VRANCEA,,Primarie
"TIMISESTI",primaria_timisesti@yahoo.com,JUDETUL NEAMT,,Primarie
"TINOSU",primaria_tinosu@yahoo.com,JUDETUL PRAHOVA,,Primarie
"TARLISUA",primaria_tirlisua@yahoo.com,JUDETUL BISTRITA-NASAUD,,Primarie
"TOPOLOG",primaria_topolog@yahoo.com,JUDETUL TULCEA,,Primarie
"TRIFESTI",primaria_trifesti@yahoo.com,JUDETUL IASI,,Primarie
"TRUSESTI",primaria_trusesti@yahoo.com,JUDETUL BOTOSANI,,Primarie
"TULGHES",primaria_tulghes@yahoo.com,JUDETUL HARGHITA,,Primarie
"TURBUREA",primaria_turburea@yahoo.com,JUDETUL GORJ,,Primarie
"UCEA",primaria_ucea@yahoo.com,JUDETUL BRASOV,,Primarie
"UDA",primaria_uda@yahoo.com,JUDETUL ARGES,,Primarie
"UIVAR",primaria_uivar@yahoo.com,JUDETUL TIMIS,,Primarie
"ULIESTI",primaria_uliesti@yahoo.com,JUDETUL DAMBOVITA,,Primarie
"ULMENI",primaria_ulmeni@yahoo.com,JUDETUL CALARASI,,Primarie
"ULMU",primaria_ulmu@yahoo.com,JUDETUL BRAILA,,Primarie
"UNIREA",primaria_unirea@yahoo.com,JUDETUL BRAILA,,Primarie
"UNTENI",primaria_untenibt@yahoo.com,JUDETUL BOTOSANI,,Primarie
"URECHENI",primaria_urecheni@yahoo.com,JUDETUL NEAMT,,Primarie
"URIU",primaria_uriu@yahoo.com,JUDETUL BISTRITA-NASAUD,,Primarie
"VACULESTI",primaria_vaculesti@yahoo.com,JUDETUL BOTOSANI,,Primarie
"VADU MOLDOVEI",primaria_vadu_moldovei@yahoo.com,JUDETUL SUCEAVA,,Primarie
"VAGIULESTI",primaria_vagiulesti@yahoo.com,JUDETUL GORJ,,Primarie
"VALCANI",primaria_valcani@yahoo.com,JUDETUL TIMIS,,Primarie
"VALEA ARGOVEI",primaria_valea_argovei@yahoo.com,JUDETUL CALARASI,,Primarie
"VALEA IERII",primaria_valea_ierii@yahoo.com,JUDETUL CLUJ,,Primarie
"VALEA LUPULUI",primaria_valealupului@yahoo.com,JUDETUL IASI,,Primarie
"VAMA",primaria_vama@yahoo.com,JUDETUL SUCEAVA,,Primarie
"VARADIA",primaria_varadia@yahoo.com,JUDETUL CARAS-SEVERIN,,Primarie
"VARIAS",primaria_varias@yahoo.com,JUDETUL TIMIS,,Primarie
"VASCAU",primaria_vascau@yahoo.com,JUDETUL BIHOR,,Primarie
"VERESTI",primaria_veresti@yahoo.com,JUDETUL SUCEAVA,,Primarie
"VETEL",primaria_vetel@yahoo.com,JUDETUL HUNEDOARA,,Primarie
"VETIS",primaria_vetis@yahoo.com,JUDETUL SATU MARE,,Primarie
"VALEA IASULUI",primaria_viasului@yahoo.com,JUDETUL ARGES,,Primarie
"VIDRA",primaria_vidra_ab@yahoo.com,JUDETUL ALBA,,Primarie
"VIISOARA",primaria_viisoara_vs@yahoo.com,JUDETUL VASLUI,,Primarie
"VALCELELE",primaria_vilcelele@yahoo.com,JUDETUL CALARASI,,Primarie
"VISEU DE JOS",primaria_viseu_de_jos@yahoo.com,JUDETUL MARAMURES,,Primarie
"VLASINESTI",primaria_vlasinesti@yahoo.com,JUDETUL BOTOSANI,,Primarie
"VOITINEL",primaria_voitinel@yahoo.com,JUDETUL SUCEAVA,,Primarie
"VORNICENI",primaria_vorniceni@yahoo.com,JUDETUL BOTOSANI,,Primarie
"VORONA",primaria_vorona@yahoo.com,JUDETUL BOTOSANI,,Primarie
"VORTA",primaria_vorta@yahoo.com,JUDETUL HUNEDOARA,,Primarie
"VALEA TEILOR",primaria_vt@yahoo.com,JUDETUL TULCEA,,Primarie
"VULTURENI",primaria_vultureni@yahoo.com,JUDETUL CLUJ,,Primarie
"VURPAR",primaria_vurpar@yahoo.com,JUDETUL SIBIU,,Primarie
"ZAM",primaria_zam@yahoo.com,JUDETUL HUNEDOARA,,Primarie
"ZAMOSTEA",primaria_zamostea@yahoo.com,JUDETUL SUCEAVA,,Primarie
"ZAPODENI",primaria_zapodeni_vaslui@yahoo.fr,JUDETUL VASLUI,,Primarie
"ZATRENI",primaria_zatreni@yahoo.com,JUDETUL VALCEA,,Primarie
"ZIDURI",primaria_ziduri2008@yahoo.com,JUDETUL BUZAU,,Primarie
"ZVORISTEA",primaria_zvoristea@yahoo.com,JUDETUL SUCEAVA,,Primarie
"ABRUD",primariaabrud@yahoo.com,JUDETUL ALBA,,Primarie
"ACIS",primariaacas@yahoo.com,JUDETUL SATU MARE,,Primarie
"ALEXANDRU CEL BUN",primariaacbnt@yahoo.com,JUDETUL NEAMT,,Primarie
"ADAMCLISI",primariaadamclisi@yahoo.com,JUDETUL CONSTANTA,,Primarie
"ADJUD",primariaadjud@gmail.com,JUDETUL VRANCEA,,Primarie
"AGAPIA",primariaagapia@yahoo.com,JUDETUL NEAMT,,Primarie
"AGAS",primariaagas@yahoo.com,JUDETUL BACAU,,Primarie
"AITA MARE",primariaaitamare@gmail.com,JUDETUL COVASNA,,Primarie
"AITON",primariaaiton_ro@yahoo.com,JUDETUL CLUJ,,Primarie
"ALBESTI-PALEOLOGU",primariaalbesti@clicknet.ro,JUDETUL PRAHOVA,,Primarie
"ALBESTII DE MUSCEL",primariaalbesti@yahoo.com,JUDETUL ARGES,,Primarie
"ALMASU",primariaalmasu.salaj@yahoo.com,JUDETUL SALAJ,,Primarie
"ALUNIS",primariaalunis@yahoo.com,JUDETUL CLUJ,,Primarie
"AMZACEA",primariaamzacea@yahoo.com,JUDETUL CONSTANTA,,Primarie
"ANDRID",primariaandrid@yahoo.com,JUDETUL SATU MARE,,Primarie
"ANINOASA",primariaaninoasa@yahoo.com,JUDETUL HUNEDOARA,,Primarie
"ARCANI",primariaarcani@yahoo.com,JUDETUL GORJ,,Primarie
"ARCHIS",primariaarchis@yahoo.com,JUDETUL ARAD,,Primarie
"ARDEOANI",primariaardeoani@yahoo.com,JUDETUL BACAU,,Primarie
"ARICESTII ZELETIN",primariaaricesti@yahoo.com,JUDETUL PRAHOVA,,Primarie
"ARIESENI",primariaarieseni@yahoo.com,JUDETUL ALBA,,Primarie
"ARONEANU",primariaaroneanu@yahoo.com,JUDETUL IASI,,Primarie
"ASCHILEU",primariaaschileu@yahoo.com,JUDETUL CLUJ,,Primarie
"ATID",primariaatid@citromail.hu,JUDETUL HARGHITA,,Primarie
"AUGUSTIN",primariaaugustin@yahoo.com,JUDETUL BRASOV,,Primarie
"AVRAM IANCU",primariaavramiancu@mail.ro,JUDETUL ALBA,,Primarie
"AXINTELE",primariaaxintele@yahoo.com,JUDETUL IALOMITA,,Primarie
"BABAITA",primariababaita@yahoo.com,JUDETUL TELEORMAN,,Primarie
"BABANA",primariababana@yahoo.com,JUDETUL ARGES,,Primarie
"BABICIU",primariababiciu@judetulolt.ro,JUDETUL OLT,,Primarie
"BACANI",primariabacani@yahoo.com,JUDETUL VASLUI,,Primarie
"BACIA",primariabacia@yahoo.com,JUDETUL HUNEDOARA,,Primarie
"BACIU",primariabaciu@yahoo.com,JUDETUL CLUJ,,Primarie
"BAIA",primariabaia@yahoo.com,JUDETUL TULCEA,,Primarie
"BAISOARA",primariabaisoara@yahoo.com,JUDETUL CLUJ,,Primarie
"BAIUT",primariabaiut@yahoo.com,JUDETUL MARAMURES,,Primarie
"BALABANESTI",primariabalabanesti@yahoo.com,JUDETUL GALATI,,Primarie
"BALACEANU",primariabalaceanu@gmail.com,JUDETUL BUZAU,,Primarie
"BALAN",primariabalan@yahoo.com,JUDETUL SALAJ,,Primarie
"BALANESTI",primariabalanesti@yahoo.com,JUDETUL GORJ,,Primarie
"BALASESTI",primariabalasesti@yahoo.com,JUDETUL GALATI,,Primarie
"BALCANI",primariabalcani@yahoo.com,JUDETUL BACAU,,Primarie
"BALCAUTI",primariabalcauti@yahoo.com,JUDETUL SUCEAVA,,Primarie
"BALENI",primariabaleni@yahoo.com,JUDETUL GALATI,,Primarie
"BALESTI",primariabalesti@yahoo.com,JUDETUL GORJ,,Primarie
"BALINT",primariabalint@yahoo.com,JUDETUL TIMIS,,Primarie
"BALTA ALBA",primariabaltaalba@gmail.com,JUDETUL BUZAU,,Primarie
"BALTATI",primariabaltati_is@yahoo.com,JUDETUL IASI,,Primarie
"BALTENI",primariabalteni@adslexpress.ro,JUDETUL OLT,,Primarie
"BALTENI",primariabaltenivs@yahoo.com,JUDETUL VASLUI,,Primarie
"BALUSENI",primariabaluseni@yahoo.com,JUDETUL BOTOSANI,,Primarie
"BANEASA",primariabaneasa@yahoo.com,JUDETUL CONSTANTA,,Primarie
"BANESTI",primariabanesti@yahoo.com,JUDETUL PRAHOVA,,Primarie
"BANITA",primariabanita@yahoo.com,JUDETUL HUNEDOARA,,Primarie
"BARAGANUL",primariabaraganulbr@yahoo.com,JUDETUL BRAILA,,Primarie
"BARBATESTI",primariabarbatestigj@yahoo.com,JUDETUL GORJ,,Primarie
"BARBULESTI",primariabarbulesti@yahoo.com,JUDETUL IALOMITA,,Primarie
"BARSAU",primariabarsau@yahoo.com,JUDETUL SATU MARE,,Primarie
"BARU",primariabaru@yahoo.com,JUDETUL HUNEDOARA,,Primarie
"BARZAVA",primariabarzava@clicknet.net,JUDETUL ARAD,,Primarie
"BASCOV",primariabascov@yahoo.com,JUDETUL ARGES,,Primarie
"BATAR",primariabatar@yahoo.com,JUDETUL BIHOR,,Primarie
"BATRANA",primariabatrana@gmail.com,JUDETUL HUNEDOARA,,Primarie
"BATRANI",primariabatrani@yahoo.com,JUDETUL PRAHOVA,,Primarie
"BEBA VECHE",primariabebaveche@yahoo.com,JUDETUL TIMIS,,Primarie
"BECENI",primariabeceni@yahoo.com,JUDETUL BUZAU,,Primarie
"BEIDAUD",primariabeidaud@yahoo.com,JUDETUL TULCEA,,Primarie
"BELIU",primariabeliu@gmail.com,JUDETUL ARAD,,Primarie
"BERCHISESTI",primariaberchisesti@yahoo.com,JUDETUL SUCEAVA,,Primarie
"BERESTI",primariaberesti@yahoo.com,JUDETUL GALATI,,Primarie
"BERESTI-TAZLAU",primariaberesti_tazlau@yahoo.com,JUDETUL BACAU,,Primarie
"BERGHIN",primariaberghin@yahoo.com,JUDETUL ALBA,,Primarie
"BERISLAVESTI",primariaberislavesti@yahoo.com,JUDETUL VALCEA,,Primarie
"BERIU",primariaberiu@yahoo.com,JUDETUL HUNEDOARA,,Primarie
"BERLESTI",primariaberlesti@yahoo.com,JUDETUL GORJ,,Primarie
"BERTEA",primariabertea@yahoo.com,JUDETUL PRAHOVA,,Primarie
"BERZUNTI",primariaberzunti@yahoo.com,JUDETUL BACAU,,Primarie
"BICAZ",primariabicaz@yahoo.com,JUDETUL NEAMT,,Primarie
"BIERTAN",primariabiertan@yahoo.com,JUDETUL SIBIU,,Primarie
"BIRCHIS",primariabirchis@yahoo.com,JUDETUL ARAD,,Primarie
"BIRGHIS",primariabirghis@yahoo.com,JUDETUL SIBIU,,Primarie
"BARLA",primariabirla@yahoo.com,JUDETUL ARGES,,Primarie
"BARSA",primariabirsa@yahoo.com,JUDETUL ARAD,,Primarie
"BISOCA",primariabisoca@yahoo.com,JUDETUL BUZAU,,Primarie
"BISTRA",primariabistra@artelecom.net,JUDETUL MARAMURES,,Primarie
"BISTRITA BARGAULUI",primariabistritabirgaului@yahoo.com,JUDETUL BISTRITA-NASAUD,,Primarie
"BIVOLARI",primariabivolari@yahoo.com,JUDETUL IASI,,Primarie
"BLAGESTI",primariablagesti@gmail.com,JUDETUL VASLUI,,Primarie
"BLAJEL",primariablajel@yahoo.co.uk,JUDETUL SIBIU,,Primarie
"BLANDIANA",primariablandiana@yahoo.com,JUDETUL ALBA,,Primarie
"BOROSNEU MARE",primariabmare@yahoo.com,JUDETUL COVASNA,,Primarie
"BOBOTA",primariabobota@yahoo.com,JUDETUL SALAJ,,Primarie
"BOCICOIU MARE",primariabocicoiumare@yahoo.com,JUDETUL MARAMURES,,Primarie
"BOCSA",primariabocsa@yahoo.com,JUDETUL CARAS-SEVERIN,,Primarie
"BOCSA",primariabocsasj@yahoo.com,JUDETUL SALAJ,,Primarie
"BOCSIG",primariabocsig@yahoo.com,JUDETUL ARAD,,Primarie
"BOD",primariabod@yahoo.com,JUDETUL BRASOV,,Primarie
"BODESTI",primariabodesti@yahoo.com,JUDETUL NEAMT,,Primarie
"BOGATI",primariabogati@yahoo.com,JUDETUL ARGES,,Primarie
"BOGDA",primariabogda@yahoo.com,JUDETUL TIMIS,,Primarie
"BOGDANA",primariabogdana@yahoo.co.uk,JUDETUL TELEORMAN,,Primarie
"BOGDANESTI",primariabogdanesti@easynet.ro,JUDETUL BACAU,,Primarie
"BOGDANESTI",primariabogdanesti@yahoo.com,JUDETUL SUCEAVA,,Primarie
"BOGDAN VODA",primariabogdanvoda@yahoo.com,JUDETUL MARAMURES,,Primarie
"BOGHIS",primariaboghis@yahoo.com,JUDETUL SALAJ,,Primarie
"BOITA",primariaboita@yahoo.com,JUDETUL SIBIU,,Primarie
"BOLDUR",primariaboldur@gmail.com,JUDETUL TIMIS,,Primarie
"BONTIDA",primariabontida@yahoo.com,JUDETUL CLUJ,,Primarie
"BORASCU",primariaborascu@yahoo.com,JUDETUL GORJ,,Primarie
"BORCA",primariaborca@yahoo.com,JUDETUL NEAMT,,Primarie
"BORCEA",primariaborcea@yahoo.co.uk,JUDETUL CALARASI,,Primarie
"BORDESTI",primariabordesti@yahoo.com,JUDETUL VRANCEA,,Primarie
"BORDUSANI",primariabordusani@yahoo.com,JUDETUL IALOMITA,,Primarie
"BORLESTI",primariaborlesti@yahoo.com,JUDETUL NEAMT,,Primarie
"BOROAIA",primariaboroaia@yahoo.com,JUDETUL SUCEAVA,,Primarie
"BORSA",primariaborsa@yahoo.com,JUDETUL CLUJ,,Primarie
"BOSANCI",primariabosanci@yahoo.com,JUDETUL SUCEAVA,,Primarie
"BOSOROD",primariabosorod@personal.ro,JUDETUL HUNEDOARA,,Primarie
"BOTENI",primariaboteniarges@yahoo.com,JUDETUL ARGES,,Primarie
"BOZIORU",primariabozioru@yahoo.com,JUDETUL BUZAU,,Primarie
"BRADENI",primariabradeni@yahoo.com,JUDETUL SIBIU,,Primarie
"BRAGADIRU",primariabragadiru@yahoo.com,JUDETUL ILFOV,,Primarie
"BRAHASESTI",primariabrahasesti@yahoo.com,JUDETUL GALATI,,Primarie
"BRANISCA",primariabranisca@yahoo.com,JUDETUL HUNEDOARA,,Primarie
"BRANISTEA",primariabranisteabn@gmail.com,JUDETUL BISTRITA-NASAUD,,Primarie
"BRASTAVATU",primariabrastavatu@judetulolt.ro,JUDETUL OLT,,Primarie
"BRATEIU",primariabrateiu@gmail.com,JUDETUL SIBIU,,Primarie
"BRATES",primariabrates@yahoo.com,JUDETUL COVASNA,,Primarie
"BRAZII",primariabrazii@yahoo.com,JUDETUL IALOMITA,,Primarie
"BREAZA",primariabreazasv@yahoo.com,JUDETUL SUCEAVA,,Primarie
"BREBENI",primariabrebeni@yahoo.com,JUDETUL OLT,,Primarie
"BREBU",primariabrebu@yahoo.com,JUDETUL PRAHOVA,,Primarie
"BRODINA",primariabrodina@yahoo.com,JUDETUL SUCEAVA,,Primarie
"BROSCAUTI",primariabroscauti@hotmail.com,JUDETUL BOTOSANI,,Primarie
"BROSTENI",primariabrosteni@yahoo.com,JUDETUL VRANCEA,,Primarie
"BRUIU",primariabruiu@yahoo.com,JUDETUL SIBIU,,Primarie
"BRUSTUROASA",primariabrusturoasa@yahoo.com,JUDETUL BACAU,,Primarie
"BUCES",primariabuces@clicknet.ro,JUDETUL HUNEDOARA,,Primarie
"BUCIUMENI",primariabuciumeni@yahoo.com,JUDETUL DAMBOVITA,,Primarie
"BUCIUMI",primariabuciumicontab@yahoo.com,JUDETUL BACAU,,Primarie
"BUCURESCI",primariabucuresci@yahoo.com,JUDETUL HUNEDOARA,,Primarie
"BUDA",primariabuda@gmail.com,JUDETUL BUZAU,,Primarie
"BUDEASA",primariabudeasa@personal.ro,JUDETUL ARGES,,Primarie
"BUDESTI",primariabudesti@yahoo.com,JUDETUL BISTRITA-NASAUD,,Primarie
"BUDILA",primariabudila@yahoo.com,JUDETUL BRASOV,,Primarie
"BUESTI",primariabuestiil@yahoo.com,JUDETUL IALOMITA,,Primarie
"BUFTEA",primariabuftea@primariabuftea.ro,JUDETUL ILFOV,,Primarie
"BUGHEA DE JOS",primariabugheadejos@yahoo.com,JUDETUL ARGES,,Primarie
"BUHUSI",primariabuhusi@yahoo.com,JUDETUL BACAU,,Primarie
"BUJORENI",primariabujoreni@gmail.com,JUDETUL TELEORMAN,,Primarie
"BUNESTI",primariabunesti@gmail.com,JUDETUL BRASOV,,Primarie
"BURLA",primariaburla@yahoo.com,JUDETUL SUCEAVA,,Primarie
"BUSTUCHIN",primariabustuchin@yahoo.com,JUDETUL GORJ,,Primarie
"BUTENI",primariabuteni@yahoo.com,JUDETUL ARAD,,Primarie
"BUTIMANU",primariabutimanu@gmail.com,JUDETUL DAMBOVITA,,Primarie
"CACICA",primariacacica@yahoo.com,JUDETUL SUCEAVA,,Primarie
"CAIUTI",primariacaiuti@yahoo.com,JUDETUL BACAU,,Primarie
"CALAFINDESTI",primariacalafindesti@yahoo.com,JUDETUL SUCEAVA,,Primarie
"CALAN",primariacalan@yahoo.com,JUDETUL HUNEDOARA,,Primarie
"CALINESTI",primariacalinesti@yahoo.com,JUDETUL MARAMURES,,Primarie
"CALINESTI-OAS",primariacalinestioas@yahoo.com,JUDETUL SATU MARE,,Primarie
"CALUI",primariacalui@yahoo.com,JUDETUL OLT,,Primarie
"CAMAR",primariacamar@yahoo.com,JUDETUL SALAJ,,Primarie
"CAMARZANA",primariacamarzana@gmail.com,JUDETUL SATU MARE,,Primarie
"CAMPULUNG LA TISA",primariacampulunglatisa@yahoo.com,JUDETUL MARAMURES,,Primarie
"CANDESTI",primariacandesti@yahoo.com,JUDETUL BOTOSANI,,Primarie
"CANESTI",primariacanesti@yahoo.com,JUDETUL BUZAU,,Primarie
"CAREI",primariacar@yahoo.com,JUDETUL SATU MARE,,Primarie
"I. L. CARAGIALE",primariacaragiale@gmail.com,JUDETUL DAMBOVITA,,Primarie
"CARAND",primariacarand@yahoo.com,JUDETUL ARAD,,Primarie
"CARBUNESTI",primariacarbunesti@yahoo.com,JUDETUL PRAHOVA,,Primarie
"CASCIOARELE",primariacascioarele2006@yahoo.com,JUDETUL CALARASI,,Primarie
"CATA",primariacata@yahoo.com,JUDETUL BRASOV,,Primarie
"CATALINA",primariacatalina@yahoo.com,JUDETUL COVASNA,,Primarie
"CATINA",primariacatina@yahoo.com,JUDETUL CLUJ,,Primarie
"CATUNELE",primariacatunele@yahoo.com,JUDETUL GORJ,,Primarie
"CAUAS",primariacauas@yahoo.com,JUDETUL SATU MARE,,Primarie
"CONSTANTIN DAICOVICIU",primariacavaran@yahoo.com,JUDETUL CARAS-SEVERIN,,Primarie
"CAVNIC",primariacavnic@yahoo.com,JUDETUL MARAMURES,,Primarie
"CAZASU",primariacazasu@yahoo.com,JUDETUL BRAILA,,Primarie
"CAPU CAMPULUI",primariaccampului@yahoo.com,JUDETUL SUCEAVA,,Primarie
"CETATEA DE BALTA",primariacdb@yahoo.com,JUDETUL ALBA,,Primarie
"CEAMURLIA DE JOS",primariaceamurlia@yahoo.com,JUDETUL TULCEA,,Primarie
"CEATALCHIOI",primariaceatalchioi@gmail.com,JUDETUL TULCEA,,Primarie
"CENADE",primariacenade@yahoo.com,JUDETUL ALBA,,Primarie
"CEPLENITA",primariaceplenita@yahoo.com,JUDETUL IASI,,Primarie
"CEPTURA",primariaceptura@yahoo.com,JUDETUL PRAHOVA,,Primarie
"CERBAL",primariacerbal@yahoo.com,JUDETUL HUNEDOARA,,Primarie
"CERGAU",primariacergau@yahoo.com,JUDETUL ALBA,,Primarie
"CERNATESTI",primariacernatesti@yahoo.com,JUDETUL BUZAU,,Primarie
"CERNA",primariacernatl@yahoo.com,JUDETUL TULCEA,,Primarie
"CERTESTI",primariacertesti@yahoo.com,JUDETUL GALATI,,Primarie
"CERU-BACAINTI",primariacerubacainti@yahoo.com,JUDETUL ALBA,,Primarie
"CEZIENI",primariacezieni@judetulolt.ro,JUDETUL OLT,,Primarie
"CHISINEU-CRIS",primariachcris@yahoo.com,JUDETUL ARAD,,Primarie
"CHINTENI",primariachinteni@yahoo.com,JUDETUL CLUJ,,Primarie
"CHIOJDU",primariachiojdu@yahoo.com,JUDETUL BUZAU,,Primarie
"CHISCANI",primariachiscani@yahoo.com,JUDETUL BRAILA,,Primarie
"CHISELET",primariachiselet@clicknet.ro,JUDETUL CALARASI,,Primarie
"CHISINDIA",primariachisindia@yahoo.com,JUDETUL ARAD,,Primarie
"CHIUIESTI",primariachiuiesti@yahoo.com,JUDETUL CLUJ,,Primarie
"CIACOVA",primariaciacova@primariaiacova.ro,JUDETUL TIMIS,,Primarie
"CICARLAU",primariacicarlau@yahoo.com,JUDETUL MARAMURES,,Primarie
"CICLOVA ROMANA",primariaciclovaromana@yahoo.com,JUDETUL CARAS-SEVERIN,,Primarie
"CILIBIA",primariacilibia@yahoo.com,JUDETUL BUZAU,,Primarie
"CILIENI",primariacilieni@judetulolt.ro,JUDETUL OLT,,Primarie
"POSTA CALNAU",primariacilnau@yahoo.com,JUDETUL BUZAU,,Primarie
"CAMPANI",primariacimpani@yahoo.com,JUDETUL BIHOR,,Primarie
"CINCU",primariacincu@yahoo.com,JUDETUL BRASOV,,Primarie
"CIOBANU",primariaciobanu@yahoo.com,JUDETUL CONSTANTA,,Primarie
"CIOCANESTI",primariaciocanesti@yahoo.com,JUDETUL CALARASI,,Primarie
"CIOCHINA",primariaciochina@yahoo.com,JUDETUL IALOMITA,,Primarie
"CIOCILE",primariaciocile@yahoo.com,JUDETUL BRAILA,,Primarie
"CIOCARLIA",primariaciocirlia@yahoo.com,JUDETUL CONSTANTA,,Primarie
"CIORASTI",primariaciorasti@yahoo.com,JUDETUL VRANCEA,,Primarie
"CIPRIAN PORUMBESCU",primariaciprianporumbescusv@yahoo.com,JUDETUL SUCEAVA,,Primarie
"CIRESU",primariaciresu@yahoo.com,JUDETUL BRAILA,,Primarie
"CISLAU",primariacislau@clicknet.ro,JUDETUL BUZAU,,Primarie
"CIUGUD",primariaciugud@yahoo.com,JUDETUL ALBA,,Primarie
"CIULNITA",primariaciulnita@yahoo.com,JUDETUL IALOMITA,,Primarie
"CIUMESTI",primariaciumesti@yahoo.com,JUDETUL SATU MARE,,Primarie
"CIUPERCENI",primariaciuperceni@yahoo.com,JUDETUL TELEORMAN,,Primarie
"CIUREA",primariaciurea@yahoo.com,JUDETUL IASI,,Primarie
"CIURULEASA",primariaciuruleasa@clicknet.ro,JUDETUL ALBA,,Primarie
"CIZER",primariacizer@yahoo.com,JUDETUL SALAJ,,Primarie
"CLINCENI",primariaclinceni@yahoo.com,JUDETUL ILFOV,,Primarie
"CICEU - MIHAIESTI",primariacm@gmail.com,JUDETUL BISTRITA-NASAUD,,Primarie
"COSTACHE NEGRI",primariacnegri@yahoo.com,JUDETUL GALATI,,Primarie
"COBADIN",primariacobadin@yahoo.com,JUDETUL CONSTANTA,,Primarie
"COCHIRLEANCA",primariacochirleanca@yahoo.com,JUDETUL BUZAU,,Primarie
"COCORA",primariacocorail@yahoo.com,JUDETUL IALOMITA,,Primarie
"COCORASTII MISLII",primariacocorastiimislii@yahoo.com,JUDETUL PRAHOVA,,Primarie
"CODLEA",primariacodlea@yahoo.com,JUDETUL BRASOV,,Primarie
"COLELIA",primariacolelia@yahoo.com,JUDETUL IALOMITA,,Primarie
"COLTI",primariacolti@yahoo.com,JUDETUL BUZAU,,Primarie
"BAIA",primariacombaia@yahoo.com,JUDETUL SUCEAVA,,Primarie
"COMLOSU MARE",primariacomlosumare@yahoo.com,JUDETUL TIMIS,,Primarie
"SCRIOASTEA",primariacomscrioastea@yahoo.com,JUDETUL TELEORMAN,,Primarie
"BOZIENI",primariacomunabozieni@yahoo.com,JUDETUL NEAMT,,Primarie
"BALS",primariacomuneibals@yahoo.com,JUDETUL IASI,,Primarie
"DRANCENI",primariacomuneidranceni@yahoo.com,JUDETUL VASLUI,,Primarie
"FARAU",primariacomuneifarau@yahoo.com,JUDETUL ALBA,,Primarie
"GRECI",primariacomuneigreci@yahoo.com,JUDETUL TULCEA,,Primarie
"METES",primariacomuneimetes@yahoo.com,JUDETUL ALBA,,Primarie
"PIANU",primariacomuneipianu@yahoo.com,JUDETUL ALBA,,Primarie
"PISCOLT",primariacomuneipiscolt@yahoo.com,JUDETUL SATU MARE,,Primarie
"PRIBOIENI",primariacomuneipriboieni@yahoo.com,JUDETUL ARGES,,Primarie
"SARBENI",primariacomuneisirbeni@yahoo.com,JUDETUL TELEORMAN,,Primarie
"TRAIAN",primariacomuneitraian@yahoo.com,JUDETUL IALOMITA,,Primarie
"CONCESTI",primariaconcesti@yahoo.com,JUDETUL BOTOSANI,,Primarie
"STOENESTI",primariaconsiliullocalstoenesti@yahopo.com,JUDETUL OLT,,Primarie
"CONTESTI",primariacontesti@gmail.com,JUDETUL TELEORMAN,,Primarie
"COPACELE",primariacopacele@yahoo.com,JUDETUL CARAS-SEVERIN,,Primarie
"COPACENI",primariacopaceni@yahoo.com,JUDETUL VALCEA,,Primarie
"COPALAU",primariacopalau@yahoo.com,JUDETUL BOTOSANI,,Primarie
"CORABIA",primariacorabia@yahoo.com,JUDETUL OLT,,Primarie
"CORBI",primariacorbi@yahoo.com,JUDETUL ARGES,,Primarie
"CORBU",primariacorbu@judetulolt.ro,JUDETUL OLT,,Primarie
"CORBU",primariacorbu@yahoo.com,JUDETUL HARGHITA,,Primarie
"CORLATENI",primariacorlateni@yahoo.com,JUDETUL BOTOSANI,,Primarie
"CORNEA",primariacorneacs@yahoo.com,JUDETUL CARAS-SEVERIN,,Primarie
"CORNESTI",primariacornesti@yahoo.com,JUDETUL CLUJ,,Primarie
"CORNETU",primariacornetu@yahoo.com,JUDETUL ILFOV,,Primarie
"CORNI",primariacornibotosani@yahoo.com,JUDETUL BOTOSANI,,Primarie
"CORNU",primariacornu@clicknet.ro,JUDETUL PRAHOVA,,Primarie
"COROD",primariacorodgl@yahoo.com,JUDETUL GALATI,,Primarie
"COROIENI",primariacoroieni@email.ro,JUDETUL MARAMURES,,Primarie
"COROIESTI",primariacoroiesti_2007@yahoo.com,JUDETUL VASLUI,,Primarie
"CORUND",primariacorund@yahoo.com,JUDETUL HARGHITA,,Primarie
"COSBUC",primariacosbuc@yahoo.com,JUDETUL BISTRITA-NASAUD,,Primarie
"COSEIU",primariacoseiu@yahoo.com,JUDETUL SALAJ,,Primarie
"COSERENI",primariacosereni@yahoo.com,JUDETUL IALOMITA,,Primarie
"COSMESTI",primariacosmesti@yahoo.com,JUDETUL TELEORMAN,,Primarie
"COSNA",primariacosna@yahoo.com,JUDETUL SUCEAVA,,Primarie
"COSOBA",primariacosoba@yahoo.com,JUDETUL GIURGIU,,Primarie
"COSTESTI",primariacostesti@clicknet.ro,JUDETUL VASLUI,,Primarie
"COTEANA",primariacoteana@yahoo.com,JUDETUL OLT,,Primarie
"COTUSCA",primariacotusca@yahoo.com,JUDETUL BOTOSANI,,Primarie
"COVASINT",primariacovasint@gmail.com,JUDETUL ARAD,,Primarie
"CRACAOANI",primariacracaoani@yahoo.com,JUDETUL NEAMT,,Primarie
"CRAIVA",primariacraiva@artelecom.net,JUDETUL ARAD,,Primarie
"CRAMPOIA",primariacrampoiaolt@yahoo.com,JUDETUL OLT,,Primarie
"CRASNA",primariacrasna@yahoo.com,JUDETUL GORJ,,Primarie
"CRETENI",primariacreteni@yahoo.com,JUDETUL VALCEA,,Primarie
"CRETESTI",primariacretesti@gmail.com,JUDETUL VASLUI,,Primarie
"CREVENICU",primariacrevenicu@yahoo.com,JUDETUL TELEORMAN,,Primarie
"CRANGU",primariacringu@yahoo.com,JUDETUL TELEORMAN,,Primarie
"CRISAN",primariacrisan@gmail.com,JUDETUL TULCEA,,Primarie
"CRISTESTI",primariacristesti@gmail.com,JUDETUL BOTOSANI,,Primarie
"CRISTINESTI",primariacristinesti@yahoo.com,JUDETUL BOTOSANI,,Primarie
"CRISTIORU DE JOS",primariacristioru@yahoo.com,JUDETUL BIHOR,,Primarie
"CRISTOLT",primariacristolt@yahoo.com,JUDETUL SALAJ,,Primarie
"CRIVAT",primariacrivat@yahoo.com,JUDETUL CALARASI,,Primarie
"CRUSET",primariacruset@yahoo.com,JUDETUL GORJ,,Primarie
"CUCA",primariacucaag@yahoo.com,JUDETUL ARGES,,Primarie
"CUPSENI",primariacupseni@yahoo.com,JUDETUL MARAMURES,,Primarie
"CURCANI",primariacurcani@clicknet.ro,JUDETUL CALARASI,,Primarie
"CURTEA DE ARGES",primariacurteadearges@yahoo.com,JUDETUL ARGES,,Primarie
"CURTISOARA",primariacurtisoara@yahoo.com,JUDETUL OLT,,Primarie
"CUT",primariacut@yahoo.com,JUDETUL ALBA,,Primarie
"CUZAPLAC",primariacuzaplac@yahoo.com,JUDETUL SALAJ,,Primarie
"CUZA VODA",primariacuzavoda@yahoo.com,JUDETUL GALATI,,Primarie
"DABACA",primariadabaca@yahoo.com,JUDETUL CLUJ,,Primarie
"DAENI",primariadaeni@yahoo.com,JUDETUL TULCEA,,Primarie
"DAGATA",primariadagata@yahoo.com,JUDETUL IASI,,Primarie
"DALBOSET",primariadalboset@rdslink.ro,JUDETUL CARAS-SEVERIN,,Primarie
"DALNIC",primariadalnic@consloc.ro,JUDETUL COVASNA,,Primarie
"DAMUC",primariadamuc@yahoo.com,JUDETUL NEAMT,,Primarie
"DANCIULESTI",primariadanciulesti@yahoo.com,JUDETUL GORJ,,Primarie
"DANEASA",primariadaneasaolt@yahoo.com,JUDETUL OLT,,Primarie
"DANESTI",primariadanestigj@yahoo.com,JUDETUL GORJ,,Primarie
"DANGENI",primariadangeni@yahoo.com,JUDETUL BOTOSANI,,Primarie
"DARABANI",primariadarabani@yahoo.com,JUDETUL BOTOSANI,,Primarie
"DAROVA",primariadarova@yahoo.com,JUDETUL TIMIS,,Primarie
"DORNA CANDRENILOR",primariadc@yahoo.com,JUDETUL SUCEAVA,,Primarie
"DELENI",primariadeleni@yahoo.com,JUDETUL CONSTANTA,,Primarie
"DELESTI",primariadelesti@yahoo.com,JUDETUL VASLUI,,Primarie
"DENSUS",primariadensus@yahoo.com,JUDETUL HUNEDOARA,,Primarie
"DERSCA",primariadersca@yahoo.com,JUDETUL BOTOSANI,,Primarie
"DEVESELU",primariadeveselu@yahoo.com,JUDETUL OLT,,Primarie
"DEZNA",primariadezna@artelecom.net,JUDETUL ARAD,,Primarie
"DICHISENI",primariadichiseni@yahoo.com,JUDETUL CALARASI,,Primarie
"DIECI",primariadieci@artelecom.net,JUDETUL ARAD,,Primarie
"DIMACHENI",primariadimacheni@yahoo.com,JUDETUL BOTOSANI,,Primarie
"DOBA",primariadoba@yahoo.com,JUDETUL SATU MARE,,Primarie
"DOBRA",primariadobra@yahoo.com,JUDETUL HUNEDOARA,,Primarie
"DOBRENI",primariadobreni@yahoo.com,JUDETUL NEAMT,,Primarie
"DOBRETU",primariadobretu@yahoo.com,JUDETUL OLT,,Primarie
"DOBRIN",primariadobrin@yahoo.com,JUDETUL SALAJ,,Primarie
"DOBROESTI",primariadobroiesti@gamail.com,JUDETUL ILFOV,,Primarie
"DOBROMIR",primariadobromir@yahoo.com,JUDETUL CONSTANTA,,Primarie
"DOBROVAT",primariadobrovat@yahoo.com,JUDETUL IASI,,Primarie
"DOBRUN",primariadobrun@yahoo.com,JUDETUL OLT,,Primarie
"DOCHIA",primariadochia@yahoo.com,JUDETUL NEAMT,,Primarie
"DODESTI",primariadodesti@yahoo.com,JUDETUL VASLUI,,Primarie
"DOLHASCA",primariadolhasca@yahoo.com,JUDETUL SUCEAVA,,Primarie
"DOMASNEA",primariadomasnea@yahoo.com,JUDETUL CARAS-SEVERIN,,Primarie
"DOMNESTI",primariadomnesti@yahoo.com,JUDETUL ARGES,,Primarie
"DOR MARUNT",primariadormarunt@yahoo.com,JUDETUL CALARASI,,Primarie
"DORNA-ARINI",primariadornaarini@yahoo.com,JUDETUL SUCEAVA,,Primarie
"DORNESTI",primariadornesti@yahoo.com,JUDETUL SUCEAVA,,Primarie
"DOROBANTU",primariadorobantu@yahoo.com,JUDETUL CALARASI,,Primarie
"DOROHOI",primariadorohoi@primariadorohoi.ro,JUDETUL BOTOSANI,,Primarie
"DOSTAT",primariadostat@yahoo.com,JUDETUL ALBA,,Primarie
"DRAGANESTI DE VEDE",primariadraganestidevede@yahoo.com,JUDETUL TELEORMAN,,Primarie
"DRAGANU",primariadraganu@yahoo.com,JUDETUL ARGES,,Primarie
"DRAGASANI",primariadragasani@yahoo.com,JUDETUL VALCEA,,Primarie
"DRAGOIESTI",primariadragoiesti@yahoo.com,JUDETUL SUCEAVA,,Primarie
"DRAGANESTI",primariadragomiresti@yahoo.com,JUDETUL NEAMT,,Primarie
"DRAGOMIRESTI",primariadragomirestivs@gmail.com,JUDETUL VASLUI,,Primarie
"DRAGU",primariadragu@yahoo.com,JUDETUL SALAJ,,Primarie
"DRAGUS",primariadragus@yahoo.com,JUDETUL BRASOV,,Primarie
"DRAGUSENI",primariadraguseni@yahoo.com,JUDETUL GALATI,,Primarie
"DIMITRIE CANTEMIR",primariadtcm@yahoo.com,JUDETUL VASLUI,,Primarie
"DUDESTII NOI",primariadudestiinoi@yahoo.com,JUDETUL TIMIS,,Primarie
"DUMBRAVA",primariadumbrava@gmail.com,JUDETUL PRAHOVA,,Primarie
"DUMBRAVA",primariadumbrava@yahoo.com,JUDETUL TIMIS,,Primarie
"DUMBRAVA ROSIE",primariadumbravarosie@yahoo.com,JUDETUL NEAMT,,Primarie
"DUMBRAVENI",primariadumbraveni@yahoo.com,JUDETUL CONSTANTA,,Primarie
"DUMBRAVENI",primariadumbravenisv@yahoo.com,JUDETUL SUCEAVA,,Primarie
"DUMBRAVITA",primariadumbravita@yahoo.com,JUDETUL MARAMURES,,Primarie
"DUMESTI",primariadumesti@yahoo.com,JUDETUL IASI,,Primarie
"DUMITRA",primariadumitra@yahoo.com,JUDETUL BISTRITA-NASAUD,,Primarie
"DUMITRESTI",primariadumitresti@yahoo.com,JUDETUL VRANCEA,,Primarie
"DURNESTI",primariadurnesti@gmail.com,JUDETUL BOTOSANI,,Primarie
"FALCIU",primariafalciu@yahoo.com,JUDETUL VASLUI,,Primarie
"FALCOIU",primariafalcoiu@yahoo.com,JUDETUL OLT,,Primarie
"FANTANELE",primariafantaneleiasi@yahoo.com,JUDETUL IASI,,Primarie
"FANTANELE",primariafantaneleph@yahoo.com,JUDETUL PRAHOVA,,Primarie
"FARCASELE",primariafarcasele@yahoo.com,JUDETUL OLT,,Primarie
"FARCASESTI",primariafarcasesti@yahoo.com,JUDETUL GORJ,,Primarie
"FARLIUG",primariafarliug@yahoo.com,JUDETUL CARAS-SEVERIN,,Primarie
"FARTATESTI",primariafartatesti@yahoo.com,JUDETUL VALCEA,,Primarie
"FAUREI",primariafaurei@gmail.com,JUDETUL BRAILA,,Primarie
"FAUREI",primariafaurei@yahoo.com,JUDETUL NEAMT,,Primarie
"FAURESTI",primariafauresti@yahoo.com,JUDETUL VALCEA,,Primarie
"FELDIOARA",primariafeldioara@yahoo.com,JUDETUL BRASOV,,Primarie
"FELDRU",primariafeldru@yahoo.com,JUDETUL BISTRITA-NASAUD,,Primarie
"FELNAC",primariafelnac@yahoo.com,JUDETUL ARAD,,Primarie
"FIBIS",primariafibis@gmail.com,JUDETUL TIMIS,,Primarie
"FIERBINTI-TARG",primariafierbinti@yahoo.com,JUDETUL IALOMITA,,Primarie
"FILDU DE JOS",primariafildu@yahoo.com,JUDETUL SALAJ,,Primarie
"FILIPESTII DE TARG",primariafilipestiidetarg@yahoo.com,JUDETUL PRAHOVA,,Primarie
"FINTA",primariafinta@yahoo.com,JUDETUL DAMBOVITA,,Primarie
"FARTANESTI",primariafirtanesti@yahoo.com,JUDETUL GALATI,,Primarie
"FIZESU GHERLII",primariafizesu@yahoo.com,JUDETUL CLUJ,,Primarie
"FLAMANZI",primariaflamanzi@yahoo.com,JUDETUL BOTOSANI,,Primarie
"FOCURI",primariafocuri@yahoo.com,JUDETUL IASI,,Primarie
"FOENI",primariafoeni@yahoo.com,JUDETUL TIMIS,,Primarie
"FOLTESTI",primariafoltesti@yahoo.com,JUDETUL GALATI,,Primarie
"FOROTIC",primariaforotic@yahoo.com,JUDETUL CARAS-SEVERIN,,Primarie
"FRASINET",primariafrasinet2008@yahoo.com,JUDETUL CALARASI,,Primarie
"FRASINET",primariafrasinet@yahoo.com,JUDETUL TELEORMAN,,Primarie
"FRUMOASA",primariafrumoasa@yahoo.com,JUDETUL TELEORMAN,,Primarie
"FRUMUSICA",primariafrumusica@yahoo.com,JUDETUL BOTOSANI,,Primarie
"FRUMUSITA",primariafrumusita@yahoo.com,JUDETUL GALATI,,Primarie
"FRUNTISENI",primariafruntiseni@yahoo.com,JUDETUL VASLUI,,Primarie
"FUNDATA",primariafundata@yahoo.com,JUDETUL BRASOV,,Primarie
"FUNDENI",primariafundenicl@yahoo.com,JUDETUL CALARASI,,Primarie
"FUNDULEA",primariafundulea@yahoo.com,JUDETUL CALARASI,,Primarie
"FURCULESTI",primariafurculesti@yahoo.com,JUDETUL TELEORMAN,,Primarie
"GAGESTI",primariagagesti@yahoo.com,JUDETUL VASLUI,,Primarie
"SURDILA-GAISEANCA",primariagaiseanca@yahoo.com,JUDETUL BRAILA,,Primarie
"GALANESTI",primariagalanesti@yahoo.com,JUDETUL SUCEAVA,,Primarie
"GALATII BISTRITEI",primariagalatiibistritei@yahoo.com,JUDETUL BISTRITA-NASAUD,,Primarie
"GALBINASI",primariagalbinasi@yahoo.com,JUDETUL BUZAU,,Primarie
"GARCOV",primariagarcov@yahoo.com,JUDETUL OLT,,Primarie
"GARDA DE SUS",primariagarda@yahoo.com,JUDETUL ALBA,,Primarie
"GARLICIU",primariagarliciu@yahoo.com,JUDETUL CONSTANTA,,Primarie
"GAVANESTI",primariagavanesti@judetulolt.ro,JUDETUL OLT,,Primarie
"GHIMES-FAGET",primariagf@yahoo.com,JUDETUL BACAU,,Primarie
"GHIMBAV",primariagh@artelecom.net,JUDETUL BRASOV,,Primarie
"GURA HUMORULUI",primariagh@gmail.com,JUDETUL SUCEAVA,,Primarie
"GHELARI",primariaghelari@yahoo.com,JUDETUL HUNEDOARA,,Primarie
"GHERASENI",primariagheraseni@yahoo.com,JUDETUL BUZAU,,Primarie
"GHIDIGENI",primariaghidigeni@yahoo.com,JUDETUL GALATI,,Primarie
"GHINDAOANI",primariaghindaoani@yahoo.com,JUDETUL NEAMT,,Primarie
"GHIOROC",primariaghioroc@clicknet.ro,JUDETUL ARAD,,Primarie
"GHIOROIU",primariaghioroiu2010@gmail.com,JUDETUL VALCEA,,Primarie
"GHIRODA",primariaghiroda@yahoo.com,JUDETUL TIMIS,,Primarie
"GHIZELA",primariaghizela@yahoo.com,JUDETUL TIMIS,,Primarie
"GHEORGHE LAZAR",primariaghlazar@kfnet.ro,JUDETUL IALOMITA,,Primarie
"GIERA",primariagiera@gmail.com,JUDETUL TIMIS,,Primarie
"GILAU",primariagilau@yahoo.com,JUDETUL CLUJ,,Primarie
"GIOSENI",primariagioseni@yahoo.com,JUDETUL BACAU,,Primarie
"GARBOU",primariagirbou@yahoo.com,JUDETUL SALAJ,,Primarie
"GARBOVA",primariagirbova@yahoo.com,JUDETUL ALBA,,Primarie
"GARCENI",primariagirceni@gmail.com,JUDETUL VASLUI,,Primarie
"GARCINA",primariagircina@yahoo.com,JUDETUL NEAMT,,Primarie
"GIROC",primariagiroc@yahoo.com,JUDETUL TIMIS,,Primarie
"GIROV",primariagirov@yahoo.com,JUDETUL NEAMT,,Primarie
"GIURGENI",primariagiurgeni@clicknet.ro,JUDETUL IALOMITA,,Primarie
"GLAVILE",primariaglavile@yahoo.com,JUDETUL VALCEA,,Primarie
"GLINA",primariaglina@yahoo.com,JUDETUL ILFOV,,Primarie
"GODINESTI",primariagodinesti@yahoo.com,JUDETUL GORJ,,Primarie
"GOHOR",primariagohorgl@yahoo.com,JUDETUL GALATI,,Primarie
"GOLAIESTI",primariagolaiesti@yahoo.com,JUDETUL IASI,,Primarie
"GOLESTI",primariagolesti@yahoo.com,JUDETUL VRANCEA,,Primarie
"GOLOGANU",primariagologanu@yahoo.com,JUDETUL VRANCEA,,Primarie
"GORBAN",primariagorban@yahoo.com,JUDETUL IASI,,Primarie
"GORBANESTI",primariagorbanesti@yahoo.com,JUDETUL BOTOSANI,,Primarie
"GORNET-CRICOV",primariagornetcricov@yahoo.com,JUDETUL PRAHOVA,,Primarie
"GORUIA",primariagoruia@yahoo.com,JUDETUL CARAS-SEVERIN,,Primarie
"GOSTAVATU",primariagostavatu@judetulolt.ro,JUDETUL OLT,,Primarie
"GOSTINU",primariagostinu@yahoo.com,JUDETUL GIURGIU,,Primarie
"GRADINARI",primariagradinari@yahoo.com,JUDETUL CARAS-SEVERIN,,Primarie
"GRADINARI",primariagradinariolt@yahoo.com,JUDETUL OLT,,Primarie
"GRADISTEA",primariagradistea@yahoo.com,JUDETUL VALCEA,,Primarie
"GRIVITA",primariagrivita@yahoo.com,JUDETUL IALOMITA,,Primarie
"GRUIU",primariagruiu06@yahoo.com,JUDETUL ILFOV,,Primarie
"GRUMAZESTI",primariagrumazestineamt@yahoo.com,JUDETUL NEAMT,,Primarie
"GROSII TIBLESULUI",primariagt@clicknet.ro,JUDETUL MARAMURES,,Primarie
"GUGESTI",primariagugesti@yahoo.com,JUDETUL VRANCEA,,Primarie
"GURA FOII",primariagurafoii@yahoo.com,JUDETUL DAMBOVITA,,Primarie
"GURAHONT",primariagurahont@yahoo.com,JUDETUL ARAD,,Primarie
"GURA SUTII",primariagurasutii@yahoo.com,JUDETUL DAMBOVITA,,Primarie
"GURA TEGHII",primariagurateghii@yahoo.com,JUDETUL BUZAU,,Primarie
"GURA VAII",primariaguravaii@yahoo.com,JUDETUL BACAU,,Primarie
"HALMAGEL",primariahalmagel@artelecom.net,JUDETUL ARAD,,Primarie
"HALMAGIU",primariahalmagiu@yahoo.com,JUDETUL ARAD,,Primarie
"HALMASD",primariahalmasd@yahoo.com,JUDETUL SALAJ,,Primarie
"HALMEU",primariahalmeu@yahoo.com,JUDETUL SATU MARE,,Primarie
"HAMCEARCA",primariahamcearca@yahoo.com,JUDETUL TULCEA,,Primarie
"HANGU",primariahangu@yahoo.com,JUDETUL NEAMT,,Primarie
"HARTOP",primariahartop@yahoo.com,JUDETUL SUCEAVA,,Primarie
"HELEGIU",primariahelegiu@yahoo.com,JUDETUL BACAU,,Primarie
"HELESTENI",primariahelesteni@yahoo.com,JUDETUL IASI,,Primarie
"HERECLEAN",primariahereclean@yahoo.com,JUDETUL SALAJ,,Primarie
"HILISEU-HORIA",primariahiliseu@yahoo.com,JUDETUL BOTOSANI,,Primarie
"HARLAU",primariahirlau@yahoo.com,JUDETUL IASI,,Primarie
"HOGHIZ",primariahoghiz@yahoo.com,JUDETUL BRASOV,,Primarie
"HOLBOCA",primariaholboca@yahoo.com,JUDETUL IASI,,Primarie
"HOMOCEA",primariahomocea@yahoo.com,JUDETUL VRANCEA,,Primarie
"HOMOROD",primariahomorod@yahoo.com,JUDETUL BRASOV,,Primarie
"HOREA",primariahorea@yahoo.com,JUDETUL ALBA,,Primarie
"HORIA",primariahoria@yahoo.com,JUDETUL NEAMT,,Primarie
"HORIA",primariahoriact@yahoo.com,JUDETUL CONSTANTA,,Primarie
"HORLESTI",primariahorlesti@yahoo.com,JUDETUL IASI,,Primarie
"HORODNICENI",primariahorodniceni@yahoo.com,JUDETUL SUCEAVA,,Primarie
"HUDESTI",primariahudesti@yahoo.com,JUDETUL BOTOSANI,,Primarie
"HURUIESTI",primariahuruiesti@yahoo.com,JUDETUL BACAU,,Primarie
"IABLANITA",primariaiablanita@yahoo.com,JUDETUL CARAS-SEVERIN,,Primarie
"IACOBENI",primariaiacobeni@yahoo.com,JUDETUL SUCEAVA,,Primarie
"IANCU JIANU",primariaiancujianu@yahoo.com,JUDETUL OLT,,Primarie
"IGHIU",primariaighiu@yahoo.com,JUDETUL ALBA,,Primarie
"ILEANA",primariaileana@yahoo.com,JUDETUL CALARASI,,Primarie
"ILVA MICA",primariailvamica@personal.ro,JUDETUL BISTRITA-NASAUD,,Primarie
"INDEPENDENTA",primariaindependenta@yahoo.com,JUDETUL CONSTANTA,,Primarie
"INEU",primariaineu@yahoo.com,JUDETUL BIHOR,,Primarie
"INSURATEI",primariainsuratei@yahoo.com,JUDETUL BRAILA,,Primarie
"INTREGALDE",primariaintregalde@gmail.com,JUDETUL ALBA,,Primarie
"ION CORVIN",primariaioncorvin@yahoo.com,JUDETUL CONSTANTA,,Primarie
"ION CREANGA",primariaioncreanga@clicknet.ro,JUDETUL NEAMT,,Primarie
"IPOTESTI",primariaipotesti@judetulolt.ro,JUDETUL OLT,,Primarie
"ISLAZ",primariaislaz@yahoo.com,JUDETUL TELEORMAN,,Primarie
"ISVOARELE",primariaisvoarele@yahoo.com,JUDETUL GIURGIU,,Primarie
"ITESTI",primariaitesti@gmail.com,JUDETUL BACAU,,Primarie
"IZVOARELE SUCEVEI",primariaizsv1@yahoo.com,JUDETUL SUCEAVA,,Primarie
"IZVOARELE",primariaizvoarele@yahoo.com,JUDETUL GIURGIU,,Primarie
"IZVOARELE",primariaizvoareletl@yahoo.com,JUDETUL TULCEA,,Primarie
"JAMU MARE",primariajamumare@gmail.com,JUDETUL TIMIS,,Primarie
"JEGALIA",primariajegalia@yahoo.com,JUDETUL CALARASI,,Primarie
"JICHISU DE JOS",primariajichis@yahoo.com,JUDETUL CLUJ,,Primarie
"JIDVEI",primariajidvei@yahoo.com,JUDETUL ALBA,,Primarie
"JINA",primariajina@yahoo.com,JUDETUL SIBIU,,Primarie
"JOITA",primariajoita@yahoo.com,JUDETUL GIURGIU,,Primarie
"JOSENII BARGAULUI",primariajoseniib@yahoo.com,JUDETUL BISTRITA-NASAUD,,Primarie
"JUPANESTI",primariajupinesti@yahoo.com,JUDETUL GORJ,,Primarie
"JURILOVCA",primariajurilovca@yahoo.com,JUDETUL TULCEA,,Primarie
"MIHAIL KOGALNICEANU",primariakogalniceanu@yahoo.com,JUDETUL IALOMITA,,Primarie
"LACUSTENI",primarialacusteni@yahoo.com,JUDETUL VALCEA,,Primarie
"LALOSU",primarialalosu@yahoo.com,JUDETUL VALCEA,,Primarie
"LAPUS",primarialapus@personal.ro,JUDETUL MARAMURES,,Primarie
"LAPUSATA",primarialapusata@yahoo.com,JUDETUL VALCEA,,Primarie
"LAPUSNICEL",primarialapusnicel_cs@yahoo.com,JUDETUL CARAS-SEVERIN,,Primarie
"LASLEA",primarialaslea@yahoo.com,JUDETUL SIBIU,,Primarie
"LAZA",primarialaza@yahoo.com,JUDETUL VASLUI,,Primarie
"LEMNIA",primarialemnia@yahoo.com,JUDETUL COVASNA,,Primarie
"LEORDA",primarialeorda@yahoo.com,JUDETUL BOTOSANI,,Primarie
"LESU",primarialesu@yahoo.com,JUDETUL BISTRITA-NASAUD,,Primarie
"LETCA",primarialetca@yahoo.com,JUDETUL SALAJ,,Primarie
"LETCANI",primarialetcani@yahoo.co.uk,JUDETUL IASI,,Primarie
"LETEA VECHE",primarialeteaveche@yahoo.com,JUDETUL BACAU,,Primarie
"LICURICI",primarialicurici@yahoo.com,JUDETUL GORJ,,Primarie
"LIESTI",primarialiesti@gmail.com,JUDETUL GALATI,,Primarie
"LIPOVA",primarialipovabc@gmail.com,JUDETUL BACAU,,Primarie
"LIPOVAT",primarialipovat@yahoo.co.uk,JUDETUL VASLUI,,Primarie
"LIVADA",primarialivadasm@yahoo.com,JUDETUL SATU MARE,,Primarie
"LIVEZI",primarialivezi@yahoo.com,JUDETUL VALCEA,,Primarie
"LIVEZILE",primarialivezile@yahoo.com,JUDETUL TIMIS,,Primarie
"LOAMNES",primarialoamnes@yahoo.com,JUDETUL SIBIU,,Primarie
"LOVRIN",primarialovrin@yahoo.com,JUDETUL TIMIS,,Primarie
"LUDESTI",primarialudesti@gmail.com,JUDETUL DAMBOVITA,,Primarie
"LUDOS",primarialudos@yahoo.com,JUDETUL SIBIU,,Primarie
"LUIZI-CALUGARA",primarialuizicalugara@yahoo.com,JUDETUL BACAU,,Primarie
"LUNCA DE JOS",primarialunca@gmail.com,JUDETUL HARGHITA,,Primarie
"LUNCA",primarialunca@yahoo.com,JUDETUL BIHOR,,Primarie
"LUNCA BANULUI",primarialuncabanului@yahoo.com,JUDETUL VASLUI,,Primarie
"LUNCAVITA",primarialuncavita@yahoo.com,JUDETUL TULCEA,,Primarie
"LUNCOIU DE JOS",primarialuncoiudejos@yahoo.com,JUDETUL HUNEDOARA,,Primarie
"MADARJAC",primariamadarjac@yahoo.com,JUDETUL IASI,,Primarie
"MAERISTE",primariamaeriste@yahoo.com,JUDETUL SALAJ,,Primarie
"MAGIRESTI",primariamagiresti@yahoo.com,JUDETUL BACAU,,Primarie
"MAGURA",primariamagurabacau@yahoo.com,JUDETUL BACAU,,Primarie
"MAGURA ILVEI",primariamagurailvei@yahoo.com,JUDETUL BISTRITA-NASAUD,,Primarie
"MAGURI-RACATAU",primariamaguriracatau@yahoo.com,JUDETUL CLUJ,,Primarie
"MAIA",primariamaia@yahoo.com,JUDETUL IALOMITA,,Primarie
"MAIERU",primariamaieru@personal.ro,JUDETUL BISTRITA-NASAUD,,Primarie
"MAIERUS",primariamaierus@yahoo.com,JUDETUL BRASOV,,Primarie
"MALAIA",primariamalaia@yahoo.com,JUDETUL VALCEA,,Primarie
"MALDAENI",primariamaldaeni@yahoo.com,JUDETUL TELEORMAN,,Primarie
"MALDARESTI",primariamaldaresti@yahoo.com,JUDETUL VALCEA,,Primarie
"MALINI",primariamalini@yahoo.com,JUDETUL SUCEAVA,,Primarie
"MALURENI",primariamalureni@yahoo.com,JUDETUL ARGES,,Primarie
"MANASTIRENI",primariamanastireni@yahoo.com,JUDETUL CLUJ,,Primarie
"MARACINENI",primariamaracineni@yahoo.com,JUDETUL BUZAU,,Primarie
"MARASU",primariamarasu@yahoo.com,JUDETUL BRAILA,,Primarie
"MARCA",primariamarca@yahoo.com,JUDETUL SALAJ,,Primarie
"MARCULESTI",primariamarculesti@yahoo.com,JUDETUL IALOMITA,,Primarie
"MARGARITESTI",primariamargaritesti@yahoo.com,JUDETUL BUZAU,,Primarie
"MARGINENI",primariamargineni@yahoo.com,JUDETUL NEAMT,,Primarie
"MARUNTEI",primariamaruntei@judetulolt.ro,JUDETUL OLT,,Primarie
"MATCA",primariamatca@yahoo.com,JUDETUL GALATI,,Primarie
"MATEI",primariamatei@yahoo.com,JUDETUL BISTRITA-NASAUD,,Primarie
"MAXINENI",primariamaxineni@yahoo.com,JUDETUL BRAILA,,Primarie
"MEDIESU AURIT",primariamediesuaurit@gmail.com,JUDETUL SATU MARE,,Primarie
"MEREI",primariamerei@artelecom.net,JUDETUL BUZAU,,Primarie
"MERGHINDEAL",primariamerghindeal@yahoo.com,JUDETUL SIBIU,,Primarie
"MICFALAU",primariamicfalau@yahoo.com,JUDETUL COVASNA,,Primarie
"MICULA",primariamicula@yahoo.com,JUDETUL SATU MARE,,Primarie
"MIHAESTI",primariamihaesti@yahoo.com,JUDETUL VALCEA,,Primarie
"MIHAESTI",primariamihaestiolt@yahoo.com,JUDETUL OLT,,Primarie
"MIHAILENI",primariamihailenibt@yahoo.com,JUDETUL BOTOSANI,,Primarie
"MIHAILENI",primariamihailenisb@yahoo.com,JUDETUL SIBIU,,Primarie
"MIHAILESTI",primariamihailesti@yahoo.com,JUDETUL BUZAU,,Primarie
"MIHAI VITEAZU",primariamihaiviteazu@yahoo.com,JUDETUL CLUJ,,Primarie
"MILEANCA",primariamileanca@yahoo.com,JUDETUL BOTOSANI,,Primarie
"MIOVENI",primariamioveni@primariamioveni.ro,JUDETUL ARGES,,Primarie
"MIRCESTI",primariamircesti@yahoo.com,JUDETUL IASI,,Primarie
"MARSA",primariamirsa@yahoo.com,JUDETUL GIURGIU,,Primarie
"MARZANESTI",primariamirzanesti@yahoo.co.uk,JUDETUL TELEORMAN,,Primarie
"MITRENI",primariamitreni@yahoo.com,JUDETUL CALARASI,,Primarie
"MITROFANI",primariamitrofani@yahoo.com,JUDETUL VALCEA,,Primarie
"MIRESU MARE",primariamm@yahoo.com,JUDETUL MARAMURES,,Primarie
"MOARA",primariamoara@yahoo.com,JUDETUL SUCEAVA,,Primarie
"MOFTIN",primariamoftin@yahoo.com,JUDETUL SATU MARE,,Primarie
"MOGOS",primariamogos@yahoo.com,JUDETUL ALBA,,Primarie
"MOLDOVA-SULITA",primariamoldova_sulita@yahoo.com,JUDETUL SUCEAVA,,Primarie
"MOLDOVENI",primariamoldoveniil@yahoo.com,JUDETUL IALOMITA,,Primarie
"MONEASA",primariamoneasa@clicknet.ro,JUDETUL ARAD,,Primarie
"MORTENI",primariamorteni@yahoo.com,JUDETUL DAMBOVITA,,Primarie
"MORUNGLAV",primariamorunglav@judetulolt.ro,JUDETUL OLT,,Primarie
"MOSNITA NOUA",primariamosnitanoua@yahoo.com,JUDETUL TIMIS,,Primarie
"MOTOSENI",primariamotoseni@yahoo.com,JUDETUL BACAU,,Primarie
"MOVILA",primariamovila@yahoo.com,JUDETUL IALOMITA,,Primarie
"MOVILENI",primariamovileni@judetulolt.ro,JUDETUL OLT,,Primarie
"MOVILENI",primariamovileni@yahoo.com,JUDETUL GALATI,,Primarie
"MOZACENI",primariamozaceni@yahoo.com,JUDETUL ARGES,,Primarie
"MUNTENI-BUZAU",primariamuntenibuzau@yahoo.com,JUDETUL IALOMITA,,Primarie
"MUSETESTI",primariamusetesti2003@yahoo.com,JUDETUL GORJ,,Primarie
"NAENI",primarianaieni@yahoo.com,JUDETUL BUZAU,,Primarie
"NAMOLOASA",primarianamoloasa@yahoo.com,JUDETUL GALATI,,Primarie
"NANA",primarianana@yahoo.com,JUDETUL CALARASI,,Primarie
"NANOV",primariananov2007@yahoo.com,JUDETUL TELEORMAN,,Primarie
"NAPRADEA",primarianapradea@yahoo.com,JUDETUL SALAJ,,Primarie
"NASTURELU",primarianasturelu@yahoo.com,JUDETUL TELEORMAN,,Primarie
"NEGOMIR",primarianegomir@yahoo.com,JUDETUL GORJ,,Primarie
"NEHOIU",primarianehoiu@yahoo.com,JUDETUL BUZAU,,Primarie
"NEREJU",primarianereju@yahoo.com,JUDETUL VRANCEA,,Primarie
"NICOLAE BALCESCU",primarianicolaebalcescu@yahoo.com,JUDETUL CALARASI,,Primarie
"NICORESTI",primarianicorestigalati@yahoo.com,JUDETUL GALATI,,Primarie
"NICULITEL",primarianiculitel@yahoo.com,JUDETUL TULCEA,,Primarie
"NIMIGEA",primarianimigea@gmail.com,JUDETUL BISTRITA-NASAUD,,Primarie
"NISTORESTI",primarianistoresti@yahoo.com,JUDETUL VRANCEA,,Primarie
"NOSLAC",primarianoslac@yahoo.com,JUDETUL ALBA,,Primarie
"NUSFALAU",primarianusfalau@yahoo.com,JUDETUL SALAJ,,Primarie
"OANCEA",primariaoancea@yahoo.com,JUDETUL GALATI,,Primarie
"OARTA DE JOS",primariaoarta@yahoo.com,JUDETUL MARAMURES,,Primarie
"OBARSIA",primariaobarsia@yahoo.com,JUDETUL OLT,,Primarie
"OBOGA",primariaoboga@yahoo.com,JUDETUL OLT,,Primarie
"OCNA SIBIULUI",primariaocna@yahoo.com,JUDETUL SIBIU,,Primarie
"ODAILE",primariaodailebz@yahoo.com,JUDETUL BUZAU,,Primarie
"OHABA LUNGA",primariaohabalunga@yahoo.com,JUDETUL TIMIS,,Primarie
"BAILE OLANESTI",primariaolanesti@artelecom.net,JUDETUL VALCEA,,Primarie
"OLANU",primariaolanu@yahoo.com,JUDETUL VALCEA,,Primarie
"OPTASI-MAGURA",primariaoptasimagura@yahoo.com,JUDETUL OLT,,Primarie
"ORASTIOARA DE SUS",primariaorastioaradesus@yahoo.com,JUDETUL HUNEDOARA,,Primarie
"ORLESTI",primariaorlesti@yahoo.com,JUDETUL VALCEA,,Primarie
"ORMENIS",primariaormenis@yahoo.com,JUDETUL BRASOV,,Primarie
"ORSOVA",primariaorsova@primariaorsova.ro,JUDETUL MEHEDINTI,,Primarie
"OSICA DE JOS",primariaosicadejos@yahoo.com,JUDETUL OLT,,Primarie
"OSTROV",primariaostrov@yahoo.com,JUDETUL CONSTANTA,,Primarie
"OSTROV",primariaostrovtl@yahoo.com,JUDETUL TULCEA,,Primarie
"POARTA ALBA",primariapa@yahoo.com,JUDETUL CONSTANTA,,Primarie
"PADES",primariapades@yahoo.com,JUDETUL GORJ,,Primarie
"PADINA",primariapadina@gmail.com,JUDETUL BUZAU,,Primarie
"PALANCA",primariapalanca@yahoo.com,JUDETUL BACAU,,Primarie
"PALATCA",primariapalatca@yahoo.com,JUDETUL CLUJ,,Primarie
"PALTINIS",primariapaltinis@yahoo.com,JUDETUL CARAS-SEVERIN,,Primarie
"PANACI",primariapanaci@yahoo.com,JUDETUL SUCEAVA,,Primarie
"PANCESTI",primariapancesti@clicknet.ro,JUDETUL NEAMT,,Primarie
"PANCESTI",primariapancesti@yahoo.com,JUDETUL BACAU,,Primarie
"PANCOTA",primariapancota@artelecom.net,JUDETUL ARAD,,Primarie
"PARVA",primariaparva@yahoo.com,JUDETUL BISTRITA-NASAUD,,Primarie
"PATRAUTI",primariapatrauti@yahoo.com,JUDETUL SUCEAVA,,Primarie
"PAUCA",primariapauca@yahoo.com,JUDETUL SIBIU,,Primarie
"PAULESTI",primariapaulesti@yahoo.com,JUDETUL VRANCEA,,Primarie
"PAULIS",primariapaulis@gmail.com,JUDETUL ARAD,,Primarie
"PAUSESTI",primariapausestiotasau@yahoo.com,JUDETUL VALCEA,,Primarie
"PEREGU MARE",primariaperegumare@yahoo.com,JUDETUL ARAD,,Primarie
"PERIENI",primariaperieni@yahoo.com,JUDETUL VASLUI,,Primarie
"PERIETI",primariaperieti@judetulolt.ro,JUDETUL OLT,,Primarie
"PERIETI",primariaperieti@yahoo.com,JUDETUL IALOMITA,,Primarie
"PERISORU",primariaperisoru11@yahoo.com,JUDETUL CALARASI,,Primarie
"PESAC",primariapesac@yahoo.com,JUDETUL TIMIS,,Primarie
"PESTERA",primariapestera@yahoo.com,JUDETUL CONSTANTA,,Primarie
"PETRESTI",primariapetresti@gmail.com,JUDETUL SATU MARE,,Primarie
"PETRESTI",primariapetresti@yahoo.com,JUDETUL DAMBOVITA,,Primarie
"PETRICANI",primariapetricani@yahoo.com,JUDETUL NEAMT,,Primarie
"PETRILA",primariapetrila2008@yahoo.com,JUDETUL HUNEDOARA,,Primarie
"PETRIS",primariapetris@yahoo.com,JUDETUL ARAD,,Primarie
"PETROVA",primariapetrova@yahoo.com,JUDETUL MARAMURES,,Primarie
"PIATRA-OLT",primariapiatraolt@yahoo.com,JUDETUL OLT,,Primarie
"PIATRA SOIMULUI",primariapiatrasoimului7@gmail.ro,JUDETUL NEAMT,,Primarie
"PIETRARI",primariapietrari@yahoo.com,JUDETUL VALCEA,,Primarie
"PIETROASELE",primariapietroasele@yahoo.com,JUDETUL BUZAU,,Primarie
"PILU",primariapilu69@artelecom.net,JUDETUL ARAD,,Primarie
"PIR",primariapir@yahoo.com,JUDETUL SATU MARE,,Primarie
"PLESCUTA",primariaplescuta@yahoo.com,JUDETUL ARAD,,Primarie
"PLOPU",primariaplopu@yahoo.com,JUDETUL PRAHOVA,,Primarie
"PLOSCOS",primariaploscos@yahoo.com,JUDETUL CLUJ,,Primarie
"PLOSCUTENI",primariaploscuteni@yahoo.com,JUDETUL VRANCEA,,Primarie
"POBORU",primariapoboru@judetulolt.ro,JUDETUL OLT,,Primarie
"POCOLA",primariapocola@clicknet.ro,JUDETUL BIHOR,,Primarie
"PODGORIA",primariapodgoria@yahoo.com,JUDETUL BUZAU,,Primarie
"PODOLENI",primariapodoleni@yahoo.com,JUDETUL NEAMT,,Primarie
"POGANA",primariapogana@yahoo.com,JUDETUL VASLUI,,Primarie
"POIANA MARULUI",primariapoianamarului@yahoo.com,JUDETUL BRASOV,,Primarie
"POIANA SIBIULUI",primariapoianasb@yahoo.com,JUDETUL SIBIU,,Primarie
"POIENARI",primariapoienari@yahoo.com,JUDETUL NEAMT,,Primarie
"POIENILE IZEI",primariapoienileizei@yahoo.com,JUDETUL MARAMURES,,Primarie
"POJEJENA",primariapojejena@yahoo.com,JUDETUL CARAS-SEVERIN,,Primarie
"POLOVRAGI",primariapolovragi@yahoo.com,JUDETUL GORJ,,Primarie
"POMARLA",primariapomirla@yahoo.com,JUDETUL BOTOSANI,,Primarie
"PONOARELE",primariaponoarele@yahoo.com,JUDETUL MEHEDINTI,,Primarie
"PONOR",primariaponor@yahoo.com,JUDETUL ALBA,,Primarie
"POPESTI",primariapopestibihor@yahoo.com,JUDETUL BIHOR,,Primarie
"POPESTI",primariapopestivl@yahoo.com,JUDETUL VALCEA,,Primarie
"POROSCHIA",primariaporoschia@yahoo.com,JUDETUL TELEORMAN,,Primarie
"PORUMBACU DE JOS",primariaporumbacu@yahoo.com,JUDETUL SIBIU,,Primarie
"POSESTI",primariaposesti@yahoo.com,JUDETUL PRAHOVA,,Primarie
"POTCOAVA",primariapotcoava@yahoo.com,JUDETUL OLT,,Primarie
"POTLOGI",primariapotlogi@yahoo.com,JUDETUL DAMBOVITA,,Primarie
"PRAID",primariapraid@yahoo.com,JUDETUL HARGHITA,,Primarie
"PRAJENI",primariaprajeni@yahoo.com,JUDETUL BOTOSANI,,Primarie
"PRAJESTI",primariaprajesti@yahoo.com,JUDETUL BACAU,,Primarie
"PRIGORIA",primariaprigoria@yahoo.com,JUDETUL GORJ,,Primarie
"PROBOTA",primariaprobota@yahoo.com,JUDETUL IASI,,Primarie
"PROVITA DE JOS",primariaprovitadejos@yahoo.com,JUDETUL PRAHOVA,,Primarie
"PROVITA DE SUS",primariaprovitadesus_ph@yahoo.com,JUDETUL PRAHOVA,,Primarie
"PUCHENI",primariapucheni@yahoo.com,JUDETUL DAMBOVITA,,Primarie
"PUI",primariapui@yahoo.com,JUDETUL HUNEDOARA,,Primarie
"PUIESTI",primariapuiesti@gmail.com,JUDETUL VASLUI,,Primarie
"PUSCASI",primariapuscasi@yahoo.com,JUDETUL VASLUI,,Primarie
"PUTINEIU",primariaputineiu@yahoo.com,JUDETUL TELEORMAN,,Primarie
"RACASDIA",primariaracasdia@rdslink.ro,JUDETUL CARAS-SEVERIN,,Primarie
"RACHITENI",primariarachiteni@yahoo.com,JUDETUL IASI,,Primarie
"RACHITOVA",primariarachitova@gmail.com,JUDETUL HUNEDOARA,,Primarie
"RACOVITENI",primariaracoviteni@yahoo.com,JUDETUL BUZAU,,Primarie
"RACSA",primariaracsa@yahoo.com,JUDETUL SATU MARE,,Primarie
"RADESTI",primariaradesti@yahoo.com,JUDETUL ALBA,,Primarie
"RADOIESTI",primariaradoiesti@yahoo.com,JUDETUL TELEORMAN,,Primarie
"RADOMIRESTI",primariaradomiresti@judetulolt.ro,JUDETUL OLT,,Primarie
"RADUCANENI",primariaraducaneni@yahoo.com,JUDETUL IASI,,Primarie
"RAMET",primariaramet2008@yahoo.com,JUDETUL ALBA,,Primarie
"RAMNA",primariaramna@yahoo.com,JUDETUL CARAS-SEVERIN,,Primarie
"RASNOV",primariarasnov@yahoo.com,JUDETUL BRASOV,,Primarie
"RASOVA",primariarasova@gmail.com,JUDETUL CONSTANTA,,Primarie
"RATESTI",primariaratesti@yahoo.com,JUDETUL ARGES,,Primarie
"RAUCESTI",primariaraucesti@yahoo.com,JUDETUL NEAMT,,Primarie
"RAU DE MORI",primariaraudemori@yahoo.com,JUDETUL HUNEDOARA,,Primarie
"RAZBOIENI",primariarazboieni@yahoo.com,JUDETUL NEAMT,,Primarie
"REPEDEA",primariarcontact@primariarepedea.ro,JUDETUL MARAMURES,,Primarie
"REBRICEA",primariarebricea_vs@yahoo.com,JUDETUL VASLUI,,Primarie
"RECEA",primariarecea2000@yahoo.com,JUDETUL MARAMURES,,Primarie
"RECI",primariareci@yahoo.com,JUDETUL COVASNA,,Primarie
"REDEA",primariaredea@yahoo.com,JUDETUL OLT,,Primarie
"REDIU",primariarediu.iasi@yahoo.com,JUDETUL IASI,,Primarie
"REMETEA CHIOARULUI",primariaremeteachioarului@yahoo.com,JUDETUL MARAMURES,,Primarie
"REMETI",primariaremeti@yahoo.com,JUDETUL MARAMURES,,Primarie
"RIMNICELU",primariarimnicelu@yahoo.com,JUDETUL BRAILA,,Primarie
"RODNA",primariarodna@yahoo.com,JUDETUL BISTRITA-NASAUD,,Primarie
"ROMANASI",primariaromanasi@yahoo.com,JUDETUL SALAJ,,Primarie
"ROMANESTI",primariaromanesti@yahoo.com,JUDETUL IASI,,Primarie
"ROMANU",primariaromanu@ymail.com,JUDETUL BRAILA,,Primarie
"ROMULI",primariaromuli@yahoo.com,JUDETUL BISTRITA-NASAUD,,Primarie
"ROSETI",primariaroseti@yahoo.com,JUDETUL CALARASI,,Primarie
"C.A. ROSETTI",primariarosetti@gmail.com,JUDETUL TULCEA,,Primarie
"ROSIA DE SECAS",primariarosia@yahoo.com,JUDETUL ALBA,,Primarie
"ROSIA DE AMARADIA",primariarosiadeamaradia@yahoo.com,JUDETUL GORJ,,Primarie
"ROSIILE",primariarosiile_vl@yahoo.com,JUDETUL VALCEA,,Primarie
"ROTUNDA",primariarotunda@yahoo.com,JUDETUL OLT,,Primarie
"ROZNOV",primariaroznov@yahoo.com,JUDETUL NEAMT,,Primarie
"RADAUTI-PRUT",primariarprut@yahoo.com,JUDETUL BOTOSANI,,Primarie
"RUNCU SALVEI",primariarunc@yahoo.com,JUDETUL BISTRITA-NASAUD,,Primarie
"RUNCU",primariaruncu@yahoo.com,JUDETUL GORJ,,Primarie
"RUS",primariarus@yahoo.com,JUDETUL SALAJ,,Primarie
"RUSCA MONTANA",primariaruscamontana@yahoo.com,JUDETUL CARAS-SEVERIN,,Primarie
"SABAOANI",primariasabaoani@yahoo.com,JUDETUL NEAMT,,Primarie
"SABARENI",primariasabareni@yahoo.com,JUDETUL GIURGIU,,Primarie
"SACEL",primariasacel@yahoo.com,JUDETUL HARGHITA,,Primarie
"SACELE",primariasacele@yahoo.com,JUDETUL CONSTANTA,,Primarie
"SACELU",primariasacelu@gmail.com,JUDETUL GORJ,,Primarie
"SADOVA",primariasadova@yahoo.com,JUDETUL SUCEAVA,,Primarie
"SADU",primariasadu@yahoo.com,JUDETUL SIBIU,,Primarie
"SAG",primariasag@yahoo.com,JUDETUL SALAJ,,Primarie
"SAHATENI",primariasahateni@yahoo.com,JUDETUL BUZAU,,Primarie
"SALASU DE SUS",primariasalasudesus@yahoo.com,JUDETUL HUNEDOARA,,Primarie
"SALATRUCEL",primariasalatrucel@yahoo.com,JUDETUL VALCEA,,Primarie
"SALCIA",primariasalcia@ymail.com,JUDETUL PRAHOVA,,Primarie
"SALCIUA",primariasalciua@yahoo.com,JUDETUL ALBA,,Primarie
"SALIGNY",primariasaligny@yahoo.com,JUDETUL CONSTANTA,,Primarie
"SALISTEA DE SUS",primariasalistea@yahoo.com,JUDETUL MARAMURES,,Primarie
"SALVA",primariasalva@yahoo.com,JUDETUL BISTRITA-NASAUD,,Primarie
"SAMARINESTI",primariasamarinesti@yahoo.com,JUDETUL GORJ,,Primarie
"SAMBATA DE SUS",primariasambata@yahoo.com,JUDETUL BRASOV,,Primarie
"SANDRA",primariasandra@gmail.com,JUDETUL TIMIS,,Primarie
"SANDULENI",primariasanduleni@yahoo.com,JUDETUL BACAU,,Primarie
"SANMIHAIU ROMAN",primariasanmihaiuroman@yahoo.com,JUDETUL TIMIS,,Primarie
"SANTAU",primariasantau@yahoo.com,JUDETUL SATU MARE,,Primarie
"SARAIU",primariasaraiu@yahoo.com,JUDETUL CONSTANTA,,Primarie
"SARBII - MAGURA",primariasarbiimagura@yahoo.com,JUDETUL OLT,,Primarie
"SARICHIOI",primariasarichioi2@yahoo.com,JUDETUL TULCEA,,Primarie
"SARMAS",primariasarmas@yahoo.com,JUDETUL HARGHITA,,Primarie
"SARMASAG",primariasarmasag@yahoo.com,JUDETUL SALAJ,,Primarie
"SARMIZEGETUSA",primariasarmizegetusa@yahoo.com,JUDETUL HUNEDOARA,,Primarie
"SASCIORI",primariasasciori@yahoo.com,JUDETUL ALBA,,Primarie
"SASCUT",primariasascut@yahoo.com,JUDETUL BACAU,,Primarie
"SATCHINEZ",primariasatchinez@yahoo.com,JUDETUL TIMIS,,Primarie
"SATULUNG",primariasatulung@yahoo.com,JUDETUL MARAMURES,,Primarie
"SATU MARE",primariasatumaresv@yahoo.com,JUDETUL SUCEAVA,,Primarie
"SAUCA",primariasauca@yahoo.com,JUDETUL SATU MARE,,Primarie
"SAUCESTI",primariasaucesti@gmail.com,JUDETUL BACAU,,Primarie
"SAVARSIN",primariasavarsin@yahoo.com,JUDETUL ARAD,,Primarie
"SAVENI",primariasaveni@yahoo.com,JUDETUL IALOMITA,,Primarie
"SLAVA CERCHEZA",primariasc@yahoo.com,JUDETUL TULCEA,,Primarie
"SCARISOARA",primariascarisoara@yahoo.com,JUDETUL OLT,,Primarie
"SCHELA",primariaschela@yahoo.com,JUDETUL GALATI,,Primarie
"SCHITU",primariaschitu@yahoo.com,JUDETUL OLT,,Primarie
"SCANTEIA",primariascinteia@yahoo.com,JUDETUL IALOMITA,,Primarie
"SCOARTA",primariascoarta1@yahoo.com,JUDETUL GORJ,,Primarie
"SCORNICESTI",primariascornicesti@yahoo.com,JUDETUL OLT,,Primarie
"SCORTENI",primariascorteni@easynet.ro,JUDETUL BACAU,,Primarie
"SCORTOASA",primariascortoasabz@yahoo.com,JUDETUL BUZAU,,Primarie
"SEACA",primariaseaca@judetulolt.ro,JUDETUL OLT,,Primarie
"SEBIS",primariasebis@yahoo.com,JUDETUL ARAD,,Primarie
"SECAS",primariasecas@yahoo.com,JUDETUL TIMIS,,Primarie
"SEICA MARE",primariaseicamare@yahoo.com,JUDETUL SIBIU,,Primarie
"SEIMENI",primariaseimeni@yahoo.com,JUDETUL CONSTANTA,,Primarie
"SEINI",primariaseini@yahoo.com,JUDETUL MARAMURES,,Primarie
"SEITIN",primariaseitin@artelecom.net,JUDETUL ARAD,,Primarie
"SEPREUS",primariasepreus@artelecom.net,JUDETUL ARAD,,Primarie
"SERBANESTI",primariaserbanesti@judetulolt.ro,JUDETUL OLT,,Primarie
"SERBAUTI",primariaserbauti@yahoo.com,JUDETUL SUCEAVA,,Primarie
"SFANTU GHEORGHE",primariasfghe@yahoo.com,JUDETUL IALOMITA,,Primarie
"SICULA",primariasicula@clicknet.ro,JUDETUL ARAD,,Primarie
"SIEU-ODORHEI",primariasieu_odorhei@yahoo.com,JUDETUL BISTRITA-NASAUD,,Primarie
"SIEU",primariasieubn@yahoo.com,JUDETUL BISTRITA-NASAUD,,Primarie
"SILINDIA",primariasilindia@clicknet.ro,JUDETUL ARAD,,Primarie
"SAMBURESTI",primariasimburesti@judetulolt.ro,JUDETUL OLT,,Primarie
"SIMISNA",primariasimisna@yahoo.com,JUDETUL SALAJ,,Primarie
"SINCA NOUA",primariasincanoua@yahoo.com,JUDETUL BRASOV,,Primarie
"SANCEL",primariasincel@yahoo.com,JUDETUL ALBA,,Primarie
"SINTEREAG",primariasintereg@yahoo.com,JUDETUL BISTRITA-NASAUD,,Primarie
"SIPOTE",primariasipote@yahoo.com,JUDETUL IASI,,Primarie
"SARBI",primariasirbi@yahoo.com,JUDETUL BIHOR,,Primarie
"SIRIA",primariasiria@yahoo.com,JUDETUL ARAD,,Primarie
"SISESTI",primariasisesti@yahoo.com,JUDETUL MARAMURES,,Primarie
"SISESTI",primariasisestimh@yahoo.com,JUDETUL MEHEDINTI,,Primarie
"SLATINA",primariaslatina@yahoo.com,JUDETUL SUCEAVA,,Primarie
"SLATIOARA",primariaslatioara@artelecom.net,JUDETUL OLT,,Primarie
"SLIMNIC",primariaslimnic@yahoo.com,JUDETUL SIBIU,,Primarie
"SLIVILESTI",primariaslivilestigj@yahoo.com,JUDETUL GORJ,,Primarie
"SLOBOZIA",primariaslobozia@yahoo.com,JUDETUL GIURGIU,,Primarie
"SLOBOZIA MANDRA",primariasloboziamandratr@gmail.com,JUDETUL TELEORMAN,,Primarie
"SLOBOZIA MOARA",primariasloboziamoara@gmail.com,JUDETUL DAMBOVITA,,Primarie
"SOARS",primariasoars@yahoo.com,JUDETUL BRASOV,,Primarie
"SOCOND",primariasocond@yahoo.com,JUDETUL SATU MARE,,Primarie
"SOHATU",primariasohatu@hotmail.com,JUDETUL CALARASI,,Primarie
"SOIMUS",primariasoimus@gmail.com,JUDETUL HUNEDOARA,,Primarie
"SOLDANU",primariasoldanu@yahoo.com,JUDETUL CALARASI,,Primarie
"SOLESTI",primariasolesti@rdslink.ro,JUDETUL VASLUI,,Primarie
"SOPOTU NOU",primariasopotunou@yahoo.com,JUDETUL CARAS-SEVERIN,,Primarie
"SOVEJA",primariasoveja@yahoo.com,JUDETUL VRANCEA,,Primarie
"SPANTOV",primariaspantov@gmail.com,JUDETUL CALARASI,,Primarie
"SPERMEZEU",primariaspermezeu@email.ro,JUDETUL BISTRITA-NASAUD,,Primarie
"SPINUS",primariaspinus@yahoo.com,JUDETUL BIHOR,,Primarie
"SPRANCENATA",primariasprincenata@judetulolt.ro,JUDETUL OLT,,Primarie
"SPRING",primariaspring@yahoo.com,JUDETUL ALBA,,Primarie
"SPULBER",primariaspulber@yahoo.com,JUDETUL VRANCEA,,Primarie
"SANSIMION",primariass@yahoo.com,JUDETUL HARGHITA,,Primarie
"STARCHIOJD",primariastarchiojd@yahoo.com,JUDETUL PRAHOVA,,Primarie
"STEFAN CEL MARE",primariastefan@yahoo.com,JUDETUL NEAMT,,Primarie
"STEFANESTI",primariastefanesti@yahoo.com,JUDETUL VALCEA,,Primarie
"STEJARI",primariastejari@yahoo.com,JUDETUL GORJ,,Primarie
"STIUBIENI",primariastiubieni@yahoo.com,JUDETUL BOTOSANI,,Primarie
"STOICANESTI",primariastoicanesti@judetulolt.ro,JUDETUL OLT,,Primarie
"STOILESTI",primariastoilesti@yahoo.com,JUDETUL VALCEA,,Primarie
"STREHAIA",primariastrehaia@yahoo.com,JUDETUL MEHEDINTI,,Primarie
"STREJESTI",primariastrejesti@yahoo.com,JUDETUL OLT,,Primarie
"STROESTI",primariastroesti@yahoo.com,JUDETUL VALCEA,,Primarie
"STUDINA",primariastudinaott@yahoo.com,JUDETUL OLT,,Primarie
"STULPICANI",primariastulpsv@yahoo.com,JUDETUL SUCEAVA,,Primarie
"SUATU",primariasuatu@yahoo.com,JUDETUL CLUJ,,Primarie
"SUBCETATE",primariasubcetate@yahoo.com,JUDETUL HARGHITA,,Primarie
"SUCEVITA",primariasucevita@yahoo.com,JUDETUL SUCEAVA,,Primarie
"SUDITI",primariasuditi@yahoo.com,JUDETUL IALOMITA,,Primarie
"SUGAG",primariasugag@yahoo.com,JUDETUL ALBA,,Primarie
"SUHURLUI",primariasuhurlui@yahoo.com,JUDETUL GALATI,,Primarie
"SULITA",primariasulita@yahoo.com,JUDETUL BOTOSANI,,Primarie
"SURA MARE",primariasuramare@yahoo.com,JUDETUL SIBIU,,Primarie
"SUSANI",primariasusani@yahoo.com,JUDETUL VALCEA,,Primarie
"SVINITA",primariasvinita@yahoo.com,JUDETUL MEHEDINTI,,Primarie
"TACUTA",primariatacuta@yahoo.com,JUDETUL VASLUI,,Primarie
"TAMADAU MARE",primariatamadau@yahoo.com,JUDETUL CALARASI,,Primarie
"TAMASENI",primariatamaseni@yahoo.com,JUDETUL NEAMT,,Primarie
"TAMASEU",primariatamaseu@gmail.com,JUDETUL BIHOR,,Primarie
"TAMASI",primariatamasi@yahoo.com,JUDETUL BACAU,,Primarie
"TANASOAIA",primariatanasoaia@vrancea.info,JUDETUL VRANCEA,,Primarie
"TARCAU",primariatarcau@yahoo.com,JUDETUL NEAMT,,Primarie
"TATARANI",primariatatarani@yahoo.com,JUDETUL DAMBOVITA,,Primarie
"TATARANU",primariatataranu@yahoo.com,JUDETUL VRANCEA,,Primarie
"TATARASTI",primariatatarasti@yahoo.com,JUDETUL BACAU,,Primarie
"TATARASTII DE SUS",primariatatarastiidesus@yahoo.com,JUDETUL TELEORMAN,,Primarie
"TATARU",primariatataru@yahoo.com,JUDETUL PRAHOVA,,Primarie
"TATULESTI",primariatatulesti@yahoo.com,JUDETUL OLT,,Primarie
"TAUT",primariataut@gmail.com,JUDETUL ARAD,,Primarie
"TAUTEU",primariatauteu@yahoo.com,JUDETUL BIHOR,,Primarie
"TEACA",primariateaca@gmail.com,JUDETUL BISTRITA-NASAUD,,Primarie
"TELEGA",primariatelega@yahoo.com,JUDETUL PRAHOVA,,Primarie
"TELIU",primariateliu@yahoo.com,JUDETUL BRASOV,,Primarie
"TELIUCU INFERIOR",primariateliuc@gmail.com,JUDETUL HUNEDOARA,,Primarie
"TEPU",primariatepu@yahoo.com,JUDETUL GALATI,,Primarie
"TETOIU",primariatetoiu@yahoo.com,JUDETUL VALCEA,,Primarie
"TARGU TROTUS",primariatg.trotus@yahoo.com,JUDETUL BACAU,,Primarie
"TARGU BUJOR",primariatgbujor@yahoo.com,JUDETUL GALATI,,Primarie
"TIA MARE",primariatiamare@yahoo.com,JUDETUL OLT,,Primarie
"TIBANESTI",primariatibanesti@email.ro,JUDETUL IASI,,Primarie
"TICHILESTI",primariatichilesti@yahoo.com,JUDETUL BRAILA,,Primarie
"TICVANIU MARE",primariaticvaniumare@yahoo.com,JUDETUL CARAS-SEVERIN,,Primarie
"TIGANESTI",primariatiganesti@yahoo.com,JUDETUL TELEORMAN,,Primarie
"TILISCA",primariatilisca@yahoo.com,JUDETUL SIBIU,,Primarie
"TANTARENI",primariatintareni@yahoo.com,JUDETUL GORJ,,Primarie
"TINTESTI",primariatintesti@yahoo.com,JUDETUL BUZAU,,Primarie
"TARNAVA",primariatirnava@yahoo.com,JUDETUL SIBIU,,Primarie
"TARNOVA",primariatirnova@yahoo.com,JUDETUL ARAD,,Primarie
"TITESTI",primariatitesti@yahoo.com,JUDETUL ARGES,,Primarie
"TIMISOARA",primariatm@primariatm.ro,JUDETUL TIMIS,,Primarie
"TURNU MAGURELE",primariatm@yahoo.com,JUDETUL TELEORMAN,,Primarie
"TOBOLIU",primariatoboliu@yahoo.com,JUDETUL BIHOR,,Primarie
"TODIRESTI",primariatodiresti2006@yahoo.com,JUDETUL VASLUI,,Primarie
"TODIRESTI",primariatodiresti@yahoo.com,JUDETUL SUCEAVA,,Primarie
"TOMSANI",primariatomsani@yahoo.com,JUDETUL PRAHOVA,,Primarie
"TOMSANI",primariatomsanivl@yahoo.com,JUDETUL VALCEA,,Primarie
"TOPLITA",primariatoplita@yahoo.com,JUDETUL HUNEDOARA,,Primarie
"TOPOLOVATU MARE",primariatopolovatumare@yahoo.com,JUDETUL TIMIS,,Primarie
"TOPORU",primariatoporu@gmail.com,JUDETUL GIURGIU,,Primarie
"TRAIAN",primariatraianbr@yahoo.com,JUDETUL BRAILA,,Primarie
"TRAIAN",primariatraiantr@yahoo.com,JUDETUL TELEORMAN,,Primarie
"TRIVALEA-MOSTENI",primariatrivalea_mosteni@yahoo.com,JUDETUL TELEORMAN,,Primarie
"TUDORA",primariatudora@yahoo.com,JUDETUL BOTOSANI,,Primarie
"TUFENI",primariatufeni@gmail.com,JUDETUL OLT,,Primarie
"TUFESTI",primariatufesti@gmail.com,JUDETUL BRAILA,,Primarie
"TURCOAIA",primariaturcoaiatl@yahoo.com,JUDETUL TULCEA,,Primarie
"TURDAS",primariaturdas@yahoo.com,JUDETUL HUNEDOARA,,Primarie
"TURNU ROSU",primariaturnurosu@yahoo.com,JUDETUL SIBIU,,Primarie
"TURNU RUIENI",primariaturnuruieni@gmail.com,JUDETUL CARAS-SEVERIN,,Primarie
"TURT",primariaturt@yahoo.com,JUDETUL SATU MARE,,Primarie
"TUSNAD",primariatusnad@freemail.hu,JUDETUL HARGHITA,,Primarie
"TUTORA",primariatutora@yahoo.com,JUDETUL IASI,,Primarie
"TUTOVA",primariatutova@yahoo.com,JUDETUL VASLUI,,Primarie
"ULMA",primariaulma@yahoo.com,JUDETUL SUCEAVA,,Primarie
"ULMENI",primariaulmeni_buzau@yahoo.com,JUDETUL BUZAU,,Primarie
"ULMI",primariaulmi.2007@yahoo.com,JUDETUL GIURGIU,,Primarie
"UMBRARESTI",primariaumbraresti@hotmail.com,JUDETUL GALATI,,Primarie
"UNGHENI",primariaungheniiasi@yahoo.com,JUDETUL IASI,,Primarie
"UNGRA",primariaungra@yahoo.com,JUDETUL BRASOV,,Primarie
"UNGURIU",primariaunguriu@yahoo.co.uk,JUDETUL BUZAU,,Primarie
"UNIREA",primariaunirea@gmail.com,JUDETUL ALBA,,Primarie
"UNIREA",primariaunireacalarasi@yahoo.com,JUDETUL CALARASI,,Primarie
"URDARI",primariaurdari@yahoo.com,JUDETUL GORJ,,Primarie
"URICANI",primariauricani@gmail.com,JUDETUL HUNEDOARA,,Primarie
"URMENIS",primariaurmenis@yahoo.com,JUDETUL BISTRITA-NASAUD,,Primarie
"USUSAU",primariaususau@gmail.com,JUDETUL ARAD,,Primarie
"VACARENI",primariavacareni@yahoo.com,JUDETUL TULCEA,,Primarie
"VACARESTI",primariavacaresti@yahoo.com,JUDETUL DAMBOVITA,,Primarie
"VAD",primariavad@yahoo.com,JUDETUL CLUJ,,Primarie
"VADASTRA",primariavadastra@yahoo.com,JUDETUL OLT,,Primarie
"VADASTRITA",primariavadastrita@yahoo.com,JUDETUL OLT,,Primarie
"VALCANESTI",primariavalcanesti@yahoo.com,JUDETUL PRAHOVA,,Primarie
"VALCELELE",primariavalcelele@yahoo.com,JUDETUL BUZAU,,Primarie
"VALEA CRISULUI",primariavaleacrisului@yahoo.com,JUDETUL COVASNA,,Primarie
"VALEA LUNGA",primariavalealunga@yahoo.com,JUDETUL ALBA,,Primarie
"VALEA MARE",primariavaleamare@judetulolt.ro,JUDETUL OLT,,Primarie
"VALEA MARE",primariavaleamaredb@yahoo.com,JUDETUL DAMBOVITA,,Primarie
"VALEA MARE PRAVAT",primariavaleamarepravat@yahoo.fr,JUDETUL ARGES,,Primarie
"VALEA RAMNICULUI",primariavalearamnicului@yahoo.com,JUDETUL BUZAU,,Primarie
"VALEA SARII",primariavaleasarii@yahoo.com,JUDETUL VRANCEA,,Primarie
"VALEA VINULUI",primariavaleavinului@yahoo.com,JUDETUL SATU MARE,,Primarie
"VALIUG",primariavaliug@yahoo.com,JUDETUL CARAS-SEVERIN,,Primarie
"VAMA",primariavama@yahoo.com,JUDETUL SATU MARE,,Primarie
"VANJU MARE",primariavanjumare@yahoo.com,JUDETUL MEHEDINTI,,Primarie
"VARASTI",primariavarasti@yahoo.com,JUDETUL GIURGIU,,Primarie
"VIRFURI",primariavarfuri@yahoo.com,JUDETUL DAMBOVITA,,Primarie
"VASILATI",primariavasilati@yahoo.com,JUDETUL CALARASI,,Primarie
"VATA DE JOS",primariavata@clicknet.ro,JUDETUL HUNEDOARA,,Primarie
"VATRA MOLDOVITEI",primariavatramoldovitei@yahoo.com,JUDETUL SUCEAVA,,Primarie
"VEDEA",primariavedea@yahoo.com,JUDETUL TELEORMAN,,Primarie
"VERMES",primariavermes@vermes.ro,JUDETUL CARAS-SEVERIN,,Primarie
"VETRISOAIA",primariavetrisoaia@yahoo.com,JUDETUL VASLUI,,Primarie
"VICOVU DE SUS",primariavicovudesus@yahoo.com,JUDETUL SUCEAVA,,Primarie
"VICTORIA",primariavictoria@yahoo.com,JUDETUL IASI,,Primarie
"VIDELE",primariavidele@yahoo.com,JUDETUL TELEORMAN,,Primarie
"VIDRA",primariavidra@yahoo.com,JUDETUL ILFOV,,Primarie
"VIISOARA",primariaviisoara@yahoo.com,JUDETUL CLUJ,,Primarie
"VIISOARA",primariaviisoara_bt@yahoo.com,JUDETUL BOTOSANI,,Primarie
"VIISOARA",primariaviisoara_tr@yahoo.com,JUDETUL TELEORMAN,,Primarie
"VALCELE",primariavilcelecv@gmail.com,JUDETUL COVASNA,,Primarie
"VALCELE",primariavilceleolt@yahoo.com,JUDETUL OLT,,Primarie
"VANATORI-NEAMT",primariavinatorineamt@yahoo.com,JUDETUL NEAMT,,Primarie
"VINGA",primariavinga@clicknet.ro,JUDETUL ARAD,,Primarie
"VARSOLT",primariavirsolt@gmail.com,JUDETUL SALAJ,,Primarie
"VARTOAPE",primariavirtoapele@yahoo.com,JUDETUL TELEORMAN,,Primarie
"VISINA",primariavisina@yahoo.com,JUDETUL OLT,,Primarie
"VISINA",primariavisina_db@yahoo.com,JUDETUL DAMBOVITA,,Primarie
"VISINESTI",primariavisinesti@gmail.com,JUDETUL DAMBOVITA,,Primarie
"VITANESTI",primariavitanesti@yahoo.com,JUDETUL TELEORMAN,,Primarie
"VLADENI",primariavladeni@yahoo.com,JUDETUL IASI,,Primarie
"VLADESTI",primariavladesti@yahoo.com,JUDETUL GALATI,,Primarie
"VLADILA",primariavladila@judetulolt.ro,JUDETUL OLT,,Primarie
"VLADIMIR",primariavladimirgj@yahoo.com,JUDETUL GORJ,,Primarie
"VLAD TEPES",primariavladtepescl@yahoo.com,JUDETUL CALARASI,,Primarie
"ALEXANDRU VLAHUTA",primariavlahuta@yahoo.com,JUDETUL VASLUI,,Primarie
"VOINEASA",primariavoineasa@yahoo.com,JUDETUL OLT,,Primarie
"VOINESTI",primariavoinesti2007@yahoo.com,JUDETUL VASLUI,,Primarie
"VOINESTI",primariavoinesti@yahoo.com,JUDETUL IASI,,Primarie
"VOLOIAC",primariavoloiac@yahoo.com,JUDETUL MEHEDINTI,,Primarie
"VOLOVAT",primariavolovat@yahoo.com,JUDETUL SUCEAVA,,Primarie
"VRANCIOAIA",primariavrincioaia@yahoo.com,JUDETUL VRANCEA,,Primarie
"VALEA SALCIEI",primariavs@yahoo.com,JUDETUL BUZAU,,Primarie
"VULTURENI",primariavultureni@easynet.ro,JUDETUL BACAU,,Primarie
"VULTURESTI",primariavulturestiag@yahoo.com,JUDETUL ARGES,,Primarie
"VULTURU",primariavulturu@yahoo.com,JUDETUL VRANCEA,,Primarie
"VUTCANI",primariavutcani@yahoo.com,JUDETUL VASLUI,,Primarie
"ZABRANI",primariazabrani@yahoo.com,JUDETUL ARAD,,Primarie
"ZADARENI",primariazadareni@yahoo.com,JUDETUL ARAD,,Primarie
"ZALHA",primariazalha@yahoo.com,JUDETUL SALAJ,,Primarie
"ZANESTI",primariazanesti@yajoo.com,JUDETUL NEAMT,,Primarie
"ZARNESTI",primariazarnesti@yahoo.com,JUDETUL BUZAU,,Primarie
"ZERIND",primariazerind@yahoo.com,JUDETUL ARAD,,Primarie
"ZIMANDU NOU",primariazimandulnou@yahoo.com,JUDETUL ARAD,,Primarie
"ZIMBOR",primariazimbor@yahoo.com,JUDETUL SALAJ,,Primarie
"ZORLENTU MARE",primariazorlentumare@yahoo.com,JUDETUL CARAS-SEVERIN,,Primarie
"DRAGOESTI",primaridragoesti@yahoo.com,JUDETUL VALCEA,,Primarie
"CALINESTI",primarie@calinesti.cjarges.ro,JUDETUL ARGES,,Primarie
"CATEASCA",primarie@cateasca.cjarges.ro,JUDETUL ARGES,,Primarie
"DEALU MORII",primarie@dealumorii.ro,JUDETUL BACAU,,Primarie
"FILIPESTII DE PADURE",primarie@filipestiidepadure.ro,JUDETUL PRAHOVA,,Primarie
"GLAVANESTI",primarie@glavanesti.ro,JUDETUL BACAU,,Primarie
"GREBANU",primarie@grebanu.infoprimarie.ro,JUDETUL BUZAU,,Primarie
"JITIA",primarie@jitia.infoprimarie.ro,JUDETUL VRANCEA,,Primarie
"MANGALIA",primarie@mangalia.ro,JUDETUL CONSTANTA,,Primarie
"MIOARELE",primarie@mioarele.cjarges.ro,JUDETUL ARGES,,Primarie
"MORARESTI",primarie@moraresti.cjarges.ro,JUDETUL ARGES,,Primarie
"NEGRESTI-OAS",primarie@negresti-oas.ro,JUDETUL SATU MARE,,Primarie
"ORADEA",primarie@oradea.ro,JUDETUL BIHOR,,Primarie
"PODU TURCULUI",primarie@poduturcului.ro,JUDETUL BACAU,,Primarie
"URECHESTI",primarie@primaria-urechesti.ro,JUDETUL BACAU,,Primarie
"BARSESTI",primarie@primariabirsesti.ro,JUDETUL VRANCEA,,Primarie
"CORBITA",primarie@primariacorbita.ro,JUDETUL VRANCEA,,Primarie
"DAIA",primarie@primariadaia.ro,JUDETUL GIURGIU,,Primarie
"NEGRI",primarie@primarianegri.judetbacau.ro,JUDETUL BACAU,,Primarie
"VIDRA",primarie@primariavidravn.ro,JUDETUL VRANCEA,,Primarie
"SALCIOARA",primarie@salcioara.infoprimarie.ro,JUDETUL DAMBOVITA,,Primarie
"SCHITU GOLESTI",primarie@schitug.cjarges.ro,JUDETUL ARGES,,Primarie
"SOLCA",primarie@solca.ro,JUDETUL SUCEAVA,,Primarie
"STOENESTI",primarie@stoenesti.cjarges.ro,JUDETUL ARGES,,Primarie
"SULETEA",primarie@suletea.ro,JUDETUL VASLUI,,Primarie
"TOPOLOVENI",primarie@topoloveni.cjarges.ro,JUDETUL ARGES,,Primarie
"ULMU",primarie@ulmu.infoprimarie.ro,JUDETUL CALARASI,,Primarie
"ZORLENI",primarie@zorleni.ro,JUDETUL VASLUI,,Primarie
"BALTENI",primarie_bilteni@yahoo.com,JUDETUL GORJ,,Primarie
"GRANICESTI",primarie_granicesti@yahoo.com,JUDETUL SUCEAVA,,Primarie
"HIDA",primarie_hida@samtv.ro,JUDETUL SALAJ,,Primarie
"MAGURA",primarie_magura@yahoo.com,JUDETUL TELEORMAN,,Primarie
"MUNTENI",primarie_munteni2002@yahoo.com,JUDETUL GALATI,,Primarie
"BUGHEA DE SUS",primarie_primariabughea@yahoo.com,JUDETUL ARGES,,Primarie
"RAMNICU SARAT",primarie_rmsarat@yahoo.com,JUDETUL BUZAU,,Primarie
"RUSETU",primarie_rusetu@yahoo.com,JUDETUL BUZAU,,Primarie
"SANTA MARE",primarie_santamare@yahoo.com,JUDETUL BOTOSANI,,Primarie
"SANMIHAIU ALMASULUI",primarie_sinmihai@samtv.ro,JUDETUL SALAJ,,Primarie
"TARGUSOR",primarie_tirgusor@yahoo.com,JUDETUL CONSTANTA,,Primarie
"TREZNEA",primarie_treznea@samtv.ro,JUDETUL SALAJ,,Primarie
"TULNICI",primarie_tulnici@yahoo.com,JUDETUL VRANCEA,,Primarie
"VOICESTI",primarie_voicesti@yahoo.com,JUDETUL VALCEA,,Primarie
"BEUCA",primariebeuca@yahoo.com,JUDETUL TELEORMAN,,Primarie
"BLAJ",primarieblaj@rcnet.ro,JUDETUL ALBA,,Primarie
"BUDESTI",primariebudesti@yahoo.com,JUDETUL MARAMURES,,Primarie
"BUZOESTI",primariebuzoesti@yahoo.com,JUDETUL ARGES,,Primarie
"LEORDENI",primarieleordeni@yahoo.com,JUDETUL ARGES,,Primarie
"MOSNA",primariemosna@yahoo.com,JUDETUL IASI,,Primarie
"POGOANELE",primariepogoanele@yahoo.com,JUDETUL BUZAU,,Primarie
"PRUNISOR",primarieprunisor@yahoo.com,JUDETUL MEHEDINTI,,Primarie
"RECEA-CRISTUR",primarierecea@yahoo.com,JUDETUL CLUJ,,Primarie
"TALEA",primarietalea@yahoo.com,JUDETUL PRAHOVA,,Primarie
"INDEPENDENTA",primarindependenta@yahoo.com,JUDETUL CALARASI,,Primarie
"OCLAND",primarocland@yahoo.com,JUDETUL HARGHITA,,Primarie
"OLTENI",primarolteni@yahoo.com,JUDETUL TELEORMAN,,Primarie
"PREUTESTI",primarpreutesti@yahoo.com,JUDETUL SUCEAVA,,Primarie
"SOCOL",primarsocol@yahoo.com,JUDETUL CARAS-SEVERIN,,Primarie
"TARGOVISTE",primarulmunicipiuluitargoviste@pmtgv.ro,JUDETUL DAMBOVITA,,Primarie
"SAVINESTI",primasav@yahoo.com,JUDETUL NEAMT,,Primarie
"TESLUI",primateslui@yahoo.com,JUDETUL OLT,,Primarie
"BAIA DE ARIES",primbaia@yahoo.com,JUDETUL ALBA,,Primarie
"BALTATESTI",primbaltatesti@yahoo.com,JUDETUL NEAMT,,Primarie
"BELCIUGATELE",primbelciugatele@yahoo.com,JUDETUL CALARASI,,Primarie
"BERVENI",primberveni@yahoo.com,JUDETUL SATU MARE,,Primarie
"BAILE HERCULANE",primbh@yahoo.com,JUDETUL CARAS-SEVERIN,,Primarie
"BOGDANESTI",primbogdanesti@yahoo.com,JUDETUL VASLUI,,Primarie
"BUZIAS",primbuzias@yahoo.com,JUDETUL TIMIS,,Primarie
"BUZAU",primbz_cabinet@buzau.ro,JUDETUL BUZAU,,Primarie
"CAPALNITA",primca@kabelkon.ro,JUDETUL HARGHITA,,Primarie
"CAZANESTI",primcazanesti@yahoo.com,JUDETUL IALOMITA,,Primarie
"CIOCARLIA",primciocarlia@yahoo.com,JUDETUL IALOMITA,,Primarie
"DOLJESTI",primcomdoljesti@yahoo.com,JUDETUL NEAMT,,Primarie
"COZMENI",primcoz@freemail.hu,JUDETUL HARGHITA,,Primarie
"CARTA",primcr@kabelkon.ro,JUDETUL HARGHITA,,Primarie
"DULCESTI",primdulcesti@yahoo.com,JUDETUL NEAMT,,Primarie
"DUMBRAVITA",primdumb@yahoo.com,JUDETUL TIMIS,,Primarie
"GALATENI",primgalateni@yahoo.com,JUDETUL TELEORMAN,,Primarie
"GARBOVI",primgarbovi@yahoo.com,JUDETUL IALOMITA,,Primarie
"GAVOJDIA",primgav@yahoo.com,JUDETUL TIMIS,,Primarie
"CICEU-GIURGESTI",primgiurgesti@yahoo.com,JUDETUL BISTRITA-NASAUD,,Primarie
"GLODEANU-SILISTEA",primglsilistea@yahoo.com,JUDETUL BUZAU,,Primarie
"GRINDU",primgrindu@yahoo.com,JUDETUL IALOMITA,,Primarie
"IPOTESTI",primipotesti@yahoo.com,JUDETUL SUCEAVA,,Primarie
"IP",primipsj@yahoo.com,JUDETUL SALAJ,,Primarie
"JOSENI",primjoseni@yahoo.com,JUDETUL HARGHITA,,Primarie
"MANASIA",primmanasia@gmail.com,JUDETUL IALOMITA,,Primarie
"MIHAILESTI",primmiha_gr@yahoo.com,JUDETUL GIURGIU,,Primarie
"MIHAILENI",primmihaileni@freemail.hu,JUDETUL HARGHITA,,Primarie
"MIERCUREA SIBIULUI",primmsb@yahoo.com,JUDETUL SIBIU,,Primarie
"MUGENI",primmug@yahoo.com,JUDETUL HARGHITA,,Primarie
"POIANA CAMPINA",primpoianacampina@yahoo.com,JUDETUL PRAHOVA,,Primarie
"PRUNDENI",primprud@yahoo.com,JUDETUL VALCEA,,Primarie
"RACOVITA",primracovita@yahoo.com,JUDETUL VALCEA,,Primarie
"ROESTI",primroesti@yahoo.com,JUDETUL VALCEA,,Primarie
"ROSIESTI",primrosiesti@yahoo.com,JUDETUL VASLUI,,Primarie
"SACASENI",primsacaseni@yahoo.com,JUDETUL SATU MARE,,Primarie
"SALONTA",primsal@rdslink.ro,JUDETUL BIHOR,,Primarie
"SAVADISLA",primsav@yahoo.com,JUDETUL CLUJ,,Primarie
"SELEUS",primseleus@clicknet.ro,JUDETUL ARAD,,Primarie
"SILIVASU DE CIMPIE",primsilivasu@yahoo.com,JUDETUL BISTRITA-NASAUD,,Primarie
"SIRIU",primsiriu@artelecom.net,JUDETUL BUZAU,,Primarie
"SINTEA MARE",primsm2003@yahoo.com,JUDETUL ARAD,,Primarie
"STOROBANEASA",primstorobaneasa@yahoo.com,JUDETUL TELEORMAN,,Primarie
"SUCEAVA",primsv@primariasv.ro,JUDETUL SUCEAVA,,Primarie
"TECUCI",primtecuci@yahoo.com,JUDETUL GALATI,,Primarie
"TISAU",primtisau@artelecom.net,JUDETUL BUZAU,,Primarie
"TITESTI",primtitesti@yahoo.com,JUDETUL VALCEA,,Primarie
"TULCEA",primtl@tim.ro;eventhi@yahoo.com,JUDETUL TULCEA,,Primarie
"TURULUNG",primtur@yahoo.com,JUDETUL SATU MARE,,Primarie
"TURDA",primturda@yahoo.com,JUDETUL CLUJ,,Primarie
"VALENI",primvaleni@yahoo.com,JUDETUL NEAMT,,Primarie
"VARSAG",primvarsag@freemail.hu,JUDETUL HARGHITA,,Primarie
"VLADENI",primvlad@yahoo.com,JUDETUL BOTOSANI,,Primarie
" VULCAN",primvulcan@yahoo.com,JUDETUL HUNEDOARA,,Primarie
"VULTURESTI",primvult@yahoo.com,JUDETUL OLT,,Primarie
"ZABALA",primzabala@yahoo.com,JUDETUL COVASNA,,Primarie
"ZETEA",primzet@freemail.hu,JUDETUL HARGHITA,,Primarie
"DRAGUSENI",prisacaru_adina@yahoo.com,JUDETUL IASI,,Primarie
"MIHAIL KOGALNICEANU",prkogalniceanu@yahoo.com,JUDETUL TULCEA,,Primarie
"MOGOSANI",prmogosani@yahoo.com,JUDETUL DAMBOVITA,,Primarie
"JIJILA",prmrjijila@yahoo.com,JUDETUL TULCEA,,Primarie
"MORAVITA",prmrmoravita@yahoo.com,JUDETUL TIMIS,,Primarie
"VARLEZI",prvarlezict1@yahoo.com,JUDETUL GALATI,,Primarie
"VOINEASA",prvoineasa@yahoo.com,JUDETUL VALCEA,,Primarie
"SANPETRU",psanpetru@yahoo.com,JUDETUL BRASOV,,Primarie
"Salaj",psj@prefecturasalaj.ro,Salaj,,Prefectura
"SMARDAN",psmardan@kvs.ro,JUDETUL TULCEA,,Primarie
"Mehedinți",public@cjmehedinti.ro,Mehedinți,,Consiliu Judetean
"RECAS",public@primariarecas.ro,JUDETUL TIMIS,,Primarie
"VALEA CIORII",pvaleaciorii@yahoo.com,JUDETUL IALOMITA,,Primarie
"VALEA MOLDOVEI",pvmmorosanc@yahoo.com,JUDETUL SUCEAVA,,Primarie
"RACOVITA",racovitaprimaria@yahoo.com,JUDETUL SIBIU,,Primarie
"RADOVAN",radovan@cjdolj.ro,JUDETUL DOLJ,,Primarie
"RAFOV",rafov@prefecturaprahova.ro,JUDETUL PRAHOVA,,Primarie
"RASMIRESTI",rasmirestiprimarie@yahoo.com,JUDETUL TELEORMAN,,Primarie
"RAST",rast@cjdolj.ro,JUDETUL DOLJ,,Primarie
"RASTOLITA",rastolita@cjmures.ro,JUDETUL MURES,,Primarie
"RAZVAD",razvad@cjd.ro,JUDETUL DAMBOVITA,,Primarie
"REBRA",rebraprimaria@yahoo.com,JUDETUL BISTRITA-NASAUD,,Primarie
"ROMAN",recensamant@primariaroman.ro,JUDETUL NEAMT,,Primarie
"REGHIN",reghin@cjmures.ro,JUDETUL MURES,,Primarie
"Bihor",registratura@cjbihor.ro,Bihor,,Consiliu Judetean
"Bihor",registratura@prefecturabihor.ro,Bihor,,Prefectura
"CHIAJNA",registratura@primariachiajna.ro,JUDETUL ILFOV,,Primarie
"SALCEA",registratura@primariasalcea.ro,JUDETUL SUCEAVA,,Primarie
"Brașov",relatii.publice.cj@judbrasov.ro,Brașov,,Consiliu Judetean
"Argeș",relatii.publice@prefecturaarges.ro,Argeș,,Prefectura
"MOTAIENI",relatii@primariamotaieni.ro,JUDETUL DAMBOVITA,,Primarie
"OCNITA",relatii@primariaocnita.ro,JUDETUL DAMBOVITA,,Primarie
"COMANESTI",relatiipublice@primariacomanesti.ro,JUDETUL BACAU,,Primarie
"RADAUTI",relatiipublice@primariaradauti.ro,JUDETUL SUCEAVA,,Primarie
"TARGU NEAMT",relatiipublice@primariatgneamt.ro,JUDETUL NEAMT,,Primarie
"SARATA",reliaamelia@yahoo.com,JUDETUL BACAU,,Primarie
"RICIU",riciu@cjmures.ro,JUDETUL MURES,,Primarie
"ROBANESTI",robanesti@cjdolj.ro,JUDETUL DOLJ,,Primarie
"MUNTENII DE SUS",rodica_buhus@yahoo.com,JUDETUL VASLUI,,Primarie
"ROJISTE",rojiste@cjdolj.ro,JUDETUL DOLJ,,Primarie
"TATARASTII DE JOS",romcatharin@yahoo.com,JUDETUL TELEORMAN,,Primarie
"RAPOLTU MARE",romosanliliana@yahoo.com,JUDETUL HUNEDOARA,,Primarie
"RUGINOASA",ruginoasaprimaria@yahoo.com,JUDETUL IASI,,Primarie
"RUSII-MUNTI",rusiimunti@cjmures.ro,JUDETUL MURES,,Primarie
"SCURTU MARE",s.primarie@yahoo.com,JUDETUL TELEORMAN,,Primarie
"SACENI",saceni_tr@yahoo.com,JUDETUL TELEORMAN,,Primarie
"SADOVA",sadova@cjdolj.ro,JUDETUL DOLJ,,Primarie
"SALCIA TUDOR",salcia_tudor@portal-braila.ro,JUDETUL BRAILA,,Primarie
"SALCIILE",salciile@prefecturaprahova.ro,JUDETUL PRAHOVA,,Primarie
"SALCUTA",salcuta@cjdolj.ro,JUDETUL DOLJ,,Primarie
"SAMSUD",samsudsj@yahoo.com,JUDETUL SALAJ,,Primarie
"SANCRAIU",sancraiu@sancraiu.ro,JUDETUL CLUJ,,Primarie
"SANGERU",sangeru@prefecturaprahova.ro,JUDETUL PRAHOVA,,Primarie
"SANISLAU",sanislau.primaria@yahoo.com,JUDETUL SATU MARE,,Primarie
"SANTAMARIA-ORLEA",santamariaorlea@personal.ro,JUDETUL HUNEDOARA,,Primarie
"SARATENI",sarateni@cjmures.ro,JUDETUL MURES,,Primarie
"SARMASU",sarmasu@cjmures.ro,JUDETUL MURES,,Primarie
"SASCHIZ",saschiz@cjmures.ro,JUDETUL MURES,,Primarie
"SATU MARE",satumarehr@freemail.hu,JUDETUL HARGHITA,,Primarie
"SAULIA",saulia@cjmures.ro,JUDETUL MURES,,Primarie
"OCOLIS",sc.ocolis@mail.albanet.ro,JUDETUL ALBA,,Primarie
"SCAESTI",scaesti@cjdolj.ro,JUDETUL DOLJ,,Primarie
"GALBENU",scoalagalbenu@gmail.com,JUDETUL BRAILA,,Primarie
"RASUCENI",scrasuceni@yahoo.com,JUDETUL GIURGIU,,Primarie
"SEACA DE CAMP",seaca_de_camp@cjdolj.ro,JUDETUL DOLJ,,Primarie
"SEACA DE PADURE",seaca_de_padure@cjdolj.ro,JUDETUL DOLJ,,Primarie
"SEBES",sebespri@yahoo.com,JUDETUL ALBA,,Primarie
"BERCA",secretar.berca@gmail.com,JUDETUL BUZAU,,Primarie
"CORNU LUNCII",secretar.cornuluncii@yahoo.com,JUDETUL SUCEAVA,,Primarie
"ISTRIA",secretar.istria@gmail.com,JUDETUL CONSTANTA,,Primarie
"CALARASI",secretar2006@yahoo.com,JUDETUL CLUJ,,Primarie
"BOGHESTI",secretar@boghesti.ro,JUDETUL VRANCEA,,Primarie
"CAPLENI",secretar@capleni.ro,JUDETUL SATU MARE,,Primarie
"COARNELE CAPREI",secretar@coarnelecaprei.ro,JUDETUL IASI,,Primarie
"GURASADA",secretar@comunagurasada.ro,JUDETUL HUNEDOARA,,Primarie
"IZVORU BERHECIULUI",secretar@comunaizvoruberheciului.ro,JUDETUL BACAU,,Primarie
"POSAGA",secretar@comunaposaga.ro,JUDETUL ALBA,,Primarie
"CUNGREA",secretar@cungrea.ro,JUDETUL OLT,,Primarie
"DRAGANESTI-OLT",secretar@draganesti-olt.ro,JUDETUL OLT,,Primarie
"GEOAGIU",secretar@geoagiu.ro,JUDETUL HUNEDOARA,,Primarie
" GHEORGHENI",secretar@gheorgheni.ro,JUDETUL HARGHITA,,Primarie
"GORGOTA",secretar@gorgota.ro,JUDETUL PRAHOVA,,Primarie
"MARTINIS",secretar@homorodszentmarton.ro,JUDETUL HARGHITA,,Primarie
"ISACCEA",secretar@isaccea.ro,JUDETUL TULCEA,,Primarie
"JIMBOLIA",secretar@jimbolia.ro,JUDETUL TIMIS,,Primarie
"ONESTI",secretar@onesti.ro,JUDETUL BACAU,,Primarie
"CHIRNOGENI",secretar@primaria-chirnogeni.ro,JUDETUL CONSTANTA,,Primarie
"TOPRAISAR",secretar@primaria-topraisar.ro,JUDETUL CONSTANTA,,Primarie
"BARAOLT",secretar@primariabaraolt.ro,JUDETUL COVASNA,,Primarie
"BOTESTI",secretar@primariabotesti.ro,JUDETUL VASLUI,,Primarie
"CERCHEZU",secretar@primariacerchezu.ro,JUDETUL CONSTANTA,,Primarie
"CORBEANCA",secretar@primariacorbeanca.ro,JUDETUL ILFOV,,Primarie
"COSTESTI",secretar@primariacostesti.ro,JUDETUL IASI,,Primarie
"COVASNA",secretar@primariacovasna.ro,JUDETUL COVASNA,,Primarie
"CUCUTENI",secretar@primariacucuteni.ro,JUDETUL IASI,,Primarie
"DRAGANESTI",secretar@primariadraganesti.ro,JUDETUL PRAHOVA,,Primarie
"GREACA",secretar@primariagreaca.ro,JUDETUL GIURGIU,,Primarie
"HOMOROADE",secretar@primariahomoroade.ro,JUDETUL SATU MARE,,Primarie
"LIMANU",secretar@primarialimanu.ro,JUDETUL CONSTANTA,,Primarie
"MIROSLAVA",secretar@primariamiroslava.ro,JUDETUL IASI,,Primarie
"NUCI",secretar@primarianuci.ro,JUDETUL ILFOV,,Primarie
"OHABA",secretar@primariaohaba.ro,JUDETUL ALBA,,Primarie
"OLARI",secretar@primariaolari.ro,JUDETUL PRAHOVA,,Primarie
"OTELENI",secretar@primariaoteleni.ro,JUDETUL IASI,,Primarie
"PUTINEIU",secretar@primariaputineiu.ro,JUDETUL GIURGIU,,Primarie
"RONA DE JOS",secretar@primariaronadejos.ro,JUDETUL MARAMURES,,Primarie
"TARSOLT",secretar@primariatirsolt.ro,JUDETUL SATU MARE,,Primarie
"SIBIU",secretar@sibiu.ro,JUDETUL SIBIU,,Primarie
"CRISTIAN",secretar@uatcristian.ro,JUDETUL BRASOV,,Primarie
"VALU LUI TRAIAN",secretar@valu-lui-traian.ro,JUDETUL CONSTANTA,,Primarie
"VULCANA-BAI",secretar@vulcanabai.ro,JUDETUL DAMBOVITA,,Primarie
"CALMATUIU",secretar_calmatuiu@yahoo.com,JUDETUL TELEORMAN,,Primarie
"SOTRILE",secretar_comsotrile@yahoo.com,JUDETUL PRAHOVA,,Primarie
"HOGHILAG",secretar_hoghilag@yahoo.com,JUDETUL SIBIU,,Primarie
"CHICHIS",secretar_kokos@cosys.ro,JUDETUL COVASNA,,Primarie
"UDESTI",secretar_primariaudesti@yahoo.com,JUDETUL SUCEAVA,,Primarie
"PRISEACA",secretar_priseaca@yahoo.com,JUDETUL OLT,,Primarie
"VALCAU DE JOS",secretar_valcau@yahoo.com,JUDETUL SALAJ,,Primarie
"BOTOSANA",secretarbotosana@ymail.com,JUDETUL SUCEAVA,,Primarie
"HODOD",secretarhodod@yahoo.com,JUDETUL SATU MARE,,Primarie
"Dâmbovița",secretariat.ipdb@mai.gov.ro,,Dâmbovița,,Prefectura
"OLTENITA",secretariat.primariaoltenita@gmail.com,JUDETUL CALARASI,,Primarie
"Giurgiu",secretariat1@prefecturagiurgiu.ro,Giurgiu,,Prefectura
"BECLEAN",secretariat@becleanbrasov.ro,JUDETUL BRASOV,,Primarie
"BIHARIA",secretariat@comunabiharia.ro,JUDETUL BIHOR,,Primarie
"GAL",secretariat@galmaramuresvest.ro,,,GAL
"OTOPENI",secretariat@otopeniro.ro,JUDETUL ILFOV,,Primarie
"Bacău",secretariat@prefecturabacau.ro,Bacău,,Prefectura
"AGIGEA",secretariat@primaria-agigea.ro,JUDETUL CONSTANTA,,Primarie
"FAGARAS",secretariat@primaria-fagaras.ro,JUDETUL BRASOV,,Primarie
"HARSOVA",secretariat@primaria-harsova.ro,JUDETUL CONSTANTA,,Primarie
"NAVODARI",secretariat@primaria-navodari.ro,JUDETUL CONSTANTA,,Primarie
"STANESTI",secretariat@primaria-stanesti.ro,JUDETUL GIURGIU,,Primarie
"BANEASA",secretariat@primariabaneasagr.ro,JUDETUL GIURGIU,,Primarie
"BECLEAN",secretariat@primariabeclean.ro,JUDETUL BISTRITA-NASAUD,,Primarie
"CURTICI",secretariat@primariacurtici.ro,JUDETUL ARAD,,Primarie
"FORASTI",secretariat@primariaforasti.ro,JUDETUL SUCEAVA,,Primarie
"PANTELIMON",secretariat@primariapantelimon.ro,JUDETUL ILFOV,,Primarie
" TOPLITA",secretariat@primariatoplita.ro,JUDETUL HARGHITA,,Primarie
"ODOREU",secretariatodoreu@yahoo.com,JUDETUL SATU MARE,,Primarie
"MURGENI",secretarmurgeni@yahoo.com,JUDETUL VASLUI,,Primarie
"COSTESTI",secretaroprea@yahoo.com,JUDETUL BUZAU,,Primarie
"PALTIN",secretarpaltin@yahoo.com,JUDETUL VRANCEA,,Primarie
"PREDEAL-SARARI",secretarpredeals@yahoo.com,JUDETUL PRAHOVA,,Primarie
"TELCIU",secretarprimaria_telciu@yahoo.com,JUDETUL BISTRITA-NASAUD,,Primarie
"SALISTE",secretarsaliste@yahoo.com,JUDETUL SIBIU,,Primarie
"TARNA MARE",secretartarna@yahoo.com,JUDETUL SATU MARE,,Primarie
"TAUTII-MAGHERAUS",secretartautimm@yahoo.com,JUDETUL MARAMURES,,Primarie
"REGHIU",secretarull@yahoo.com,JUDETUL VRANCEA,,Primarie
"SECUIENI",secretarxx@yahoo.com,JUDETUL BACAU,,Primarie
"SECU",secu@cjdolj.ro,JUDETUL DOLJ,,Primarie
"SEGARCEA",segarcea@cjdolj.ro,JUDETUL DOLJ,,Primarie
"SENDRENI",sendreniinfo@yahoo.com,JUDETUL GALATI,,Primarie
"SENDRICENI",sendriceni_primaria@yahoo.com,JUDETUL BOTOSANI,,Primarie
"BRASOV",sep@brasovcity.ro,JUDETUL BRASOV,,Primarie
"SFINTESTI",sfintesti_tr@yahoo.com,JUDETUL TELEORMAN,,Primarie
"SANGEORGIU DE PADURE",sgpadure@cjmures.ro,JUDETUL MURES,,Primarie
"SICULENI",siculeni@yahoo.com,JUDETUL HARGHITA,,Primarie
"SIGHISOARA",sighisoara@cjmures.ro,JUDETUL MURES,,Primarie
"SILISTEA",sil_prim@yahoo.com,JUDETUL BRAILA,,Primarie
"SILISTEA CRUCII",silistea_crucii@cjdolj.ro,JUDETUL DOLJ,,Primarie
"SIMNICU DE SUS",simnicu_de_sus@cjdolj.ro,JUDETUL DOLJ,,Primarie
"SINAIA",sinaia@prefecturaprahova.ro,JUDETUL PRAHOVA,,Primarie
"SINCAI",sincai@cjmures.ro,JUDETUL MURES,,Primarie
"SANCRAIU DE MURES",sincraims@cjmures.ro,JUDETUL MURES,,Primarie
"SINESTI",sinestiprimaria@yahoo.com,JUDETUL IASI,,Primarie
"SANGER",singer@cjmures.ro,JUDETUL MURES,,Primarie
"SANGEORGIU DE MURES",singmures@cjmures.ro,JUDETUL MURES,,Primarie
"SANPAUL",sinpaul@cjmures.ro,JUDETUL MURES,,Primarie
"SANPETRU DE CAMPIE",sinpetru@cjmures.ro,JUDETUL MURES,,Primarie
"SANTANA DE MURES",sintana@cjmures.ro,JUDETUL MURES,,Primarie
"TELESTI",sirbucostel@ymail.com,JUDETUL GORJ,,Primarie
"SITA BUZAULUI",sitabuzaului@yahoo.com,JUDETUL COVASNA,,Primarie
"SLANIC",slanic@prefecturaprahova.ro,JUDETUL PRAHOVA,,Primarie
"STOINA",slavuteanuovidiu@yahoo.com,JUDETUL GORJ,,Primarie
"SLOBOZIA CONACHI",sloboziaconachi@yahoo.com,JUDETUL GALATI,,Primarie
"SOLOVASTRU",solovastru@cjmures.ro,JUDETUL MURES,,Primarie
"SOMES-ODORHEI",somesodorheicj@yahoo.co.uk,JUDETUL SALAJ,,Primarie
"SOPOT",sopot@cjdolj.ro,JUDETUL DOLJ,,Primarie
"SOTANGA",sotanga@cjd.ro,JUDETUL DAMBOVITA,,Primarie
"SOVATA",sovata@cjmures.ro,JUDETUL MURES,,Primarie
"STANCUTA",stancutaprimaria@yahoo.com,JUDETUL BRAILA,,Primarie
"STEFAN CEL MARE",stefan_primaria@yahoo.com,JUDETUL OLT,,Primarie
"PLOPSORU",stefanescu_victoria@yahoo.com,JUDETUL GORJ,,Primarie
"STEFESTI",stefesti@prefecturaprahova.ro,JUDETUL PRAHOVA,,Primarie
"NEGRASI",steliana.croitoru@negrasi.cjarges.ro,JUDETUL ARGES,,Primarie
"STANCENI",stinceni@cjmures.ro,JUDETUL MURES,,Primarie
"MARGAU",suciu_srn@yahoo.com,JUDETUL CLUJ,,Primarie
"SULINA",sulina_prim@yahoo.com,JUDETUL TULCEA,,Primarie
"SUPLAC",suplac@cjmures.ro,JUDETUL MURES,,Primarie
"SURANI",surani@prefecturaprahova.ro,JUDETUL PRAHOVA,,Primarie
"SUSENI",suseni@cjmures.ro,JUDETUL MURES,,Primarie
"SUTESTI",sutesitvl@yahoo.com,JUDETUL VALCEA,,Primarie
"SUTESTI",sutesti11@yahoo.com,JUDETUL BRAILA,,Primarie
"SANTIMBRU",szentimre2004@freemail.hu,JUDETUL HARGHITA,,Primarie
"SANCRAIENI",szentkiralyph@astralnet.ro,JUDETUL HARGHITA,,Primarie
"TALPAS",talpas@cjdolj.ro,JUDETUL DOLJ,,Primarie
"BICAZ",tamasan.nicolae@yahoo.com,JUDETUL MARAMURES,,Primarie
"TANACU",tanacu_primaria@yahoo.com,JUDETUL VASLUI,,Primarie
"TARGSORU VECHI",targsorulvechi@prefecturaprahova.ro,JUDETUL PRAHOVA,,Primarie
"TAURENI",taureni@cjmures.ro,JUDETUL MURES,,Primarie
"TEASC",teasc@cjdolj.ro,JUDETUL DOLJ,,Primarie
"PARDOSI",tele@buzau.insse.ro,JUDETUL BUZAU,,Primarie
"TERPEZITA",terpezita@cjdolj.ro,JUDETUL DOLJ,,Primarie
"TESLUI",teslui@cjdolj.ro,JUDETUL DOLJ,,Primarie
"TARGU MURES",tgmures@cjmures.ro,JUDETUL MURES,,Primarie
"TARNAVENI",tirnaveni@cjmures.ro,JUDETUL MURES,,Primarie
"TISMANA",tismanaprimaria@yahoo.com,JUDETUL GORJ,,Primarie
"TOPALU",tomafmcn@gmail.com,JUDETUL CONSTANTA,,Primarie
"TOMESTI",tomesti@kn.ro,JUDETUL HARGHITA,,Primarie
"TOPLICENI",topliceni01@yahoo.com,JUDETUL BUZAU,,Primarie
"TRAIAN",traianprimaria@yahoo.com,JUDETUL OLT,,Primarie
"TROIANUL",troianul_tr@yahoo.com,JUDETUL TELEORMAN,,Primarie
"TUDOR VLADIMIRESCU",tudor_vladimirescu@portal-braila.ro,JUDETUL BRAILA,,Primarie
"TUGLUI",tuglui@cjdolj.ro,JUDETUL DOLJ,,Primarie
"TULUCESTI",tulucesti@yahoo.com,JUDETUL GALATI,,Primarie
"TUPILATI",tupilatiprimaria@yahoo.com,JUDETUL NEAMT,,Primarie
"BORSA",turismlaborsa@yahoo.com,JUDETUL MARAMURES,,Primarie
"JIRLAU",uat.jirlau@yahoo.com,JUDETUL BRAILA,,Primarie
"HALCHIU",uat_comuna_halchiu@yahoo.com,JUDETUL BRASOV,,Primarie
"VULCAN",uat_vulcan@yahoo.com,JUDETUL BRASOV,,Primarie
"FRECATEI",uatfrecatei@yahoo.com,JUDETUL BRAILA,,Primarie
"GEMENELE",uatgemenele@yahoo.com,JUDETUL BRAILA,,Primarie
"SCORTARU NOU",uatscortarunou@yahoo.com,JUDETUL BRAILA,,Primarie
"UDA-CLOCOCIOV",udaclocociov@yahoo.com,JUDETUL TELEORMAN,,Primarie
"UNGHENI",ungheni@cjmures.ro,JUDETUL MURES,,Primarie
"UNIREA",unirea@cjdolj.ro,JUDETUL DOLJ,,Primarie
"TUZLA",urbanism_tuzla@yahoo.co.uk,JUDETUL CONSTANTA,,Primarie
"URLATI",urlati@prefecturaprahova.ro,JUDETUL PRAHOVA,,Primarie
"URZICENI",urziceni_primaria@yahoo.com,JUDETUL IALOMITA,,Primarie
"URZICUTA",urzicuta@cjdolj.ro,JUDETUL DOLJ,,Primarie
"VADU IZEI",vaduizeiprimaria@yahoo.com,JUDETUL MARAMURES,,Primarie
"VADU MOTILOR",vadumotilor@yahoo.com,JUDETUL ALBA,,Primarie
"VADU SAPAT",vadusapat_ph@yahoo.com,JUDETUL PRAHOVA,,Primarie
"BELIN",vajdapiroska@freemail.hu,JUDETUL COVASNA,,Primarie
"VALEA MARULUI",valea.marului@yahoo.com,JUDETUL GALATI,,Primarie
"VALEA STANCIULUI",valea_stanciului@cjdolj.ro,JUDETUL DOLJ,,Primarie
"VALEA CALUGAREASCA",valeacalugareasca@prefecturaprahova.ro,JUDETUL PRAHOVA,,Primarie
"VALEA DOFTANEI",valeadoftanei@clicknet.ro,JUDETUL PRAHOVA,,Primarie
"VALEA DRAGULUI",valeadraguluiprimaria@yahoo.com,JUDETUL GIURGIU,,Primarie
"VALEA LARGA",valealarga@cjmures.ro,JUDETUL MURES,,Primarie
"VALEA MACRISULUI",valeamacrisului@yahoo.com,JUDETUL IALOMITA,,Primarie
"VALEA NUCARILOR",valeanucarilor@yahoo.com,JUDETUL TULCEA,,Primarie
"VALENI-DIMBOVITA",valenib@yahoo.com,JUDETUL DAMBOVITA,,Primarie
"VALENII DE MUNTE",valeniidemunte@prefecturaprahova.ro,JUDETUL PRAHOVA,,Primarie
"VAMA BUZAULUI",vamabuzaului@yahoo.com,JUDETUL BRASOV,,Primarie
"VANATORII MICI",vanatoriimici@yahoo.com,JUDETUL GIURGIU,,Primarie
"SUCIU DE SUS",vaprimaria_suciu@yahoo.com,JUDETUL MARAMURES,,Primarie
"VARBILAU",varbilau@prefecturaprahova.ro,JUDETUL PRAHOVA,,Primarie
"VARGATA",vargata@cjmures.ro,JUDETUL MURES,,Primarie
"VARTOP",vartop@cjdolj.ro,JUDETUL DOLJ,,Primarie
"VERBITA",varvoru@cjdolj.ro,JUDETUL DOLJ,,Primarie
"VATAVA",vatava@cjmures.ro,JUDETUL MURES,,Primarie
"VELA",vela@cjdolj.ro,JUDETUL DOLJ,,Primarie
"VETCA",vetca@cjmures.ro,JUDETUL MURES,,Primarie
"VICOVU DE JOS",vicovu_de_jos@yahoo.com,JUDETUL SUCEAVA,,Primarie
"VICTORIA",victoriaprimaria@yahoo.com,JUDETUL BRAILA,,Primarie
"VIILE SATU MARE",viilesm@yahoo.com,JUDETUL SATU MARE,,Primarie
"VIISOARA",viisoara@cjmures.ro,JUDETUL MURES,,Primarie
"VANATORI",vinatori@cjmures.ro,JUDETUL MURES,,Primarie
"VINDEREI",vindereiprimaria@yahoo.com,JUDETUL VASLUI,,Primarie
"CIOCANESTI",vioricamanzu@yahoo.com,JUDETUL DAMBOVITA,,Primarie
"CHIESD",viozaha@gmail.com,JUDETUL SALAJ,,Primarie
"VARFU CAMPULUI",virfucimp@gmail.com,JUDETUL BOTOSANI,,Primarie
"VIZIRU",viziru@portal-braila.ro,JUDETUL BRAILA,,Primarie
"VOILA",voilaprimaria@yahoo.com,JUDETUL BRASOV,,Primarie
"VOIVODENI",voivodeni@cjmures.ro,JUDETUL MURES,,Primarie
"VRANI",vrani.romania@gmail.com,JUDETUL CARAS-SEVERIN,,Primarie
"BOLINTIN-VALE",vrenicuadrian@yahoo.com,JUDETUL GIURGIU,,Primarie
"VULCANA-PANDELE",vulcanapandele@cjd.ro,JUDETUL DAMBOVITA,,Primarie
"VULPENI",vulpeniprimar@yahoo.com,JUDETUL OLT,,Primarie
"VULTURESTI",vulturestisuceava@yahoo.com,JUDETUL SUCEAVA,,Primarie
"CAMPINA",web@primariacampina.ro,JUDETUL PRAHOVA,,Primarie
"ZAVOI",webmaster@zavoi.ro,JUDETUL CARAS-SEVERIN,,Primarie
"ZAGAR",zagar@cjmures.ro,JUDETUL MURES,,Primarie
"ZAU DE CAMPIE",zaucimpie@cjmures.ro,JUDETUL MURES,,Primarie
"ZAVOAIA",zavoaiabr@yahoo.com,JUDETUL BRAILA,,Primarie