Nume,Email,Judet,Telefon,Tip
MUNICIPIUL ALBA IULIA,office@apulum.ro,Alba,,Primarie Municipiu
MUNICIPIUL AIUD,office@aiud.ro,Alba,,Primarie Municipiu
MUNICIPIUL BLAJ,primarieblaj@rcnet.ro,Alba,,Primarie Municipiu
MUNICIPIUL SEBES,sebespri@yahoo.com,Alba,,Primarie Municipiu
ORAS ABRUD,primariaabrud@yahoo.com,Alba,,Primarie Oras
ORAS BAIA DE ARIES,primbaia@yahoo.com,Alba,,Primarie Oras
ORAS CAMPENI,primaria_cimpeni@yahoo.com,Alba,,Primarie Oras
ORAS CUGIR,primaria@primariacugir.ro,Alba,,Primarie Oras
ORAS OCNA MURES,primar@primariaocnamures.ro,Alba,,Primarie Oras
ORAS TEIUS,primaria_orasului_teius@yahoo.com,Alba,,Primarie Oras
ORAS ZLATNA,pr_zlatna@primariazlatna.ro,Alba,,Primarie Oras
ALBAC,primaria_albac@yahoo.com,Alba,,Primarie Comuna
ALMASU MARE,primaria_almasu_mare@yahoo.com,Alba,,Primarie Comuna
ARIESENI,primariaarieseni@yahoo.com,Alba,,Primarie Comuna
AVRAM IANCU,primariaavramiancu@mail.ro,Alba,,Primarie Comuna
BERGHIN,primariaberghin@yahoo.com,Alba,,Primarie Comuna
BISTRA,primar_bistra@yahoo.com,Alba,,Primarie Comuna
BLANDIANA,primariablandiana@yahoo.com,Alba,,Primarie Comuna
BUCERDEA GRANOASA,primar@bucerdea_granoasa.ro,Alba,,Primarie Comuna
BUCIUM,primaria.bucium@yahoo.com,Alba,,Primarie Comuna
CALNIC,primaria_calnic@yahoo.com,Alba,,Primarie Comuna
CENADE,primariacenade@yahoo.com,Alba,,Primarie Comuna
CERGAU,primariacergau@yahoo.com,Alba,,Primarie Comuna
CERU-BACAINTI,primariacerubacainti@yahoo.com,Alba,,Primarie Comuna
CETATEA DE BALTA,primariacdb@yahoo.com,Alba,,Primarie Comuna
CIUGUD,primariaciugud@yahoo.com,Alba,,Primarie Comuna
CIURULEASA,primariaciuruleasa@clicknet.ro,Alba,,Primarie Comuna
CRACIUNELU DE JOS,prim_craciuneludejos@yahoo.com,Alba,,Primarie Comuna
CRICAU,cricauprimaria@yahoo.com,Alba,,Primarie Comuna
CUT,primariacut@yahoo.com,Alba,,Primarie Comuna
DAIA ROMANA,daiaprimaria@yahoo.com,Alba,,Primarie Comuna
DOSTAT,primariadostat@yahoo.com,Alba,,Primarie Comuna
FARAU,primariacomuneifarau@yahoo.com,Alba,,Primarie Comuna
GALDA DE JOS,clgalda@yahoo.com,Alba,,Primarie Comuna
GARBOVA,primariagirbova@yahoo.com,Alba,,Primarie Comuna
GARDA DE SUS,primariagarda@yahoo.com,Alba,,Primarie Comuna
HOPARTA,primaria_hoparta@yahoo.com,Alba,,Primarie Comuna
HOREA,primariahorea@yahoo.com,Alba,,Primarie Comuna
IGHIU,primariaighiu@yahoo.com,Alba,,Primarie Comuna
INTREGALDE,primariaintregalde@gmail.com,Alba,,Primarie Comuna
JIDVEI,primariajidvei@yahoo.com,Alba,,Primarie Comuna
LIVEZILE,primaria@primarialivezile.ro,Alba,,Primarie Comuna
LOPADEA NOUA,primaria.lopadeanoua@yahoo.com,Alba,,Primarie Comuna
LUNCA MURESULUI,primar@primariacomuneiluncamuresului.ro,Alba,,Primarie Comuna
LUPSA,primaria_lupsa@yahoo.com,Alba,,Primarie Comuna
METES,primariacomuneimetes@yahoo.com,Alba,,Primarie Comuna
MIHALT,pmihalt@yahoo.com,Alba,,Primarie Comuna
MIRASLAU,primaria.miraslau@yahoo.com,Alba,,Primarie Comuna
MOGOS,primariamogos@yahoo.com,Alba,,Primarie Comuna
NOSLAC,primarianoslac@yahoo.com,Alba,,Primarie Comuna
OCOLIS,Sc.ocolis@mail.albanet.ro,Alba,,Primarie Comuna
OHABA,secretar@primariaohaba.ro,Alba,,Primarie Comuna
PIANU,primariacomuneipianu@yahoo.com,Alba,,Primarie Comuna
POIANA VADULUI,primaria@poianavadului.ro,Alba,,Primarie Comuna
PONOR,primariaponor@yahoo.com,Alba,,Primarie Comuna
POSAGA,secretar@comunaposaga.ro,Alba,,Primarie Comuna
RADESTI,primariaradesti@yahoo.com,Alba,,Primarie Comuna
RAMET,primariaramet2008@yahoo.com,Alba,,Primarie Comuna
RAMETEA,primaria_rimetea@yahoo.com,Alba,,Primarie Comuna
ROSIA DE SECAS,primariarosia@yahoo.com,Alba,,Primarie Comuna
ROSIA MONTANA,primaria@primariarosiamontana.ro,Alba,,Primarie Comuna
SALCIUA,primariasalciua@yahoo.com,Alba,,Primarie Comuna
SALISTEA,primaria_salistea@yahoo.com,Alba,,Primarie Comuna
SANCEL,primariasincel@yahoo.com,Alba,,Primarie Comuna
SANTIMBRU,popasantimbru@yahoo.com,Alba,,Primarie Comuna
SASCIORI,primariasasciori@yahoo.com,Alba,,Primarie Comuna
SCARISOARA,primar@scarisoara.ro,Alba,,Primarie Comuna
SIBOT,primaria.sibot@yahoo.com,Alba,,Primarie Comuna
SOHODOL,primaria_sohodol@yahoo.com,Alba,,Primarie Comuna
SONA,consiliulsona@yahoo.com,Alba,,Primarie Comuna
SPRING,primariaspring@yahoo.com,Alba,,Primarie Comuna
STREMT,primaria_stremt@yahoo.com,Alba,,Primarie Comuna
SUGAG,primariasugag@yahoo.com,Alba,,Primarie Comuna
UNIREA,primariaunirea@gmail.com,Alba,,Primarie Comuna
VADU MOTILOR,vadumotilor@yahoo.com,Alba,,Primarie Comuna
VALEA LUNGA,primariavalealunga@yahoo.com,Alba,,Primarie Comuna
VIDRA,primaria_vidra_ab@yahoo.com,Alba,,Primarie Comuna
VINTU DE JOS,primaria.vint@yahoo.com,Alba,,Primarie Comuna
MUNICIPIUL ARAD,pma@primariaarad.ro,Arad,,Primarie Municipiu
ORAS CHISINEU-CRIS,primariachcris@yahoo.com,Arad,,Primarie Oras
ORAS CURTICI,secretariat@primariacurtici.ro,Arad,,Primarie Oras
ORAS PANCOTA,primariapancota@artelecom.net,Arad,,Primarie Oras
ORAS PECICA,lex.pecica@upcmail.ro,Arad,,Primarie Oras
ORAS SEBIS,primariasebis@yahoo.com,Arad,,Primarie Oras
ARCHIS,primariaarchis@yahoo.com,Arad,,Primarie Comuna
BARSA,primariabirsa@yahoo.com,Arad,,Primarie Comuna
BARZAVA,primariabarzava@clicknet.net,Arad,,Primarie Comuna
BATA,papucb.contabil@gmail.com,Arad,,Primarie Comuna
BELIU,primariabeliu@gmail.com,Arad,,Primarie Comuna
BIRCHIS,primariabirchis@yahoo.com,Arad,,Primarie Comuna
BOCSIG,primariabocsig@yahoo.com,Arad,,Primarie Comuna
BRAZII,braziiprimaria@yahoo.com,Arad,,Primarie Comuna
BUTENI,primariabuteni@yahoo.com,Arad,,Primarie Comuna
CARAND,primariacarand@yahoo.com,Arad,,Primarie Comuna
CERMEI,cermei@xnet.ro,Arad,,Primarie Comuna
CHISINDIA,primariachisindia@yahoo.com,Arad,,Primarie Comuna
CONOP,conop_ar@primariaonline.ro,Arad,,Primarie Comuna
COVASINT,primariacovasint@gmail.com,Arad,,Primarie Comuna
CRAIVA,primariacraiva@artelecom.net,Arad,,Primarie Comuna
DEZNA,primariadezna@artelecom.net,Arad,,Primarie Comuna
DIECI,primariadieci@artelecom.net,Arad,,Primarie Comuna
DOROBANTI,primaria.dorobanti@gmail.com,Arad,,Primarie Comuna
FANTINELE,primaria.fatanele@yahoo.com,Arad,,Primarie Comuna
FELNAC,primariafelnac@yahoo.com,Arad,,Primarie Comuna
FRUMUSENI,contact@frumuseni.ro,Arad,,Primarie Comuna
GHIOROC,primariaghioroc@clicknet.ro,Arad,,Primarie Comuna
GURAHONT,primariagurahont@yahoo.com,Arad,,Primarie Comuna
HALMAGEL,primariahalmagel@artelecom.net,Arad,,Primarie Comuna
HALMAGIU,primariahalmagiu@yahoo.com,Arad,,Primarie Comuna
IGNESTI,primaria.ignesti@yahoo.com,Arad,,Primarie Comuna
MACEA,primaria.macea@gmail.com,Arad,,Primarie Comuna
MISCA,primaria_misca@yahoo.com,Arad,,Primarie Comuna
MONEASA,primariamoneasa@clicknet.ro,Arad,,Primarie Comuna
OLARI,primaria_olari@yahoo.com,Arad,,Primarie Comuna
PAULIS,primariapaulis@gmail.com,Arad,,Primarie Comuna
PEREGU MARE,primariaperegumare@yahoo.com,Arad,,Primarie Comuna
PETRIS,primariapetris@yahoo.com,Arad,,Primarie Comuna
PILU,primariapilu69@artelecom.net,Arad,,Primarie Comuna
PLESCUTA,primariaplescuta@yahoo.com,Arad,,Primarie Comuna
SAVARSIN,primariasavarsin@yahoo.com,Arad,,Primarie Comuna
SEITIN,primariaseitin@artelecom.net,Arad,,Primarie Comuna
SELEUS,primseleus@clicknet.ro,Arad,,Primarie Comuna
SEMLAC,primaria@semlac.ro,Arad,,Primarie Comuna
SEPREUS,primariasepreus@artelecom.net,Arad,,Primarie Comuna
SICULA,primariasicula@clicknet.ro,Arad,,Primarie Comuna
SILINDIA,primariasilindia@clicknet.ro,Arad,,Primarie Comuna
SIMAND,info@simand.org,Arad,,Primarie Comuna
SINTEA MARE,primsm2003@yahoo.com,Arad,,Primarie Comuna
SIRIA,primariasiria@yahoo.com,Arad,,Primarie Comuna
SISTAROVAT,prim_sistarovat@yahoo.com,Arad,,Primarie Comuna
SOFRONEA,primaria_sofronea@yahoo.com,Arad,,Primarie Comuna
TARNOVA,primariatirnova@yahoo.com,Arad,,Primarie Comuna
TAUT,primariataut@gmail.com,Arad,,Primarie Comuna
USUSAU,primariaususau@gmail.com,Arad,,Primarie Comuna
VARADIA DE MURES,primaria_varadia@yahoo.com,Arad,,Primarie Comuna
VARFURILE,consvarfurile@clicknet.ro,Arad,,Primarie Comuna
VINGA,primariavinga@clicknet.ro,Arad,,Primarie Comuna
ZABRANI,primariazabrani@yahoo.com,Arad,,Primarie Comuna
ZADARENI,primariazadareni@yahoo.com,Arad,,Primarie Comuna
ZERIND,primariazerind@yahoo.com,Arad,,Primarie Comuna
ZIMANDU NOU,primariazimandulnou@yahoo.com,Arad,,Primarie Comuna
MUNICIPIUL PITESTI,primaria@primariapitesti.ro,Arges,,Primarie Municipiu
MUNICIPIUL CAMPULUNG,campulung@muscel.ro,Arges,,Primarie Municipiu
MUNICIPIUL CURTEA DE ARGES,primariacurteadearges@yahoo.com,Arges,,Primarie Municipiu
ORAS COSTESTI,primaria@primariacostestiag.ro,Arges,,Primarie Oras
ORAS MIOVENI,primariamioveni@primariamioveni.ro,Arges,,Primarie Oras
ORAS TOPOLOVENI,primarie@topoloveni.cjarges.ro,Arges,,Primarie Oras
ALBESTII DE ARGES,primaria_albestiidearges@yahoo.com,Arges,,Primarie Comuna
ALBESTII DE MUSCEL,primariaalbesti@yahoo.com,Arges,,Primarie Comuna
AREFU,primaria.arefu@yahoo.com,Arges,,Primarie Comuna
BABANA,primariababana@yahoo.com,Arges,,Primarie Comuna
BAICULESTI,baranescughe_primar_baiculesti@yahoo.com,Arges,,Primarie Comuna
BALILESTI,primaria_balilesti@yahoo.com,Arges,,Primarie Comuna
BARLA,primariabirla@yahoo.com,Arges,,Primarie Comuna
BASCOV,primariabascov@yahoo.com,Arges,,Primarie Comuna
BELETI-NEGRESTI,beleti_negresti@yahoo.com,Arges,,Primarie Comuna
BOGATI,primariabogati@yahoo.com,Arges,,Primarie Comuna
BOTENI,primariaboteniarges@yahoo.com,Arges,,Primarie Comuna
BRADULET,primaria_bradulet@yahoo.com,Arges,,Primarie Comuna
BUDEASA,primariabudeasa@personal.ro,Arges,,Primarie Comuna
BUGHEA DE JOS,primariabugheadejos@yahoo.com,Arges,,Primarie Comuna
BUGHEA DE SUS,primarie_primariabughea@yahoo.com,Arges,,Primarie Comuna
BUZOESTI,primariebuzoesti@yahoo.com,Arges,,Primarie Comuna
CALINESTI,primarie@calinesti.cjarges.ro,Arges,,Primarie Comuna
CATEASCA,primarie@cateasca.cjarges.ro,Arges,,Primarie Comuna
CETATENI,conscetateni@gmail.com,Arges,,Primarie Comuna
CIOFRANGENI,primaria@ciofrangeni.cjarges.ro,Arges,,Primarie Comuna
CORBENI,primaria_corbeni@yahoo.com,Arges,,Primarie Comuna
CORBI,primariacorbi@yahoo.com,Arges,,Primarie Comuna
CUCA,primariacucaag@yahoo.com,Arges,,Primarie Comuna
DAVIDESTI,primaria_davidesti@yahoo.com,Arges,,Primarie Comuna
DOBRESTI,primaria_dobresti_ag@yahoo.com,Arges,,Primarie Comuna
DOMNESTI,primariadomnesti@yahoo.com,Arges,,Primarie Comuna
DRAGANU,primariadraganu@yahoo.com,Arges,,Primarie Comuna
DRAGOSLAVELE,primaria@dragoslavele.ro,Arges,,Primarie Comuna
HARSESTI,prim_hirsesti@yahoo.com,Arges,,Primarie Comuna
HARTIESTI,hepenetgabi@yahoo.com,Arges,,Primarie Comuna
IZVORU,primaria_izvoru@yahoo.com,Arges,,Primarie Comuna
LEORDENI,primarieleordeni@yahoo.com,Arges,,Primarie Comuna
LUNCA CORBULUI,primaria_lunca_corbului@yahoo.com,Arges,,Primarie Comuna
MALURENI,primariamalureni@yahoo.com,Arges,,Primarie Comuna
MIHAESTI,primariamihaesti@yahoo.com,Arges,,Primarie Comuna
MIOARELE,primarie@mioarele.cjarges.ro,Arges,,Primarie Comuna
MORARESTI,primarie@moraresti.cjarges.ro,Arges,,Primarie Comuna
MOSOAIA,primaria_mosoaia@yahoo.com,Arges,,Primarie Comuna
MOZACENI,primariamozaceni@yahoo.com,Arges,,Primarie Comuna
MUSATESTI,musatesti_primarie@yahoo.com,Arges,,Primarie Comuna
NEGRASI,steliana.croitoru@negrasi.cjarges.ro,Arges,,Primarie Comuna
NUCSOARA,primaria_nucsoara@yahoo.com,Arges,,Primarie Comuna
PIETROSANI,prim1pietr@yahoo.com,Arges,,Primarie Comuna
POIANA LACULUI,primaria.placului@yahoo.com,Arges,,Primarie Comuna
PRIBOIENI,primariacomuneipriboieni@yahoo.com,Arges,,Primarie Comuna
RATESTI,primariaratesti@yahoo.com,Arges,,Primarie Comuna
ROCIU,primaria.rociu@yahoo.com,Arges,,Primarie Comuna
SCHITU GOLESTI,primarie@schitug.cjarges.ro,Arges,,Primarie Comuna
STOENESTI,primarie@stoenesti.cjarges.ro,Arges,,Primarie Comuna
SUSENI,iulica.din@suseni.cjarges.ro,Arges,,Primarie Comuna
TITESTI,primariatitesti@yahoo.com,Arges,,Primarie Comuna
UDA,primaria_uda@yahoo.com,Arges,,Primarie Comuna
VALEA DANULUI,primar@valeadanului.cjarges.ro,Arges,,Primarie Comuna
VALEA IASULUI,primaria_viasului@yahoo.com,Arges,,Primarie Comuna
VALEA MARE PRAVAT,primariavaleamarepravat@yahoo.fr,Arges,,Primarie Comuna
VEDEA,cl_vedea@yahoo.com,Arges,,Primarie Comuna
VULTURESTI,primariavulturestiag@yahoo.com,Arges,,Primarie Comuna
MUNICIPIUL BACAU,contactprimarie@primariabacau.ro,Bacau,,Primarie Municipiu
MUNICIPIUL MOINESTI,consiliulocal@moinesti.ro,Bacau,,Primarie Municipiu
MUNICIPIUL ONESTI,secretar@onesti.ro,Bacau,,Primarie Municipiu
ORAS BUHUSI,primariabuhusi@yahoo.com,Bacau,,Primarie Oras
ORAS COMANESTI,relatiipublice@primariacomanesti.ro,Bacau,,Primarie Oras
ORAS DARMANESTI,primaria_darmanesti@yahoo.com,Bacau,,Primarie Oras
ORAS SLANIC MOLDOVA,primaria_sl@yahoo.com,Bacau,,Primarie Oras
ORAS TARGU OCNA,primaria@tirguocna.ro,Bacau,,Primarie Oras
AGAS,primariaagas@yahoo.com,Bacau,,Primarie Comuna
ARDEOANI,primariaardeoani@yahoo.com,Bacau,,Primarie Comuna
ASAU,primaria_asau@yahoo.com,Bacau,,Primarie Comuna
BALCANI,primariabalcani@yahoo.com,Bacau,,Primarie Comuna
BARSANESTI,barsanesti.primaria@gmail.com,Bacau,,Primarie Comuna
BERESTI-BISTRITA,berestibistrita@judetbacau.ro,Bacau,,Primarie Comuna
BERESTI-TAZLAU,primariaberesti_tazlau@yahoo.com,Bacau,,Primarie Comuna
BERZUNTI,primariaberzunti@yahoo.com,Bacau,,Primarie Comuna
BLAGESTI,Primaria_blagesti@yahoo.com,Bacau,,Primarie Comuna
BOGDANESTI,primariabogdanesti@easynet.ro,Bacau,,Primarie Comuna
BRUSTUROASA,primariabrusturoasa@yahoo.com,Bacau,,Primarie Comuna
BUCIUMI,primariabuciumicontab@yahoo.com,Bacau,,Primarie Comuna
BUHOCI,primaria_buhoci@yahoo.com,Bacau,,Primarie Comuna
CAIUTI,primariacaiuti@yahoo.com,Bacau,,Primarie Comuna
CASIN,Primaria_casin@yahoo.com,Bacau,,Primarie Comuna
CLEJA,clcleja101@yahoo.com,Bacau,,Primarie Comuna
COLONESTI,comunacolonesti@yahoo.com,Bacau,,Primarie Comuna
CORBASCA,corbasca@judetbacau.ro,Bacau,,Primarie Comuna
COTOFANESTI,cons_loc_cotofanesti@yahoo.com,Bacau,,Primarie Comuna
DAMIENESTI,primaria.damienesti@yahoo.com,Bacau,,Primarie Comuna
DEALU MORII,primarie@dealumorii.ro,Bacau,,Primarie Comuna
DOFTEANA,pdofteana@yahoo.com,Bacau,,Primarie Comuna
FARAOANI,faraoani@judetbacau.ro,Bacau,,Primarie Comuna
FILIPENI,prfilipeni@yahoo.com,Bacau,,Primarie Comuna
FILIPESTI,clfilip_bacau@yahoo.com,Bacau,,Primarie Comuna
GAICEANA,gaiceana@yahoo.com,Bacau,,Primarie Comuna
GARLENI,Primaria.girleni@yahoo.com,Bacau,,Primarie Comuna
GHIMES-FAGET,primariagf@yahoo.com,Bacau,,Primarie Comuna
GIOSENI,primariagioseni@yahoo.com,Bacau,,Primarie Comuna
GLAVANESTI,primarie@glavanesti.ro,Bacau,,Primarie Comuna
GURA VAII,primariaguravaii@yahoo.com,Bacau,,Primarie Comuna
HELEGIU,primariahelegiu@yahoo.com,Bacau,,Primarie Comuna
HEMEIUS,contact@primariahemeius.ro,Bacau,,Primarie Comuna
HORGESTI,Primaria.horgesti@yahoo.com,Bacau,,Primarie Comuna
HURUIESTI,primariahuruiesti@yahoo.com,Bacau,,Primarie Comuna
ITESTI,primariaitesti@gmail.com,Bacau,,Primarie Comuna
IZVORU BERHECIULUI,secretar@comunaizvoruberheciului.ro,Bacau,,Primarie Comuna
LETEA VECHE,primarialeteaveche@yahoo.com,Bacau,,Primarie Comuna
LIPOVA,primarialipovabc@gmail.com,Bacau,,Primarie Comuna
LIVEZI,consiliullivezi@yahoo.com,Bacau,,Primarie Comuna
LUIZI-CALUGARA,primarialuizicalugara@yahoo.com,Bacau,,Primarie Comuna
MAGIRESTI,primariamagiresti@yahoo.com,Bacau,,Primarie Comuna
MAGURA,primariamagurabacau@yahoo.com,Bacau,,Primarie Comuna
MANASTIREA CASIN,manastireacasin@tim.ro,Bacau,,Primarie Comuna
MOTOSENI,primariamotoseni@yahoo.com,Bacau,,Primarie Comuna
NEGRI,primarie@primarianegri.judetbacau.ro,Bacau,,Primarie Comuna
NICOLAE BALCESCU,contact@primaria-nicolae-balcescu.ro,Bacau,,Primarie Comuna
ODOBESTI,odobesti_bc@yahoo.com,Bacau,,Primarie Comuna
OITUZ,con_oituz@compnet.ro,Bacau,,Primarie Comuna
ONCESTI,comunaoncesti@yahoo.com,Bacau,,Primarie Comuna
ORBENI,consiliullocal_orbeni@yahoo.com,Bacau,,Primarie Comuna
PALANCA,primariapalanca@yahoo.com,Bacau,,Primarie Comuna
PANCESTI,primariapancesti@yahoo.com,Bacau,,Primarie Comuna
PARAVA,Primaria_parava@yahoo.com,Bacau,,Primarie Comuna
PARGARESTI,cl-pargaresti@yahoo.com,Bacau,,Primarie Comuna
PARINCEA,Primaria.parincea@yahoo.com,Bacau,,Primarie Comuna
PARJOL,primaria_parjol@yahoo.com,Bacau,,Primarie Comuna
PLOPANA,primaria@comunaplopana.ro,Bacau,,Primarie Comuna
PODU TURCULUI,primarie@poduturcului.ro,Bacau,,Primarie Comuna
PODURI,autoritatealocala@yahoo.com,Bacau,,Primarie Comuna
PRAJESTI,primariaprajesti@yahoo.com,Bacau,,Primarie Comuna
RACACIUNI,cl_racaciuni@yahoo.com,Bacau,,Primarie Comuna
RACHITOASA,primaria.rachitoasa@yahoo.com,Bacau,,Primarie Comuna
RACOVA,primaria_comunei_racova@yahoo.com,Bacau,,Primarie Comuna
ROSIORI,primaria@comunarosiori.ro,Bacau,,Primarie Comuna
SANDULENI,primariasanduleni@yahoo.com,Bacau,,Primarie Comuna
SARATA,reliaamelia@yahoo.com,Bacau,,Primarie Comuna
SASCUT,primariasascut@yahoo.com,Bacau,,Primarie Comuna
SAUCESTI,primariasaucesti@gmail.com,Bacau,,Primarie Comuna
SCORTENI,primariascorteni@easynet.ro,Bacau,,Primarie Comuna
SECUIENI,secretarxx@yahoo.com,Bacau,,Primarie Comuna
SOLONT,primaria@comunasolont.ro,Bacau,,Primarie Comuna
STRUGARI,primaria.strugari@yahoo.com,Bacau,,Primarie Comuna
TAMASI,primariatamasi@yahoo.com,Bacau,,Primarie Comuna
TARGU TROTUS,primariatg.trotus@yahoo.com,Bacau,,Primarie Comuna
TATARASTI,primariatatarasti@yahoo.com,Bacau,,Primarie Comuna
TRAIAN,comunatraian@yahoo.com,Bacau,,Primarie Comuna
UNGURENI,contabil.ungureni@clbc.ro,Bacau,,Primarie Comuna
URECHESTI,primarie@primaria-urechesti.ro,Bacau,,Primarie Comuna
VALEA SEACA,consiliullocal_valeaseaca@yahoo.com,Bacau,,Primarie Comuna
VULTURENI,primariavultureni@easynet.ro,Bacau,,Primarie Comuna
ZEMES,consiliullocalzemes@yahoo.com,Bacau,,Primarie Comuna
MUNICIPIUL ORADEA,primarie@oradea.ro,Bihor,,Primarie Municipiu
MUNICIPIUL BEIUS,primaria.beius@cjbihor.ro,Bihor,,Primarie Municipiu
MUNICIPIUL MARGHITA,primaria@marghita.ro,Bihor,,Primarie Municipiu
MUNICIPIUL SALONTA,primsal@rdslink.ro,Bihor,,Primarie Municipiu
ORAS ALESD,primaria.alesd@cjbihor.ro,Bihor,,Primarie Oras
ORAS NUCET,primaria.nucet@cjbihor.ro,Bihor,,Primarie Oras
ORAS SACUENI,primaria.sacueni@cjbihor.ro,Bihor,,Primarie Oras
ORAS STEI,primaria.stei@cjbihor.ro,Bihor,,Primarie Oras
ORAS VALEA LUI MIHAI,primaria.valealuimihai@cjbihor.ro,Bihor,,Primarie Oras
ORAS VASCAU,primaria_vascau@yahoo.com,Bihor,,Primarie Oras
ABRAM,primaria.abram@cjbihor.ro,Bihor,,Primarie Comuna
ABRAMUT,primaria.abramut@cjbihor.ro,Bihor,,Primarie Comuna
ASTILEU,primaria.astileu@cjbihor.ro,Bihor,,Primarie Comuna
AUSEU,primaria.auseu@cjbihor.ro,Bihor,,Primarie Comuna
AVRAM IANCU,primaria.avramiancu@cjbihor.ro,Bihor,,Primarie Comuna
BALC,primaria.balc@cjbihor.ro,Bihor,,Primarie Comuna
BATAR,primariabatar@yahoo.com,Bihor,,Primarie Comuna
BIHARIA,secretariat@comunabiharia.ro,Bihor,,Primarie Comuna
BOIANU MARE,primaria.boianumare@cjbihor.ro,Bihor,,Primarie Comuna
BOROD,primaria_borod@yahoo.com,Bihor,,Primarie Comuna
BORS,primaria.bors@cjbihor.ro,Bihor,,Primarie Comuna
BRATCA,primaria.bratca@cjbihor.ro,Bihor,,Primarie Comuna
BRUSTURI,primaria.brusturi@cjbihor.ro,Bihor,,Primarie Comuna
BUDUREASA,primaria.budureasa@cjbihor.ro,Bihor,,Primarie Comuna
BUDUSLAU,primaria.buduslau@cjbihor.ro,Bihor,,Primarie Comuna
BULZ,primaria.bulz@cjbihor.ro,Bihor,,Primarie Comuna
BUNTESTI,primaria.buntesti@cjbihor.ro,Bihor,,Primarie Comuna
CABESTI,primaria.cabesti@cjbihor.ro,Bihor,,Primarie Comuna
CAMPANI,primariacimpani@yahoo.com,Bihor,,Primarie Comuna
CAPALNA,primaria.capilna@cjbihor.ro,Bihor,,Primarie Comuna
CARPINET,primaria.carpinet@cjbihor.ro,Bihor,,Primarie Comuna
CEFA,primaria.cefa@cjbihor.ro,Bihor,,Primarie Comuna
CEICA,primaria.ceica@cjbihor.ro,Bihor,,Primarie Comuna
CETARIU,primaria.cetariu@cjbihor.ro,Bihor,,Primarie Comuna
CHERECHIU,primaria.cherechiu@cjbihor.ro,Bihor,,Primarie Comuna
CHISLAZ,primaria.chislaz@cjbihor.ro,Bihor,,Primarie Comuna
CIUHOI,primaria.ciuhoi@cjbihor.ro,Bihor,,Primarie Comuna
CIUMEGHIU,primaria_ciumeghiu@yahoo.com,Bihor,,Primarie Comuna
COCIUBA MARE,primaria.cociubamare@cjbihor.ro,Bihor,,Primarie Comuna
COPACEL,primaria.copacel@cjbihor.ro,Bihor,,Primarie Comuna
CRISTIORU DE JOS,primariacristioru@yahoo.com,Bihor,,Primarie Comuna
CURATELE,primaria.curatele@cjbihor.ro,Bihor,,Primarie Comuna
CURTUISENI,primaria.curtuiseni@cjbihor.ro,Bihor,,Primarie Comuna
DERNA,primaria_derna@yahoo.com,Bihor,,Primarie Comuna
DIOSIG,primaria.diosig@cjbihor.ro,Bihor,,Primarie Comuna
DOBRESTI,prim.dobresti@yahoo.com,Bihor,,Primarie Comuna
DRAGANESTI,primaria.draganesti@cjbihor.ro,Bihor,,Primarie Comuna
DRAGESTI,primaria.dragesti@cjbihor.ro,Bihor,,Primarie Comuna
FINIS,primaria.finis@cjbihor.ro,Bihor,,Primarie Comuna
GEPIU,primaria.gepiu@yahoo.com,Bihor,,Primarie Comuna
GIRISU DE CRIS,primaria.girisudecris@cjbihor.ro,Bihor,,Primarie Comuna
HIDISELU DE SUS,primaria.hidiseludesus@cjbihor.ro,Bihor,,Primarie Comuna
HOLOD,primaria.holod@cjbihor.ro,Bihor,,Primarie Comuna
HUSASAU DE TINCA,primaria.husasaudetinca@cjbihor.ro,Bihor,,Primarie Comuna
INEU,primariaineu@yahoo.com,Bihor,,Primarie Comuna
LAZARENI,primaria.lazareni@cjbihor.ro,Bihor,,Primarie Comuna
LAZURI DE BEIUS,primaria.lazuridebeius@cjbihor.ro,Bihor,,Primarie Comuna
LUGASU DE JOS,primaria.lugasudejos@cjbihor.ro,Bihor,,Primarie Comuna
LUNCA,primarialunca@yahoo.com,Bihor,,Primarie Comuna
MADARAS,primaria.madaras@cjbihor.ro,Bihor,,Primarie Comuna
MAGESTI,primaria.magesti@cjbihor.ro,Bihor,,Primarie Comuna
NOJORID,primaria.nojorid@cjbihor.ro,Bihor,,Primarie Comuna
OLCEA,primaria.olcea@cjbihor.ro,Bihor,,Primarie Comuna
OSORHEI,primaria.osorhei@cjbihor.ro,Bihor,,Primarie Comuna
PALEU,primaria@paleu.ro,Bihor,,Primarie Comuna
PIETROASA,primaria.pietroasa@cjbihor.ro,Bihor,,Primarie Comuna
POCOLA,primariapocola@clicknet.ro,Bihor,,Primarie Comuna
POPESTI,primariapopestibihor@yahoo.com,Bihor,,Primarie Comuna
RABAGANI,primaria.rabagani@cjbihor.ro,Bihor,,Primarie Comuna
REMETEA,primaria_remetea@yahoo.com,Bihor,,Primarie Comuna
RIENI,primaria_rieni@yahoo.com,Bihor,,Primarie Comuna
ROSIA,primaria_rosia2007@yahoo.com,Bihor,,Primarie Comuna
ROSIORI,primaria.rosiori@cjbihor.ro,Bihor,,Primarie Comuna
SACADAT,primaria.sacadat@cjbihor.ro,Bihor,,Primarie Comuna
SALACEA,primaria.salacea@cjbihor.ro,Bihor,,Primarie Comuna
SALARD,primaria.salard@cjbihor.ro,Bihor,,Primarie Comuna
SAMBATA,primaria_sambata@yahoo.com,Bihor,,Primarie Comuna
SANMARTIN,primaria.sanmartin@cjbihor.ro,Bihor,,Primarie Comuna
SANNICOLAU ROMAN,primaria.sanicolauroman@cjbihor.ro,Bihor,,Primarie Comuna
SANTANDREI,primaria.santandrei@cjbihor.ro,Bihor,,Primarie Comuna
SARBI,primariasirbi@yahoo.com,Bihor,,Primarie Comuna
SIMIAN,primaria.simian@cjbihor.ro,Bihor,,Primarie Comuna
SINTEU,primaria.sinteu@cjbihor.ro,Bihor,,Primarie Comuna
SOIMI,primaria.soimi@cjbihor.ro,Bihor,,Primarie Comuna
SPINUS,primariaspinus@yahoo.com,Bihor,,Primarie Comuna
SUNCUIUS,primaria.suncuius@cjbihor.ro,Bihor,,Primarie Comuna
SUPLACU DE BARCAU,primaria.suplacudebarcau@cjbihor.ro,Bihor,,Primarie Comuna
TAMASEU,primariatamaseu@gmail.com,Bihor,,Primarie Comuna
TARCAIA,primaria.tarcaia@cjbihor.ro,Bihor,,Primarie Comuna
TARCEA,primaria.tarcea@cjbihor.ro,Bihor,,Primarie Comuna
TAUTEU,primariatauteu@yahoo.com,Bihor,,Primarie Comuna
TETCHEA,primaria.tetchea@cjbihor.ro,Bihor,,Primarie Comuna
TILEAGD,primaria_tileagd@yahoo.com,Bihor,,Primarie Comuna
TINCA,primaria.tinca@cjbihor.ro,Bihor,,Primarie Comuna
TOBOLIU,primariatoboliu@yahoo.com,Bihor,,Primarie Comuna
TULCA,primaria.tulca@cjbihor.ro,Bihor,,Primarie Comuna
UILEACU DE BEIUS,primaria.uileacudebeius@cjbihor.ro,Bihor,,Primarie Comuna
VADU CRISULUI,primaria.vaducrisului@cjbihor.ro,Bihor,,Primarie Comuna
VARCIOROG,primaria.virciorog@cjbihor.ro,Bihor,,Primarie Comuna
VIISOARA,primaria.viisoara@cjbihor.ro,Bihor,,Primarie Comuna
MUNICIPIUL BISTRITA,primaria@primariabistrita.ro,Bistrita-Nasaud,,Primarie Municipiu
ORAS BECLEAN,secretariat@primariabeclean.ro,Bistrita-Nasaud,,Primarie Oras
ORAS NASAUD,pon@primarianasaud.ro,Bistrita-Nasaud,,Primarie Oras
ORAS SANGEORZ-BAI,info@singeorz-bai.ro,Bistrita-Nasaud,,Primarie Oras
BISTRITA BARGAULUI,primariabistritabirgaului@yahoo.com,Bistrita-Nasaud,,Primarie Comuna
BRANISTEA,primariabranisteabn@gmail.com,Bistrita-Nasaud,,Primarie Comuna
BUDACU DE JOS,budacudejos@yahoo.com,Bistrita-Nasaud,,Primarie Comuna
BUDESTI,primariabudesti@yahoo.com,Bistrita-Nasaud,,Primarie Comuna
CAIANU MIC,comunacaianumic@yahoo.com,Bistrita-Nasaud,,Primarie Comuna
CETATE,primaria@primariacetatebn.ro,Bistrita-Nasaud,,Primarie Comuna
CHIOCHIS,chiochisprimarie@yahoo.com,Bistrita-Nasaud,,Primarie Comuna
CHIUZA,primaria_chiuza@yahoo.com,Bistrita-Nasaud,,Primarie Comuna
CICEU - MIHAIESTI,primariacm@gmail.com,Bistrita-Nasaud,,Primarie Comuna
CICEU-GIURGESTI,primgiurgesti@yahoo.com,Bistrita-Nasaud,,Primarie Comuna
COSBUC,primariacosbuc@yahoo.com,Bistrita-Nasaud,,Primarie Comuna
DUMITRA,primariadumitra@yahoo.com,Bistrita-Nasaud,,Primarie Comuna
DUMITRITA,primaria_dumitrita@yahoo.com,Bistrita-Nasaud,,Primarie Comuna
FELDRU,primariafeldru@yahoo.com,Bistrita-Nasaud,,Primarie Comuna
GALATII BISTRITEI,primariagalatiibistritei@yahoo.com,Bistrita-Nasaud,,Primarie Comuna
ILVA MARE,primaria.ilvam@yahoo.com,Bistrita-Nasaud,,Primarie Comuna
ILVA MICA,primariailvamica@personal.ro,Bistrita-Nasaud,,Primarie Comuna
JOSENII BARGAULUI,primariajoseniib@yahoo.com,Bistrita-Nasaud,,Primarie Comuna
LECHINTA,primaria.lechinta@yahoo.com,Bistrita-Nasaud,,Primarie Comuna
LESU,primarialesu@yahoo.com,Bistrita-Nasaud,,Primarie Comuna
LIVEZILE,primaria_livezile@yahoo.com,Bistrita-Nasaud,,Primarie Comuna
LUNCA ILVEI,primaria.luncailvei@yahoo.com,Bistrita-Nasaud,,Primarie Comuna
MAGURA ILVEI,primariamagurailvei@yahoo.com,Bistrita-Nasaud,,Primarie Comuna
MAIERU,primariamaieru@personal.ro,Bistrita-Nasaud,,Primarie Comuna
MARISELU,mariselu@gmail.com,Bistrita-Nasaud,,Primarie Comuna
MATEI,primariamatei@yahoo.com,Bistrita-Nasaud,,Primarie Comuna
MICESTII DE CAMPIE,micestiidecampie@yahoo.com,Bistrita-Nasaud,,Primarie Comuna
MILAS,primaria_milas@yahoo.com,Bistrita-Nasaud,,Primarie Comuna
MONOR,primaria.monor@yahoo.com,Bistrita-Nasaud,,Primarie Comuna
NEGRILESTI,pcn_bn@yahoo.com,Bistrita-Nasaud,,Primarie Comuna
NIMIGEA,primarianimigea@gmail.com,Bistrita-Nasaud,,Primarie Comuna
NUSENI,primaria_nuseni@yahoo.com,Bistrita-Nasaud,,Primarie Comuna
PARVA,primariaparva@yahoo.com,Bistrita-Nasaud,,Primarie Comuna
PETRU RARES,popdumitru1949@gmail.com,Bistrita-Nasaud,,Primarie Comuna
POIANA  ILVEI,primaria@poianailvei.com,Bistrita-Nasaud,,Primarie Comuna
PRUNDU BARGAULUI,pbp@primariaprundub.ro,Bistrita-Nasaud,,Primarie Comuna
REBRA,rebraprimaria@yahoo.com,Bistrita-Nasaud,,Primarie Comuna
RODNA,primariarodna@yahoo.com,Bistrita-Nasaud,,Primarie Comuna
ROMULI,primariaromuli@yahoo.com,Bistrita-Nasaud,,Primarie Comuna
RUNCU SALVEI,primariarunc@yahoo.com,Bistrita-Nasaud,,Primarie Comuna
SALVA,primariasalva@yahoo.com,Bistrita-Nasaud,,Primarie Comuna
SANMIHAIU DE CIMPIE,prim_sinmihaiu@personal.ro,Bistrita-Nasaud,,Primarie Comuna
SANT,primaria@comunasant.ro,Bistrita-Nasaud,,Primarie Comuna
SIEU,primariasieubn@yahoo.com,Bistrita-Nasaud,,Primarie Comuna
SIEU-MAGHERUS,primaria_sieumagherus@yahoo.com,Bistrita-Nasaud,,Primarie Comuna
SIEU-ODORHEI,primariasieu_odorhei@yahoo.com,Bistrita-Nasaud,,Primarie Comuna
SILIVASU DE CIMPIE,primsilivasu@yahoo.com,Bistrita-Nasaud,,Primarie Comuna
SINTEREAG,primariasintereg@yahoo.com,Bistrita-Nasaud,,Primarie Comuna
SPERMEZEU,primariaspermezeu@email.ro,Bistrita-Nasaud,,Primarie Comuna
TARLISUA,primaria_tirlisua@yahoo.com,Bistrita-Nasaud,,Primarie Comuna
TEACA,primariateaca@gmail.com,Bistrita-Nasaud,,Primarie Comuna
TELCIU,secretarprimaria_telciu@yahoo.com,Bistrita-Nasaud,,Primarie Comuna
TIHA BARGAULUI,primaria_tiha@yahoo.com,Bistrita-Nasaud,,Primarie Comuna
URIU,primaria_uriu@yahoo.com,Bistrita-Nasaud,,Primarie Comuna
URMENIS,primariaurmenis@yahoo.com,Bistrita-Nasaud,,Primarie Comuna
ZAGRA,buscoiudumitru@yahoo.com,Bistrita-Nasaud,,Primarie Comuna
MUNICIPIUL BOTOSANI,primaria@primariabt.ro,Botosani,,Primarie Municipiu
MUNICIPIUL DOROHOI,primariadorohoi@primariadorohoi.ro,Botosani,,Primarie Municipiu
ORAS BUCECEA,primaria.bucecea@yahoo.com,Botosani,,Primarie Oras
ORAS DARABANI,primariadarabani@yahoo.com,Botosani,,Primarie Oras
ORAS FLAMANZI,primariaflamanzi@yahoo.com,Botosani,,Primarie Oras
ORAS SAVENI,primaria_saveni@yahoo.com,Botosani,,Primarie Oras
ORAS STEFANESTI,primaria@stefanesti-bt.ro,Botosani,,Primarie Oras
ADASENI,primaria_adaseni@yahoo.com,Botosani,,Primarie Comuna
ALBESTI,primaria.albesti@yahoo.com,Botosani,,Primarie Comuna
AVRAMENI,primaria_avrameni@yahoo.com,Botosani,,Primarie Comuna
BALUSENI,primariabaluseni@yahoo.com,Botosani,,Primarie Comuna
BLANDESTI,primaria_blandesti@yahoo.com,Botosani,,Primarie Comuna
BRAESTI,consiliul_braesti@yahoo.com,Botosani,,Primarie Comuna
BROSCAUTI,primariabroscauti@hotmail.com,Botosani,,Primarie Comuna
CALARASI,primar@primariacalarasibt.ro,Botosani,,Primarie Comuna
CANDESTI,primariacandesti@yahoo.com,Botosani,,Primarie Comuna
CONCESTI,primariaconcesti@yahoo.com,Botosani,,Primarie Comuna
COPALAU,primariacopalau@yahoo.com,Botosani,,Primarie Comuna
CORDARENI,primaria_cordareni@yahoo.com,Botosani,,Primarie Comuna
CORLATENI,primariacorlateni@yahoo.com,Botosani,,Primarie Comuna
CORNI,primariacornibotosani@yahoo.com,Botosani,,Primarie Comuna
COSULA,cosulap@yahoo.com,Botosani,,Primarie Comuna
COTUSCA,primariacotusca@yahoo.com,Botosani,,Primarie Comuna
CRISTESTI,primariacristesti@gmail.com,Botosani,,Primarie Comuna
CRISTINESTI,primariacristinesti@yahoo.com,Botosani,,Primarie Comuna
CURTESTI,primaria.curtesti@yahoo.com,Botosani,,Primarie Comuna
DANGENI,primariadangeni@yahoo.com,Botosani,,Primarie Comuna
DERSCA,primariadersca@yahoo.com,Botosani,,Primarie Comuna
DIMACHENI,primariadimacheni@yahoo.com,Botosani,,Primarie Comuna
DOBARCENI,primaria_dobirceni@yahoo.com,Botosani,,Primarie Comuna
DRAGUSENI,draguseni_primaria@yahoo.com,Botosani,,Primarie Comuna
DURNESTI,primariadurnesti@gmail.com,Botosani,,Primarie Comuna
FRUMUSICA,primariafrumusica@yahoo.com,Botosani,,Primarie Comuna
GEORGE ENESCU,pge_bt@yahoo.com,Botosani,,Primarie Comuna
GORBANESTI,primariagorbanesti@yahoo.com,Botosani,,Primarie Comuna
HANESTI,primaria.hanesti@gmail.com,Botosani,,Primarie Comuna
HAVARNA,havarnabotosani@yahoo.com,Botosani,,Primarie Comuna
HILISEU-HORIA,primariahiliseu@yahoo.com,Botosani,,Primarie Comuna
HLIPICENI,primaria.hlipiceni@yahoo.com,Botosani,,Primarie Comuna
HUDESTI,primariahudesti@yahoo.com,Botosani,,Primarie Comuna
IBANESTI,consiliulibanesti@yahoo.com,Botosani,,Primarie Comuna
LEORDA,primarialeorda@yahoo.com,Botosani,,Primarie Comuna
LOZNA,primaria_lozna@yahoo.com,Botosani,,Primarie Comuna
LUNCA,office@primarialunca.ro,Botosani,,Primarie Comuna
MANOLEASA,primaria_manoleasa@yahoo.com,Botosani,,Primarie Comuna
MIHAI EMINESCU,primaria_me@yahoo.com,Botosani,,Primarie Comuna
MIHAILENI,primariamihailenibt@yahoo.com,Botosani,,Primarie Comuna
MIHALASENI,mihalaseniprimaria@yahoo.com,Botosani,,Primarie Comuna
MILEANCA,primariamileanca@yahoo.com,Botosani,,Primarie Comuna
MITOC,mitoboto@yahoo.com,Botosani,,Primarie Comuna
NICSENI,primaria_nicseni@yahoo.com,Botosani,,Primarie Comuna
PALTINIS,compalprim@yahoo.com,Botosani,,Primarie Comuna
POMARLA,primariapomirla@yahoo.com,Botosani,,Primarie Comuna
PRAJENI,primariaprajeni@yahoo.com,Botosani,,Primarie Comuna
RACHITI,primaria.rachiti@gmail.com,Botosani,,Primarie Comuna
RADAUTI-PRUT,primariarprut@yahoo.com,Botosani,,Primarie Comuna
RAUSENI,consiliulrauseni1@yahoo.com,Botosani,,Primarie Comuna
RIPICENI,primaria.ripiceni@yahoo.com,Botosani,,Primarie Comuna
ROMA,primaria_roma@yahoo.com,Botosani,,Primarie Comuna
ROMANESTI,clromanestibt@yahoo.com,Botosani,,Primarie Comuna
SANTA MARE,primarie_santamare@yahoo.com,Botosani,,Primarie Comuna
SENDRICENI,sendriceni_primaria@yahoo.com,Botosani,,Primarie Comuna
STAUCENI,primaria_staucenibt@yahoo.com,Botosani,,Primarie Comuna
STIUBIENI,primariastiubieni@yahoo.com,Botosani,,Primarie Comuna
SUHARAU,primaria_suharau@yahoo.com,Botosani,,Primarie Comuna
SULITA,primariasulita@yahoo.com,Botosani,,Primarie Comuna
TODIRENI,cltodireni@gmail.com,Botosani,,Primarie Comuna
TRUSESTI,primaria_trusesti@yahoo.com,Botosani,,Primarie Comuna
TUDORA,primariatudora@yahoo.com,Botosani,,Primarie Comuna
UNGURENI,primaria.ungureni@yahoo.com,Botosani,,Primarie Comuna
UNTENI,primaria_untenibt@yahoo.com,Botosani,,Primarie Comuna
VACULESTI,primaria_vaculesti@yahoo.com,Botosani,,Primarie Comuna
VARFU CAMPULUI,virfucimp@gmail.com,Botosani,,Primarie Comuna
VIISOARA,primariaviisoara_bt@yahoo.com,Botosani,,Primarie Comuna
VLADENI,primvlad@yahoo.com,Botosani,,Primarie Comuna
VLASINESTI,primaria_vlasinesti@yahoo.com,Botosani,,Primarie Comuna
VORNICENI,primaria_vorniceni@yahoo.com,Botosani,,Primarie Comuna
VORONA,primaria_vorona@yahoo.com,Botosani,,Primarie Comuna
MUNICIPIUL BRAILA,pmb@primariabr.ro,Braila,,Primarie Municipiu
ORAS FAUREI,primariafaurei@gmail.com,Braila,,Primarie Oras
ORAS IANCA,primaria.ianca@yahoo.com,Braila,,Primarie Oras
ORAS INSURATEI,primariainsuratei@yahoo.com,Braila,,Primarie Oras
BARAGANUL,primariabaraganulbr@yahoo.com,Braila,,Primarie Comuna
BERTESTII DE JOS,bertestidejos@yahoo.com,Braila,,Primarie Comuna
BORDEI VERDE,primaria.bordeiverde@yahoo.com,Braila,,Primarie Comuna
CAZASU,primariacazasu@yahoo.com,Braila,,Primarie Comuna
CHISCANI,primariachiscani@yahoo.com,Braila,,Primarie Comuna
CIOCILE,primariaciocile@yahoo.com,Braila,,Primarie Comuna
CIRESU,primariaciresu@yahoo.com,Braila,,Primarie Comuna
DUDESTI,dudestibraila@yahoo.com,Braila,,Primarie Comuna
FRECATEI,uatfrecatei@yahoo.com,Braila,,Primarie Comuna
GALBENU,scoalagalbenu@gmail.com,Braila,,Primarie Comuna
GEMENELE,uatgemenele@yahoo.com,Braila,,Primarie Comuna
GRADISTEA,pgradistea@yahoo.com,Braila,,Primarie Comuna
GROPENI,Pgropeni@KVS.ro,Braila,,Primarie Comuna
JIRLAU,uat.jirlau@yahoo.com,Braila,,Primarie Comuna
MARASU,primariamarasu@yahoo.com,Braila,,Primarie Comuna
MAXINENI,primariamaxineni@yahoo.com,Braila,,Primarie Comuna
MIRCEA VODA,primaria.mirceavoda@yahoo.com,Braila,,Primarie Comuna
MOVILA MIRESII,brmovilamiresii@yahoo.com,Braila,,Primarie Comuna
RACOVITA,primaria.racovita@yahoo.com,Braila,,Primarie Comuna
RIMNICELU,primariarimnicelu@yahoo.com,Braila,,Primarie Comuna
ROMANU,primariaromanu@ymail.com,Braila,,Primarie Comuna
ROSIORI,primaria_rosiori@yahoo.com,Braila,,Primarie Comuna
SALCIA TUDOR,salcia_tudor@portal-braila.ro,Braila,,Primarie Comuna
SCORTARU NOU,uatscortarunou@yahoo.com,Braila,,Primarie Comuna
SILISTEA,sil_prim@yahoo.com,Braila,,Primarie Comuna
STANCUTA,stancutaprimaria@yahoo.com,Braila,,Primarie Comuna
SURDILA-GAISEANCA,primariagaiseanca@yahoo.com,Braila,,Primarie Comuna
SURDILA-GRECI,comunasurdilagreci@yahoo.com,Braila,,Primarie Comuna
SUTESTI,sutesti11@yahoo.com,Braila,,Primarie Comuna
TICHILESTI,primariatichilesti@yahoo.com,Braila,,Primarie Comuna
TRAIAN,primariatraianbr@yahoo.com,Braila,,Primarie Comuna
TUDOR VLADIMIRESCU,tudor_vladimirescu@portal-braila.ro,Braila,,Primarie Comuna
TUFESTI,primariatufesti@gmail.com,Braila,,Primarie Comuna
ULMU,primaria_ulmu@yahoo.com,Braila,,Primarie Comuna
UNIREA,primaria_unirea@yahoo.com,Braila,,Primarie Comuna
VICTORIA,victoriaprimaria@yahoo.com,Braila,,Primarie Comuna
VISANI,clmvisani@yahoo.com,Braila,,Primarie Comuna
VIZIRU,viziru@portal-braila.ro,Braila,,Primarie Comuna
ZAVOAIA,zavoaiabr@yahoo.com,Braila,,Primarie Comuna
MUNICIPIUL BRASOV,sep@brasovcity.ro,Brasov,,Primarie Municipiu
MUNICIPIUL CODLEA,primariacodlea@yahoo.com,Brasov,,Primarie Municipiu
MUNICIPIUL FAGARAS,secretariat@primaria-fagaras.ro,Brasov,,Primarie Municipiu
MUNICIPIUL SACELE,primaria_sacele@yahoo.com,Brasov,,Primarie Municipiu
ORAS GHIMBAV,primariagh@artelecom.net,Brasov,,Primarie Oras
ORAS PREDEAL,primar@primaria-predeal.ro,Brasov,,Primarie Oras
ORAS RASNOV,primariarasnov@yahoo.com,Brasov,,Primarie Oras
ORAS RUPEA,contact@primariarupea.ro,Brasov,,Primarie Oras
ORAS VICTORIA,primaria.victoria@yahoo.com,Brasov,,Primarie Oras
ORAS ZARNESTI,primaria@zarnesti.net,Brasov,,Primarie Oras
APATA,primaria57apata@yahoo.com,Brasov,,Primarie Comuna
AUGUSTIN,primariaaugustin@yahoo.com,Brasov,,Primarie Comuna
BECLEAN,secretariat@becleanbrasov.ro,Brasov,,Primarie Comuna
BOD,primariabod@yahoo.com,Brasov,,Primarie Comuna
BRAN,officeprimariabran@yahoo.com,Brasov,,Primarie Comuna
BUDILA,primariabudila@yahoo.com,Brasov,,Primarie Comuna
BUNESTI,primariabunesti@gmail.com,Brasov,,Primarie Comuna
CATA,primariacata@yahoo.com,Brasov,,Primarie Comuna
CINCU,primariacincu@yahoo.com,Brasov,,Primarie Comuna
CRISTIAN,secretar@uatcristian.ro,Brasov,,Primarie Comuna
CRIZBAV,crizbav@judbrasov.ro,Brasov,,Primarie Comuna
DRAGUS,primariadragus@yahoo.com,Brasov,,Primarie Comuna
DUMBRAVITA,primaria.dumbravita@yahoo.com,Brasov,,Primarie Comuna
FELDIOARA,primariafeldioara@yahoo.com,Brasov,,Primarie Comuna
FUNDATA,primariafundata@yahoo.com,Brasov,,Primarie Comuna
HALCHIU,uat_comuna_halchiu@yahoo.com,Brasov,,Primarie Comuna
HARMAN,harman@brasovia.ro,Brasov,,Primarie Comuna
HARSENI,comunaharseni@yahoo.com,Brasov,,Primarie Comuna
HOGHIZ,primariahoghiz@yahoo.com,Brasov,,Primarie Comuna
HOLBAV,primaria_holbav@yahoo.com,Brasov,,Primarie Comuna
HOMOROD,primariahomorod@yahoo.com,Brasov,,Primarie Comuna
JIBERT,primaria_comunajibert@yahoo.com,Brasov,,Primarie Comuna
LISA,primar@primaria-lisa.ro,Brasov,,Primarie Comuna
MAIERUS,primariamaierus@yahoo.com,Brasov,,Primarie Comuna
MANDRA,primaria_mandra_bv@yahoo.com,Brasov,,Primarie Comuna
MOIECIU,primar@primariamoieciu.ro,Brasov,,Primarie Comuna
ORMENIS,primariaormenis@yahoo.com,Brasov,,Primarie Comuna
PARAU,primaria.parau@gmail.com,Brasov,,Primarie Comuna
POIANA MARULUI,primariapoianamarului@yahoo.com,Brasov,,Primarie Comuna
PREJMER,primaria.prejmer@yahoo.com,Brasov,,Primarie Comuna
RACOS,primaria.racos@yahoo.com,Brasov,,Primarie Comuna
RECEA,primaria_receabv@yahoo.com,Brasov,,Primarie Comuna
SAMBATA DE SUS,primariasambata@yahoo.com,Brasov,,Primarie Comuna
SANPETRU,psanpetru@yahoo.com,Brasov,,Primarie Comuna
SERCAIA,mariana.spiridon@primariasercaia.ro,Brasov,,Primarie Comuna
SINCA,primaria_sinca@yahoo.com,Brasov,,Primarie Comuna
SINCA NOUA,primariasincanoua@yahoo.com,Brasov,,Primarie Comuna
SOARS,primariasoars@yahoo.com,Brasov,,Primarie Comuna
TARLUNGENI,primaria_tarlungeni@yahoo.com,Brasov,,Primarie Comuna
TELIU,primariateliu@yahoo.com,Brasov,,Primarie Comuna
TICUSU,primaria_ticus@yahoo.com,Brasov,,Primarie Comuna
UCEA,primaria_ucea@yahoo.com,Brasov,,Primarie Comuna
UNGRA,primariaungra@yahoo.com,Brasov,,Primarie Comuna
VAMA BUZAULUI,vamabuzaului@yahoo.com,Brasov,,Primarie Comuna
VISTEA,primaria.vistea@yahoo.com,Brasov,,Primarie Comuna
VOILA,voilaprimaria@yahoo.com,Brasov,,Primarie Comuna
VULCAN,uat_vulcan@yahoo.com,Brasov,,Primarie Comuna
MUNICIPIUL BUZAU,primbz_cabinet@buzau.ro,Buzau,,Primarie Municipiu
MUNICIPIUL RAMNICU SARAT,primarie_rmsarat@yahoo.com,Buzau,,Primarie Municipiu
ORAS NEHOIU,primarianehoiu@yahoo.com,Buzau,,Primarie Oras
ORAS PATARLAGELE,primaria.patarlagele@yahoo.com,Buzau,,Primarie Oras
ORAS POGOANELE,primariepogoanele@yahoo.com,Buzau,,Primarie Oras
AMARU,tele@buzau.insse.ro,Buzau,,Primarie Comuna
BALACEANU,primariabalaceanu@gmail.com,Buzau,,Primarie Comuna
BALTA ALBA,primariabaltaalba@gmail.com,Buzau,,Primarie Comuna
BECENI,primariabeceni@yahoo.com,Buzau,,Primarie Comuna
BERCA,secretar.berca@gmail.com,Buzau,,Primarie Comuna
BISOCA,primariabisoca@yahoo.com,Buzau,,Primarie Comuna
BLAJANI,tele@buzau.insse.ro,Buzau,,Primarie Comuna
BOLDU,primaria.boldu@clicknet.ro,Buzau,,Primarie Comuna
BOZIORU,primariabozioru@yahoo.com,Buzau,,Primarie Comuna
BRAESTI,primaria_braesti@yahoo.com,Buzau,,Primarie Comuna
BREAZA,primaria_breazabz@yahoo.com,Buzau,,Primarie Comuna
BUDA,primariabuda@gmail.com,Buzau,,Primarie Comuna
C.A. ROSETTI,primaria_carosetti@yahoo.com,Buzau,,Primarie Comuna
CALVINI,primaria.calvini@yahoo.com,Buzau,,Primarie Comuna
CANESTI,primariacanesti@yahoo.com,Buzau,,Primarie Comuna
CATINA,primaria.catina@yahoo.com,Buzau,,Primarie Comuna
CERNATESTI,primariacernatesti@yahoo.com,Buzau,,Primarie Comuna
CHIOJDU,primariachiojdu@yahoo.com,Buzau,,Primarie Comuna
CILIBIA,primariacilibia@yahoo.com,Buzau,,Primarie Comuna
CISLAU,primariacislau@clicknet.ro,Buzau,,Primarie Comuna
COCHIRLEANCA,primariacochirleanca@yahoo.com,Buzau,,Primarie Comuna
COLTI,primariacolti@yahoo.com,Buzau,,Primarie Comuna
COSTESTI,secretaroprea@yahoo.com,Buzau,,Primarie Comuna
COZIENI,primaria_cozieni@yahoo.com,Buzau,,Primarie Comuna
FLORICA,primaria.florica@yahoo.com,Buzau,,Primarie Comuna
GALBINASI,primariagalbinasi@yahoo.com,Buzau,,Primarie Comuna
GHERASENI,primariagheraseni@yahoo.com,Buzau,,Primarie Comuna
GHERGHEASA,primaria.ghergheasa@yahoo.com,Buzau,,Primarie Comuna
GLODEANU SARAT,primaria.glodeanusarat@gmail.com,Buzau,,Primarie Comuna
GLODEANU-SILISTEA,primglsilistea@yahoo.com,Buzau,,Primarie Comuna
GREBANU,primarie@grebanu.infoprimarie.ro,Buzau,,Primarie Comuna
GURA TEGHII,primariagurateghii@yahoo.com,Buzau,,Primarie Comuna
LARGU,primaria_largu@yahoo.com,Buzau,,Primarie Comuna
LOPATARI,com_lopatari@yahoo.com,Buzau,,Primarie Comuna
LUCIU,primaria_luciu@yahoo.com,Buzau,,Primarie Comuna
MAGURA,maguraprimarie@yahoo.com,Buzau,,Primarie Comuna
MANZALESTI,primaria_minzalesti@yahoo.com,Buzau,,Primarie Comuna
MARACINENI,primariamaracineni@yahoo.com,Buzau,,Primarie Comuna
MARGARITESTI,primariamargaritesti@yahoo.com,Buzau,,Primarie Comuna
MEREI,primariamerei@artelecom.net,Buzau,,Primarie Comuna
MIHAILESTI,primariamihailesti@yahoo.com,Buzau,,Primarie Comuna
MOVILA BANULUI,primaria_movilabanului@hotmail.com,Buzau,,Primarie Comuna
MURGESTI,pr_murgesti@artelecom.net,Buzau,,Primarie Comuna
NAENI,primarianaieni@yahoo.com,Buzau,,Primarie Comuna
ODAILE,primariaodailebz@yahoo.com,Buzau,,Primarie Comuna
PADINA,primariapadina@gmail.com,Buzau,,Primarie Comuna
PANATAU,primaria.panatau@yahoo.com,Buzau,,Primarie Comuna
PARDOSI,tele@buzau.insse.ro,Buzau,,Primarie Comuna
PARSCOV,pirscov@gmail.com,Buzau,,Primarie Comuna
PIETROASELE,primariapietroasele@yahoo.com,Buzau,,Primarie Comuna
PODGORIA,primariapodgoria@yahoo.com,Buzau,,Primarie Comuna
POSTA CALNAU,primariacilnau@yahoo.com,Buzau,,Primarie Comuna
RACOVITENI,primariaracoviteni@yahoo.com,Buzau,,Primarie Comuna
RAMNICELU,primaria_rimnicelu@yahoo.com,Buzau,,Primarie Comuna
ROBEASCA,primaria_robeasca@yahoo.com,Buzau,,Primarie Comuna
RUSETU,primarie_rusetu@yahoo.com,Buzau,,Primarie Comuna
SAGEATA,prim_sageata@yahoo.com,Buzau,,Primarie Comuna
SAHATENI,primariasahateni@yahoo.com,Buzau,,Primarie Comuna
SARULESTI,com_sarulesti@yahoo.com,Buzau,,Primarie Comuna
SCORTOASA,primariascortoasabz@yahoo.com,Buzau,,Primarie Comuna
SIRIU,primsiriu@artelecom.net,Buzau,,Primarie Comuna
TINTESTI,primariatintesti@yahoo.com,Buzau,,Primarie Comuna
TISAU,primtisau@artelecom.net,Buzau,,Primarie Comuna
TOPLICENI,topliceni01@yahoo.com,Buzau,,Primarie Comuna
ULMENI,primariaulmeni_buzau@yahoo.com,Buzau,,Primarie Comuna
UNGURIU,primariaunguriu@yahoo.co.uk,Buzau,,Primarie Comuna
VADU PASII,primaria.vadupasii@yahoo.com,Buzau,,Primarie Comuna
VALCELELE,primariavalcelele@yahoo.com,Buzau,,Primarie Comuna
VALEA RAMNICULUI,primariavalearamnicului@yahoo.com,Buzau,,Primarie Comuna
VALEA SALCIEI,primariavs@yahoo.com,Buzau,,Primarie Comuna
VERNESTI,primaria@primariavernesti.ro,Buzau,,Primarie Comuna
VINTILA VODA,prim_vintila_voda@yahoo.com,Buzau,,Primarie Comuna
VIPERESTI,primar_viperesti@yahoo.com,Buzau,,Primarie Comuna
ZARNESTI,primariazarnesti@yahoo.com,Buzau,,Primarie Comuna
ZIDURI,primaria_ziduri2008@yahoo.com,Buzau,,Primarie Comuna
MUNICIPIUL CALARASI,calarasi@municipiu.ro,Calarasi,,Primarie Municipiu
MUNICIPIUL OLTENITA,secretariat.primariaoltenita@gmail.com,Calarasi,,Primarie Municipiu
ORAS BUDESTI,primaria_budesti@clicknet.ro,Calarasi,,Primarie Oras
ORAS FUNDULEA,primariafundulea@yahoo.com,Calarasi,,Primarie Oras
ORAS LEHLIU GARA,consiliullocal@yahoo.com,Calarasi,,Primarie Oras
ALEXANDRU ODOBESCU,primaria_alodobescu@yahoo.com,Calarasi,,Primarie Comuna
BELCIUGATELE,primbelciugatele@yahoo.com,Calarasi,,Primarie Comuna
BORCEA,primariaborcea@yahoo.co.uk,Calarasi,,Primarie Comuna
CASCIOARELE,primariacascioarele2006@yahoo.com,Calarasi,,Primarie Comuna
CHIRNOGI,prim_chirnogi@yahoo.com,Calarasi,,Primarie Comuna
CHISELET,primariachiselet@clicknet.ro,Calarasi,,Primarie Comuna
CIOCANESTI,primariaciocanesti@yahoo.com,Calarasi,,Primarie Comuna
CRIVAT,primariacrivat@yahoo.com,Calarasi,,Primarie Comuna
CURCANI,primariacurcani@clicknet.ro,Calarasi,,Primarie Comuna
CUZA VODA,primaria_cuza_voda@yahoo.com,Calarasi,,Primarie Comuna
DICHISENI,primariadichiseni@yahoo.com,Calarasi,,Primarie Comuna
DOR MARUNT,primariadormarunt@yahoo.com,Calarasi,,Primarie Comuna
DOROBANTU,primariadorobantu@yahoo.com,Calarasi,,Primarie Comuna
DRAGALINA,pdragalina@gmail.com,Calarasi,,Primarie Comuna
DRAGOS VODA,dragosvoda@dtc.ro,Calarasi,,Primarie Comuna
FRASINET,primariafrasinet2008@yahoo.com,Calarasi,,Primarie Comuna
FRUMUSANI,primaria_frumusani@yahoo.com,Calarasi,,Primarie Comuna
FUNDENI,primariafundenicl@yahoo.com,Calarasi,,Primarie Comuna
GALBINASI,primaria.galbinasi@yahoo.com,Calarasi,,Primarie Comuna
GRADISTEA,primar@primariagradistea.ro,Calarasi,,Primarie Comuna
GURBANESTI,primaria_gurbanesti@yahoo.com,Calarasi,,Primarie Comuna
ILEANA,primariaileana@yahoo.com,Calarasi,,Primarie Comuna
INDEPENDENTA,primarindependenta@yahoo.com,Calarasi,,Primarie Comuna
JEGALIA,primariajegalia@yahoo.com,Calarasi,,Primarie Comuna
LEHLIU,lehliusat@yahoo.com,Calarasi,,Primarie Comuna
LUICA,primaria.luica@yahoo.com,Calarasi,,Primarie Comuna
LUPSANU,primaria.lupsanu@yahoo.com,Calarasi,,Primarie Comuna
MANASTIREA,manastirea_primaria@yahoo.com,Calarasi,,Primarie Comuna
MITRENI,primariamitreni@yahoo.com,Calarasi,,Primarie Comuna
MODELU,primaria_modelu@yahoo.com,Calarasi,,Primarie Comuna
NANA,primarianana@yahoo.com,Calarasi,,Primarie Comuna
NICOLAE BALCESCU,primarianicolaebalcescu@yahoo.com,Calarasi,,Primarie Comuna
PERISORU,primariaperisoru11@yahoo.com,Calarasi,,Primarie Comuna
PLATARESTI,platarestiprimaria@yahoo.com,Calarasi,,Primarie Comuna
RADOVANU,primaria_radovanu@yahoo.com,Calarasi,,Primarie Comuna
ROSETI,primariaroseti@yahoo.com,Calarasi,,Primarie Comuna
SARULESTI,primaria_sarulesti@yahoo.com,Calarasi,,Primarie Comuna
SOHATU,primariasohatu@hotmail.com,Calarasi,,Primarie Comuna
SOLDANU,primariasoldanu@yahoo.com,Calarasi,,Primarie Comuna
SPANTOV,primariaspantov@gmail.com,Calarasi,,Primarie Comuna
STEFAN CEL MARE,primaria@primariastefan.ro,Calarasi,,Primarie Comuna
TAMADAU MARE,primariatamadau@yahoo.com,Calarasi,,Primarie Comuna
ULMENI,primaria_ulmeni@yahoo.com,Calarasi,,Primarie Comuna
ULMU,primarie@ulmu.infoprimarie.ro,Calarasi,,Primarie Comuna
UNIREA,primariaunireacalarasi@yahoo.com,Calarasi,,Primarie Comuna
VALCELELE,primaria_vilcelele@yahoo.com,Calarasi,,Primarie Comuna
VALEA ARGOVEI,primaria_valea_argovei@yahoo.com,Calarasi,,Primarie Comuna
VASILATI,primariavasilati@yahoo.com,Calarasi,,Primarie Comuna
VLAD TEPES,primariavladtepescl@yahoo.com,Calarasi,,Primarie Comuna
MUNICIPIUL RESITA,primar@primariaresita.ro,Caras-Severin,,Primarie Municipiu
MUNICIPIUL CARANSEBES,primaria.caransebes@gmail.com,Caras-Severin,,Primarie Municipiu
ORAS ANINA,primar@anina.ro,Caras-Severin,,Primarie Oras
ORAS BAILE HERCULANE,primbh@yahoo.com,Caras-Severin,,Primarie Oras
ORAS BOCSA,primariabocsa@yahoo.com,Caras-Severin,,Primarie Oras
ORAS MOLDOVA NOUA,primaria@pmn.ro,Caras-Severin,,Primarie Oras
ORAS ORAVITA,oravitaprimarie@gmail.com,Caras-Severin,,Primarie Oras
ORAS OTELU ROSU,primaria_otelurosu@yahoo.com,Caras-Severin,,Primarie Oras
ARMENIS,primaria_armenis@yahoo.com,Caras-Severin,,Primarie Comuna
BANIA,pavel.ban@cs.ro,Caras-Severin,,Primarie Comuna
BAUTAR,primaria.bautar@googlemail.com,Caras-Severin,,Primarie Comuna
BERLISTE,primaria_berliste@yahoo.com,Caras-Severin,,Primarie Comuna
BERZASCA,berzeasca_cs@yahoo.com,Caras-Severin,,Primarie Comuna
BERZOVIA,primaria.berzovia@yahoo.com,Caras-Severin,,Primarie Comuna
BOLVASNITA,primaria.bolvasnita@gmail.com,Caras-Severin,,Primarie Comuna
BOZOVICI,p_bozovici@yahoo.com,Caras-Severin,,Primarie Comuna
BREBU,primaria_brebu@yahoo.com,Caras-Severin,,Primarie Comuna
BREBU NOU,primaria.garina@yahoo.com,Caras-Severin,,Primarie Comuna
BUCHIN,primar@primariabuchin.ro,Caras-Severin,,Primarie Comuna
BUCOSNITA,primar@primariabucosnita.ro,Caras-Severin,,Primarie Comuna
CARASOVA,primaria.carasova@yahoo.com,Caras-Severin,,Primarie Comuna
CARBUNARI,primaria@yahoo.com,Caras-Severin,,Primarie Comuna
CICLOVA ROMANA,primariaciclovaromana@yahoo.com,Caras-Severin,,Primarie Comuna
CIUDANOVITA,primaria_ciudanovita@yahoo.com,Caras-Severin,,Primarie Comuna
CONSTANTIN DAICOVICIU,primariacavaran@yahoo.com,Caras-Severin,,Primarie Comuna
COPACELE,primariacopacele@yahoo.com,Caras-Severin,,Primarie Comuna
CORNEA,primariacorneacs@yahoo.com,Caras-Severin,,Primarie Comuna
CORNEREVA,primaria.cornereva@yahoo.com,Caras-Severin,,Primarie Comuna
CORONINI,primar@primariacoronini.ro,Caras-Severin,,Primarie Comuna
DALBOSET,primariadalboset@rdslink.ro,Caras-Severin,,Primarie Comuna
DOCLIN,primaria_doclin@cs.ro,Caras-Severin,,Primarie Comuna
DOMASNEA,primariadomasnea@yahoo.com,Caras-Severin,,Primarie Comuna
EFTIMIE MURGU,emurguprimar@yahoo.com,Caras-Severin,,Primarie Comuna
EZERIS,primaria.ezeris@yahoo.com,Caras-Severin,,Primarie Comuna
FARLIUG,primariafarliug@yahoo.com,Caras-Severin,,Primarie Comuna
FOROTIC,primariaforotic@yahoo.com,Caras-Severin,,Primarie Comuna
GLIMBOCA,primaria.glimboca@gmail.com,Caras-Severin,,Primarie Comuna
GORUIA,primariagoruia@yahoo.com,Caras-Severin,,Primarie Comuna
GRADINARI,primariagradinari@yahoo.com,Caras-Severin,,Primarie Comuna
IABLANITA,primariaiablanita@yahoo.com,Caras-Severin,,Primarie Comuna
LAPUSNICEL,primarialapusnicel_cs@yahoo.com,Caras-Severin,,Primarie Comuna
LAPUSNICU MARE,primaria_lapusnicu_mare@yahoo.com,Caras-Severin,,Primarie Comuna
LUNCAVITA,primaria_luncavita@yahoo.com,Caras-Severin,,Primarie Comuna
LUPAC,lupacprimarie@personal.ro,Caras-Severin,,Primarie Comuna
MARGA,primaria.marga@gmail.com,Caras-Severin,,Primarie Comuna
MAURENI,primaria_maureni@yahoo.com,Caras-Severin,,Primarie Comuna
MEHADIA,primar@primariamehadia.ro,Caras-Severin,,Primarie Comuna
MEHADICA,ghimboasa@yahoo.com,Caras-Severin,,Primarie Comuna
NAIDAS,primaria_naidas@yahoo.com,Caras-Severin,,Primarie Comuna
OBREJA,obrejaprimarie@gmail.com,Caras-Severin,,Primarie Comuna
OCNA DE FIER,primaria_ocnadefier@yahoo.com,Caras-Severin,,Primarie Comuna
PALTINIS,primariapaltinis@yahoo.com,Caras-Severin,,Primarie Comuna
POJEJENA,primariapojejena@yahoo.com,Caras-Severin,,Primarie Comuna
PRIGOR,pr_prigor@yahoo.com,Caras-Severin,,Primarie Comuna
RACASDIA,primariaracasdia@rdslink.ro,Caras-Severin,,Primarie Comuna
RAMNA,primariaramna@yahoo.com,Caras-Severin,,Primarie Comuna
RUSCA MONTANA,primariaruscamontana@yahoo.com,Caras-Severin,,Primarie Comuna
SACU,primaria_sacu@yahoo.com,Caras-Severin,,Primarie Comuna
SASCA MONTANA,popliceanion@yahoo.com,Caras-Severin,,Primarie Comuna
SICHEVITA,primaria_sichevita@yahoo.com,Caras-Severin,,Primarie Comuna
SLATINA-TIMIS,primaria@slatinatimis.ro,Caras-Severin,,Primarie Comuna
SOCOL,primarsocol@yahoo.com,Caras-Severin,,Primarie Comuna
SOPOTU NOU,primariasopotunou@yahoo.com,Caras-Severin,,Primarie Comuna
TARNOVA,primar@primariatirnovacs.ro,Caras-Severin,,Primarie Comuna
TEREGOVA,primaria_teregova@yahoo.com,Caras-Severin,,Primarie Comuna
TICVANIU MARE,primariaticvaniumare@yahoo.com,Caras-Severin,,Primarie Comuna
TOPLET,office@toplet.info,Caras-Severin,,Primarie Comuna
TURNU RUIENI,primariaturnuruieni@gmail.com,Caras-Severin,,Primarie Comuna
VALIUG,primariavaliug@yahoo.com,Caras-Severin,,Primarie Comuna
VARADIA,primaria_varadia@yahoo.com,Caras-Severin,,Primarie Comuna
VERMES,primariavermes@vermes.ro,Caras-Severin,,Primarie Comuna
VRANI,vrani.romania@gmail.com,Caras-Severin,,Primarie Comuna
ZAVOI,webmaster@zavoi.ro,Caras-Severin,,Primarie Comuna
ZORLENTU MARE,primariazorlentumare@yahoo.com,Caras-Severin,,Primarie Comuna
MUNICIPIUL CLUJ-NAPOCA,administratiepublica@primariaclujnapoca.ro,Cluj,,Primarie Municipiu
MUNICIPIUL CAMPIA TURZII,primaria@campiaturzii.ro,Cluj,,Primarie Municipiu
MUNICIPIUL DEJ,primaria@dej.ro,Cluj,,Primarie Municipiu
MUNICIPIUL GHERLA,primar_gherla@yahoo.com,Cluj,,Primarie Municipiu
MUNICIPIUL TURDA,primturda@yahoo.com,Cluj,,Primarie Municipiu
ORAS HUEDIN,primar@primariahuedin.ro,Cluj,,Primarie Oras
AGHIRESU,aghiresu@yahoo.com,Cluj,,Primarie Comuna
AITON,primariaaiton_ro@yahoo.com,Cluj,,Primarie Comuna
ALUNIS,primariaalunis@yahoo.com,Cluj,,Primarie Comuna
APAHIDA,fionel_apahida@yahoo.com,Cluj,,Primarie Comuna
ASCHILEU,primariaaschileu@yahoo.com,Cluj,,Primarie Comuna
BACIU,primariabaciu@yahoo.com,Cluj,,Primarie Comuna
BAISOARA,primariabaisoara@yahoo.com,Cluj,,Primarie Comuna
BOBALNA,primar@primariabobilna.ro,Cluj,,Primarie Comuna
BONTIDA,primariabontida@yahoo.com,Cluj,,Primarie Comuna
BORSA,primariaborsa@yahoo.com,Cluj,,Primarie Comuna
CAIANU,primaria_caianu@yahoo.com,Cluj,,Primarie Comuna
CALARASI,secretar2006@yahoo.com,Cluj,,Primarie Comuna
CALATELE,primar@primariacalatele.ro,Cluj,,Primarie Comuna
CAPUSU MARE,pcapusu@yahoo.com,Cluj,,Primarie Comuna
CASEIU,primarcaseiu@yahoo.com,Cluj,,Primarie Comuna
CATCAU,primar68@yahoo.com,Cluj,,Primarie Comuna
CATINA,primariacatina@yahoo.com,Cluj,,Primarie Comuna
CEANU MARE,primar@ceanu-mare.ro,Cluj,,Primarie Comuna
CHINTENI,primariachinteni@yahoo.com,Cluj,,Primarie Comuna
CHIUIESTI,primariachiuiesti@yahoo.com,Cluj,,Primarie Comuna
CIUCEA,primaria_ciucea@yahoo.com,Cluj,,Primarie Comuna
CIURILA,primaria_ciurila@yahoo.com,Cluj,,Primarie Comuna
COJOCNA,admcojocna@yahoo.com,Cluj,,Primarie Comuna
CORNESTI,primariacornesti@yahoo.com,Cluj,,Primarie Comuna
CUZDRIOARA,cuzdrioaraadm@yahoo.com,Cluj,,Primarie Comuna
DABACA,primariadabaca@yahoo.com,Cluj,,Primarie Comuna
FIZESU GHERLII,primariafizesu@yahoo.com,Cluj,,Primarie Comuna
FLORESTI,primar@yahoo.com,Cluj,,Primarie Comuna
FRATA,frata_primarie@yahoo.com,Cluj,,Primarie Comuna
GARBAU,primaria.garbau@yahoo.com,Cluj,,Primarie Comuna
GEACA,primar@primariageaca.ro,Cluj,,Primarie Comuna
GILAU,primariagilau@yahoo.com,Cluj,,Primarie Comuna
ICLOD,primaria.iclod@yahoo.com,Cluj,,Primarie Comuna
IZVORU CRISULUI,izvorucrisului@hotmail.com,Cluj,,Primarie Comuna
JICHISU DE JOS,primariajichis@yahoo.com,Cluj,,Primarie Comuna
JUCU,office@primariajucu.ro,Cluj,,Primarie Comuna
LUNA,primaria_luna@yahoo.com,Cluj,,Primarie Comuna
MAGURI-RACATAU,primariamaguriracatau@yahoo.com,Cluj,,Primarie Comuna
MANASTIRENI,primariamanastireni@yahoo.com,Cluj,,Primarie Comuna
MARGAU,suciu_srn@yahoo.com,Cluj,,Primarie Comuna
MARISEL,mariselului@yahoo.com,Cluj,,Primarie Comuna
MICA,integrare_mica@yahoo.com,Cluj,,Primarie Comuna
MIHAI VITEAZU,primariamihaiviteazu@yahoo.com,Cluj,,Primarie Comuna
MINTIU GHERLII,primaria.mintiu.gherlii@personal.ro,Cluj,,Primarie Comuna
MOCIU,primar@primariamociu.ro,Cluj,,Primarie Comuna
MOLDOVENESTI,pmoldovenesti@yahoo.com,Cluj,,Primarie Comuna
NEGRENI,info@primarianegreni.ro,Cluj,,Primarie Comuna
PALATCA,primariapalatca@yahoo.com,Cluj,,Primarie Comuna
PANTICEU,panticeuadm@yahoo.com,Cluj,,Primarie Comuna
PLOSCOS,primariaploscos@yahoo.com,Cluj,,Primarie Comuna
POIENI,primaria_poienicj@yahoo.com,Cluj,,Primarie Comuna
RECEA-CRISTUR,primarierecea@yahoo.com,Cluj,,Primarie Comuna
RISCA,primaria_rasca@yahoo.com,Cluj,,Primarie Comuna
SACUIEU,pi.secretarsacuieu@yahoo.com,Cluj,,Primarie Comuna
SANCRAIU,sancraiu@sancraiu.ro,Cluj,,Primarie Comuna
SANDULESTI,primaria.sandulesti@yahoo.com,Cluj,,Primarie Comuna
SANMARTIN,primaria@primariasanmartin.ro,Cluj,,Primarie Comuna
SANPAUL,primar@primariasinpaul.ro,Cluj,,Primarie Comuna
SAVADISLA,primsav@yahoo.com,Cluj,,Primarie Comuna
SUATU,primariasuatu@yahoo.com,Cluj,,Primarie Comuna
TAGA,crinamoga@yahoo.com,Cluj,,Primarie Comuna
TRITENII DE JOS,primaria.triteniidejos@yahoo.com,Cluj,,Primarie Comuna
VAD,primariavad@yahoo.com,Cluj,,Primarie Comuna
VALEA IERII,primaria_valea_ierii@yahoo.com,Cluj,,Primarie Comuna
VIISOARA,primariaviisoara@yahoo.com,Cluj,,Primarie Comuna
VULTURENI,primaria_vultureni@yahoo.com,Cluj,,Primarie Comuna
MUNICIPIUL MANGALIA,primarie@mangalia.ro,Constanta,,Primarie Municipiu
MUNICIPIUL MEDGIDIA,primaria_medgidia@yahoo.com,Constanta,,Primarie Municipiu
ORAS BANEASA,primariabaneasa@yahoo.com,Constanta,,Primarie Oras
ORAS CERNAVODA,primaria@cernavoda.ro,Constanta,,Primarie Oras
ORAS HARSOVA,secretariat@primaria-harsova.ro,Constanta,,Primarie Oras
ORAS NAVODARI,secretariat@primaria-navodari.ro,Constanta,,Primarie Oras
ORAS NEGRU VODA,primaria_negruvoda@yahoo.com,Constanta,,Primarie Oras
ORAS OVIDIU,primaria_ovidiu@yahoo.com,Constanta,,Primarie Oras
ADAMCLISI,primariaadamclisi@yahoo.com,Constanta,,Primarie Comuna
AGIGEA,secretariat@primaria-agigea.ro,Constanta,,Primarie Comuna
ALBESTI,primaria_loc.albesti@yahoo.com,Constanta,,Primarie Comuna
ALIMAN,primaria_aliman@yahoo.com,Constanta,,Primarie Comuna
AMZACEA,primariaamzacea@yahoo.com,Constanta,,Primarie Comuna
CASTELU,casteluprimariacomunei@yahoo.com,Constanta,,Primarie Comuna
CERCHEZU,secretar@primariacerchezu.ro,Constanta,,Primarie Comuna
CHIRNOGENI,secretar@primaria-chirnogeni.ro,Constanta,,Primarie Comuna
CIOBANU,primariaciobanu@yahoo.com,Constanta,,Primarie Comuna
CIOCARLIA,primariaciocirlia@yahoo.com,Constanta,,Primarie Comuna
COBADIN,primariacobadin@yahoo.com,Constanta,,Primarie Comuna
COGEALAC,contact@primariacogealac.ro,Constanta,,Primarie Comuna
COMANA,primar@primaria-comana.ro,Constanta,,Primarie Comuna
CUMPANA,primaria_cumpana@yahoo.com,Constanta,,Primarie Comuna
DELENI,primariadeleni@yahoo.com,Constanta,,Primarie Comuna
DOBROMIR,primariadobromir@yahoo.com,Constanta,,Primarie Comuna
DUMBRAVENI,primariadumbraveni@yahoo.com,Constanta,,Primarie Comuna
FANTANELE,primaria_fantanele@yahoo.com,Constanta,,Primarie Comuna
GARLICIU,primariagarliciu@yahoo.com,Constanta,,Primarie Comuna
GHINDARESTI,ghindaresti_pri@yahoo.com,Constanta,,Primarie Comuna
GRADINA,primaria_gradina@yahoo.com,Constanta,,Primarie Comuna
HORIA,primariahoriact@yahoo.com,Constanta,,Primarie Comuna
INDEPENDENTA,primariaindependenta@yahoo.com,Constanta,,Primarie Comuna
ION CORVIN,primariaioncorvin@yahoo.com,Constanta,,Primarie Comuna
ISTRIA,secretar.istria@gmail.com,Constanta,,Primarie Comuna
LIMANU,secretar@primarialimanu.ro,Constanta,,Primarie Comuna
LUMINA,contact@primaria-lumina.ro,Constanta,,Primarie Comuna
MERENI,primaria.mereni@yahoo.com,Constanta,,Primarie Comuna
MIHAI VITEAZU,primaria_mv@hotmail.com,Constanta,,Primarie Comuna
MIHAIL KOGALNICEANU,primaria_m_k_cta@yahoo.com,Constanta,,Primarie Comuna
MIRCEA VODA,primar@primaria-mirceavoda.ro,Constanta,,Primarie Comuna
OLTINA,primaria_oltina@yahoo.com,Constanta,,Primarie Comuna
OSTROV,primariaostrov@yahoo.com,Constanta,,Primarie Comuna
PANTELIMON,pantelimon.primaria@yahoo.com,Constanta,,Primarie Comuna
PECINEAGA,primaria_pecineaga@yahoo.com,Constanta,,Primarie Comuna
PESTERA,primariapestera@yahoo.com,Constanta,,Primarie Comuna
POARTA ALBA,primariapa@yahoo.com,Constanta,,Primarie Comuna
RASOVA,primariarasova@gmail.com,Constanta,,Primarie Comuna
SACELE,primariasacele@yahoo.com,Constanta,,Primarie Comuna
SALIGNY,primariasaligny@yahoo.com,Constanta,,Primarie Comuna
SARAIU,primariasaraiu@yahoo.com,Constanta,,Primarie Comuna
SEIMENI,primariaseimeni@yahoo.com,Constanta,,Primarie Comuna
SILISTEA,primaria_silistea@yahoo.com,Constanta,,Primarie Comuna
TARGUSOR,primarie_tirgusor@yahoo.com,Constanta,,Primarie Comuna
TOPALU,tomafmcn@gmail.com,Constanta,,Primarie Comuna
TOPRAISAR,secretar@primaria-topraisar.ro,Constanta,,Primarie Comuna
TUZLA,urbanism_tuzla@yahoo.co.uk,Constanta,,Primarie Comuna
VALU LUI TRAIAN,secretar@valu-lui-traian.ro,Constanta,,Primarie Comuna
VULTURU,gabrielababalic@yahoo.com,Constanta,,Primarie Comuna
ORAS BARAOLT,secretar@primariabaraolt.ro,Covasna,,Primarie Oras
ORAS COVASNA,secretar@primariacovasna.ro,Covasna,,Primarie Oras
ORAS INTORSURA BUZAULUI,pib@intorsurabuzaului.ro,Covasna,,Primarie Oras
AITA MARE,primariaaitamare@gmail.com,Covasna,,Primarie Comuna
ARCUS,arkos@planet.ro,Covasna,,Primarie Comuna
BARCANI,primaria.barcani@yahoo.com,Covasna,,Primarie Comuna
BATANI,bacon@cosys.ro,Covasna,,Primarie Comuna
BELIN,vajdapiroska@freemail.hu,Covasna,,Primarie Comuna
BIXAD,comunabixad@yahoo.com,Covasna,,Primarie Comuna
BODOC,bodoc@planet.ro,Covasna,,Primarie Comuna
BOROSNEU MARE,primariabmare@yahoo.com,Covasna,,Primarie Comuna
BRADUT,bardoc@cosys.ro,Covasna,,Primarie Comuna
BRATES,primariabrates@yahoo.com,Covasna,,Primarie Comuna
BRETCU,bretcu@consloc.ro,Covasna,,Primarie Comuna
CATALINA,primariacatalina@yahoo.com,Covasna,,Primarie Comuna
CERNAT,comunacernat@yahoo.com,Covasna,,Primarie Comuna
CHICHIS,secretar_kokos@cosys.ro,Covasna,,Primarie Comuna
COMANDAU,cl_comandau@yahoo.com,Covasna,,Primarie Comuna
DALNIC,primariadalnic@consloc.ro,Covasna,,Primarie Comuna
DOBARLAU,clsdobirlau@yahoo.com,Covasna,,Primarie Comuna
ESTELNIC,esztelnek@consloc.ro,Covasna,,Primarie Comuna
GHELINTA,gelence_tanacs@yahoo.com,Covasna,,Primarie Comuna
GHIDFALAU,comunaghidfalau@yahoo.com,Covasna,,Primarie Comuna
HAGHIG,juridic@primariahaghig.ro,Covasna,,Primarie Comuna
ILIENI,ilieni@cosys.ro,Covasna,,Primarie Comuna
LEMNIA,primarialemnia@yahoo.com,Covasna,,Primarie Comuna
MALNAS,malnas2004@yahoo.com,Covasna,,Primarie Comuna
MERENI,jancso2002@yahoo.com,Covasna,,Primarie Comuna
MICFALAU,primariamicfalau@yahoo.com,Covasna,,Primarie Comuna
MOACSA,makpolghiv@hotmail.com,Covasna,,Primarie Comuna
OJDULA,pjudit65@yahoo.com,Covasna,,Primarie Comuna
POIAN,poian@cosys.ro,Covasna,,Primarie Comuna
RECI,primariareci@yahoo.com,Covasna,,Primarie Comuna
SANZIENI,primaria.sanzieni@polyp.ro,Covasna,,Primarie Comuna
SITA BUZAULUI,sitabuzaului@yahoo.com,Covasna,,Primarie Comuna
VALCELE,primariavilcelecv@gmail.com,Covasna,,Primarie Comuna
VALEA CRISULUI,primariavaleacrisului@yahoo.com,Covasna,,Primarie Comuna
ZABALA,primzabala@yahoo.com,Covasna,,Primarie Comuna
ZAGON,office@primariazagon.ro,Covasna,,Primarie Comuna
MUNICIPIUL TARGOVISTE,primarulmunicipiuluitargoviste@pmtgv.ro,Dambovita,,Primarie Municipiu
MUNICIPIUL  MORENI,contact@primariamoreni.ro,Dambovita,,Primarie Municipiu
ORAS FIENI,fieni.primaria@gmail.com,Dambovita,,Primarie Oras
ORAS PUCIOASA,info@primpuc.ro,Dambovita,,Primarie Oras
ANINOASA,aninoasadb@yahoo.com,Dambovita,,Primarie Comuna
BALENI,primaria_baleni@yahoo.com,Dambovita,,Primarie Comuna
BARBULETU,primaria_barbuletu@yahoo.com,Dambovita,,Primarie Comuna
BEZDEAD,primaria_bezdead@yahoo.com,Dambovita,,Primarie Comuna
BILCIURESTI,primaria.bilciuresti@gmail.com,Dambovita,,Primarie Comuna
BRANESTI,primaria.branesti@yahoo.com,Dambovita,,Primarie Comuna
BRANISTEA,primaria.branistea@yahoo.com,Dambovita,,Primarie Comuna
BREZOAELE,primaria_brezoaele@yahoo.com,Dambovita,,Primarie Comuna
BUCIUMENI,primariabuciumeni@yahoo.com,Dambovita,,Primarie Comuna
BUCSANI,primaria.bucsani@gmail.com,Dambovita,,Primarie Comuna
BUTIMANU,primariabutimanu@gmail.com,Dambovita,,Primarie Comuna
CANDESTI,candesti_dambovita@yahoo.com,Dambovita,,Primarie Comuna
CIOCANESTI,vioricamanzu@yahoo.com,Dambovita,,Primarie Comuna
COBIA,cobiadambovita@yahoo.com,Dambovita,,Primarie Comuna
COJASCA,primar@primariacojasca.ro,Dambovita,,Primarie Comuna
COMISANI,primaria_comisani@yahoo.com,Dambovita,,Primarie Comuna
CONTESTI,contact@primariacontesti.ro,Dambovita,,Primarie Comuna
CORBII MARI,primaria_cm@yahoo.com,Dambovita,,Primarie Comuna
CORNATELU,cornateluprimaria@yahoo.com,Dambovita,,Primarie Comuna
CORNESTI,cornesti@cjd.ro,Dambovita,,Primarie Comuna
COSTESTII DIN VALE,d.primariacostestivale@yahoo.com,Dambovita,,Primarie Comuna
CRANGURILE,crangurile@cjd.ro,Dambovita,,Primarie Comuna
CREVEDIA,ciocanisteanuelena@gmail.com,Dambovita,,Primarie Comuna
DARMANESTI,primaria.darmanesti@yahoo.com,Dambovita,,Primarie Comuna
DOICESTI,doicesti@cjd.ro,Dambovita,,Primarie Comuna
DRAGODANA,pr_dragodana@yahoo.com,Dambovita,,Primarie Comuna
DRAGOMIRESTI,p_dragomiresti@yahoo.com,Dambovita,,Primarie Comuna
FINTA,primariafinta@yahoo.com,Dambovita,,Primarie Comuna
GURA FOII,primariagurafoii@yahoo.com,Dambovita,,Primarie Comuna
GURA SUTII,primariagurasutii@yahoo.com,Dambovita,,Primarie Comuna
HULUBESTI,primaria.hulubesti@yahoo.com,Dambovita,,Primarie Comuna
I. L. CARAGIALE,primariacaragiale@gmail.com,Dambovita,,Primarie Comuna
IEDERA,primaria.iedera@yahoo.com,Dambovita,,Primarie Comuna
LUCIENI,primaria_lucieni@yahoo.com,Dambovita,,Primarie Comuna
LUDESTI,primarialudesti@gmail.com,Dambovita,,Primarie Comuna
LUNGULETU,lunguletu_primaria@yahoo.com,Dambovita,,Primarie Comuna
MALU CU FLORI,primaria.malu@yahoo.com,Dambovita,,Primarie Comuna
MOGOSANI,prmogosani@yahoo.com,Dambovita,,Primarie Comuna
MOROENI,primaria_moroeni@yahoo.com,Dambovita,,Primarie Comuna
MORTENI,primariamorteni@yahoo.com,Dambovita,,Primarie Comuna
MOTAIENI,relatii@primariamotaieni.ro,Dambovita,,Primarie Comuna
NICULESTI,primaria@niculesti.ro,Dambovita,,Primarie Comuna
NUCET,nucet@cjd.ro,Dambovita,,Primarie Comuna
OCNITA,relatii@primariaocnita.ro,Dambovita,,Primarie Comuna
ODOBESTI,primaria_odobesti@yahoo.com,Dambovita,,Primarie Comuna
PERSINARI,primaria_persinari@yahoo.com,Dambovita,,Primarie Comuna
PETRESTI,primariapetresti@yahoo.com,Dambovita,,Primarie Comuna
PIETRARI,pietraridambovita@yahoo.com,Dambovita,,Primarie Comuna
PIETROSITA,pietrosita@gmail.com,Dambovita,,Primarie Comuna
POIANA,primaria_poianadambovita@yahoo.com,Dambovita,,Primarie Comuna
POTLOGI,primariapotlogi@yahoo.com,Dambovita,,Primarie Comuna
PRODULESTI,primaria.produlesti@yahoo.com,Dambovita,,Primarie Comuna
PUCHENI,primariapucheni@yahoo.com,Dambovita,,Primarie Comuna
RASCAETI,prascaeti@yahoo.com,Dambovita,,Primarie Comuna
RAZVAD,razvad@cjd.ro,Dambovita,,Primarie Comuna
RUNCU,cojocaruaur@yahoo.com,Dambovita,,Primarie Comuna
SALCIOARA,primarie@salcioara.infoprimarie.ro,Dambovita,,Primarie Comuna
SELARU,primaria.selarudb@gmail.com,Dambovita,,Primarie Comuna
SLOBOZIA MOARA,primariasloboziamoara@gmail.com,Dambovita,,Primarie Comuna
SOTANGA,sotanga@cjd.ro,Dambovita,,Primarie Comuna
TARTASESTI,primaria_tartasesti@yahoo.com,Dambovita,,Primarie Comuna
TATARANI,primariatatarani@yahoo.com,Dambovita,,Primarie Comuna
ULIESTI,primaria_uliesti@yahoo.com,Dambovita,,Primarie Comuna
ULMI,primaria.ulmi@yahoo.com,Dambovita,,Primarie Comuna
VACARESTI,primariavacaresti@yahoo.com,Dambovita,,Primarie Comuna
VALEA LUNGA,niconic65@yahoo.com,Dambovita,,Primarie Comuna
VALEA MARE,primariavaleamaredb@yahoo.com,Dambovita,,Primarie Comuna
VALENI-DIMBOVITA,valenib@yahoo.com,Dambovita,,Primarie Comuna
VIRFURI,primariavarfuri@yahoo.com,Dambovita,,Primarie Comuna
VISINA,primariavisina_db@yahoo.com,Dambovita,,Primarie Comuna
VISINESTI,primariavisinesti@gmail.com,Dambovita,,Primarie Comuna
VLADENI,primariavladeni@yahoo.com,Dambovita,,Primarie Comuna
VOINESTI,consiliullocalvoinesti@yahoo.com,Dambovita,,Primarie Comuna
VULCANA-BAI,secretar@vulcanabai.ro,Dambovita,,Primarie Comuna
VULCANA-PANDELE,vulcanapandele@cjd.ro,Dambovita,,Primarie Comuna
MUNICIPIUL CRAIOVA,cv22primaria@cjdolj.ro,Dolj,,Primarie Municipiu
MUNICIPIUL BAILESTI,bailesti@cjdolj.ro,Dolj,,Primarie Municipiu
MUNICIPIUL CALAFAT,calafat@cjdolj.ro,Dolj,,Primarie Municipiu
ORAS BECHET,bechet@cjdolj.ro,Dolj,,Primarie Oras
ORAS DABULENI,dabuleni@cjdolj.ro,Dolj,,Primarie Oras
ORAS FILIASI,filiasi@cjdolj.ro,Dolj,,Primarie Oras
ORAS SEGARCEA,segarcea@cjdolj.ro,Dolj,,Primarie Oras
AFUMATI,afumati@cjdolj.ro,Dolj,,Primarie Comuna
ALMAJ,almaj@cjdolj.ro,Dolj,,Primarie Comuna
AMARASTII DE JOS,amarastii_de_jos@cjdolj.ro,Dolj,,Primarie Comuna
AMARASTII DE SUS,amarastii_de_sus@cjdolj.ro,Dolj,,Primarie Comuna
APELE VII,apele_vii@cjdolj.ro,Dolj,,Primarie Comuna
ARGETOAIA,argetoaia@cjdolj.ro,Dolj,,Primarie Comuna
BIRCA,barca@cjdolj.ro,Dolj,,Primarie Comuna
BISTRET,bistret@cjdolj.ro,Dolj,,Primarie Comuna
BOTOSESTI-PAIA,botosesti_paia@cjdolj.ro,Dolj,,Primarie Comuna
BRABOVA,brabova@cjdolj.ro,Dolj,,Primarie Comuna
BRADESTI,bradesti@@cjdolj.ro,Dolj,,Primarie Comuna
BRALOSTITA,bralostita@cjdolj.ro,Dolj,,Primarie Comuna
BRATOVOESTI,bratovoesti@cjdolj.ro,Dolj,,Primarie Comuna
BREASTA,breasta@cjdolj.ro,Dolj,,Primarie Comuna
BUCOVAT,bucovat@cjdolj.ro,Dolj,,Primarie Comuna
BULZESTI,bulzesti@cjdolj.ro,Dolj,,Primarie Comuna
CALARASI,calarasi@cjdolj.ro,Dolj,,Primarie Comuna
CALOPAR,calopar@cjdolj.ro,Dolj,,Primarie Comuna
CARAULA,caraula@cjdolj.ro,Dolj,,Primarie Comuna
CARCEA,carcea@cjdolj.ro,Dolj,,Primarie Comuna
CARNA,carna-dunareni@cjdolj.ro,Dolj,,Primarie Comuna
CARPEN,carpen@cjdolj.ro,Dolj,,Primarie Comuna
CASTRANOVA,castranova@cjdolj.ro,Dolj,,Primarie Comuna
CATANE,catane@cjdolj.ro,Dolj,,Primarie Comuna
CELARU,celaru@cjdolj.ro,Dolj,,Primarie Comuna
CERAT,cerat@cjdolj.ro,Dolj,,Primarie Comuna
CERNATESTI,cernatesti@cjdolj.ro,Dolj,,Primarie Comuna
CETATE,cetate@cjdolj.ro,Dolj,,Primarie Comuna
CIOROIASI,cioroiasi@cjdolj.ro,Dolj,,Primarie Comuna
CIUPERCENII NOI,ciupercenii_noi@cjdolj.ro,Dolj,,Primarie Comuna
COSOVENI,cosoveni@cjdolj.ro,Dolj,,Primarie Comuna
COTOFENII DIN DOS,cotofenii_din_dos@cjdolj.ro,Dolj,,Primarie Comuna
COTOFENII DIN FATA,cotofenii_din_fata@cjdolj.ro,Dolj,,Primarie Comuna
DANETI,daneti@cjdolj.ro,Dolj,,Primarie Comuna
DESA,desa@cjdolj.ro,Dolj,,Primarie Comuna
DIOSTI,diosti@cjdolj.ro,Dolj,,Primarie Comuna
DOBRESTI,dobresti@cjdolj.ro,Dolj,,Primarie Comuna
DOBROTESTI,dobrotesti@cjdolj.ro,Dolj,,Primarie Comuna
DRAGOTESTI,dragotesti@cjdolj.ro,Dolj,,Primarie Comuna
DRANIC,dranic@cjdolj.ro,Dolj,,Primarie Comuna
FARCAS,farcas@cjdolj.ro,Dolj,,Primarie Comuna
GALICEA MARE,galicea_mare@cjdolj.ro,Dolj,,Primarie Comuna
GALICIUICA,galiciuica@cjdolj.ro,Dolj,,Primarie Comuna
GHERCESTI,ghercesti@cjdolj.ro,Dolj,,Primarie Comuna
GHIDICI,ghidici@cjdolj.ro,Dolj,,Primarie Comuna
GHINDENI,ghindeni@cjdolj.ro,Dolj,,Primarie Comuna
GIGHERA,gighera@cjdolj.ro,Dolj,,Primarie Comuna
GINGIOVA,gangiova@cjdolj.ro,Dolj,,Primarie Comuna
GIUBEGA,giubega@cjdolj.ro,Dolj,,Primarie Comuna
GIURGITA,giurgita@cjdolj.ro,Dolj,,Primarie Comuna
GOGOSU,gogosu@cjdolj.ro,Dolj,,Primarie Comuna
GOICEA,goicea@cjdolj.ro,Dolj,,Primarie Comuna
GOIESTI,goiesti@cjdolj.ro,Dolj,,Primarie Comuna
GRECESTI,grecesti@cjdolj.ro,Dolj,,Primarie Comuna
INTORSURA,intorsura@cjdolj.ro,Dolj,,Primarie Comuna
ISALNITA,isalnita@cjdolj.ro,Dolj,,Primarie Comuna
IZVOARE,izvoare@cjdolj.ro,Dolj,,Primarie Comuna
LEU,leu@cjdolj.ro,Dolj,,Primarie Comuna
LIPOVU,lipovu@cjdolj.ro,Dolj,,Primarie Comuna
MACESU DE JOS,macesu_de_jos@cjdolj.ro,Dolj,,Primarie Comuna
MACESU DE SUS,macesu_de_sus@cjdolj.ro,Dolj,,Primarie Comuna
MAGLAVIT,maglavit@cjdolj.ro,Dolj,,Primarie Comuna
MALU MARE,malu_mare@cjdolj.ro,Dolj,,Primarie Comuna
MARSANI,mirsani@cjdolj.ro,Dolj,,Primarie Comuna
MELINESTI,melinesti@cjdolj.ro,Dolj,,Primarie Comuna
MISCHII,mischii@cjdolj.ro,Dolj,,Primarie Comuna
MOTATEI,motatei@cjdolj.ro,Dolj,,Primarie Comuna
MURGASI,murgasi@cjdolj.ro,Dolj,,Primarie Comuna
NEGOI,negoi@cjdolj.ro,Dolj,,Primarie Comuna
ORODEL,orodel@cjdolj.ro,Dolj,,Primarie Comuna
OSTROVENI,ostroveni@cjdolj.ro,Dolj,,Primarie Comuna
PERISOR,perisor@cjdolj.ro,Dolj,,Primarie Comuna
PIELESTI,pielesti@cjdolj.ro,Dolj,,Primarie Comuna
PISCU VECHI,piscu_vechi@cjdolj.ro,Dolj,,Primarie Comuna
PLENITA,plenita@cjdolj.ro,Dolj,,Primarie Comuna
PLESOI,plesoi@cjdolj.ro,Dolj,,Primarie Comuna
PODARI,podari@cjdolj.ro,Dolj,,Primarie Comuna
POIANA MARE,poiana_mare@cjdolj.ro,Dolj,,Primarie Comuna
PREDESTI,predesti@cjdolj.ro,Dolj,,Primarie Comuna
RADOVAN,radovan@cjdolj.ro,Dolj,,Primarie Comuna
RAST,rast@cjdolj.ro,Dolj,,Primarie Comuna
ROBANESTI,robanesti@cjdolj.ro,Dolj,,Primarie Comuna
ROJISTE,rojiste@cjdolj.ro,Dolj,,Primarie Comuna
SADOVA,sadova@cjdolj.ro,Dolj,,Primarie Comuna
SALCUTA,salcuta@cjdolj.ro,Dolj,,Primarie Comuna
SCAESTI,scaesti@cjdolj.ro,Dolj,,Primarie Comuna
SEACA DE CAMP,seaca_de_camp@cjdolj.ro,Dolj,,Primarie Comuna
SEACA DE PADURE,seaca_de_padure@cjdolj.ro,Dolj,,Primarie Comuna
SECU,secu@cjdolj.ro,Dolj,,Primarie Comuna
SILISTEA CRUCII,silistea_crucii@cjdolj.ro,Dolj,,Primarie Comuna
SIMNICU DE SUS,simnicu_de_sus@cjdolj.ro,Dolj,,Primarie Comuna
SOPOT,sopot@cjdolj.ro,Dolj,,Primarie Comuna
TALPAS,talpas@cjdolj.ro,Dolj,,Primarie Comuna
TEASC,teasc@cjdolj.ro,Dolj,,Primarie Comuna
TERPEZITA,terpezita@cjdolj.ro,Dolj,,Primarie Comuna
TESLUI,teslui@cjdolj.ro,Dolj,,Primarie Comuna
TUGLUI,tuglui@cjdolj.ro,Dolj,,Primarie Comuna
UNIREA,unirea@cjdolj.ro,Dolj,,Primarie Comuna
URZICUTA,urzicuta@cjdolj.ro,Dolj,,Primarie Comuna
VALEA STANCIULUI,valea_stanciului@cjdolj.ro,Dolj,,Primarie Comuna
VARTOP,vartop@cjdolj.ro,Dolj,,Primarie Comuna
VARVORU DE JOS,varvoru@cjdolj.ro,Dolj,,Primarie Comuna
VELA,vela@cjdolj.ro,Dolj,,Primarie Comuna
VERBITA,varvoru@cjdolj.ro,Dolj,,Primarie Comuna
MUNICIPIUL GALATI,mail@primaria.galati.ro,Galati,,Primarie Municipiu
MUNICIPIUL TECUCI,primtecuci@yahoo.com,Galati,,Primarie Municipiu
ORAS BERESTI,primariaberesti@yahoo.com,Galati,,Primarie Oras
ORAS TARGU BUJOR,primariatgbujor@yahoo.com,Galati,,Primarie Oras
BALABANESTI,primariabalabanesti@yahoo.com,Galati,,Primarie Comuna
BALASESTI,primariabalasesti@yahoo.com,Galati,,Primarie Comuna
BALENI,primariabaleni@yahoo.com,Galati,,Primarie Comuna
BANEASA,consiliullocalbaneasa@yahoo.com,Galati,,Primarie Comuna
BARCEA,barcea_galati@hotmail.com,Galati,,Primarie Comuna
BERESTI-MERIA,berestim@yahoo.com,Galati,,Primarie Comuna
BRAHASESTI,primariabrahasesti@yahoo.com,Galati,,Primarie Comuna
BRANISTEA,primaria_branistea@yahoo.com,Galati,,Primarie Comuna
BUCIUMENI,primaria_buciumeni_gl@yahoo.com,Galati,,Primarie Comuna
CAVADINESTI,primaria-cavadinesti@hotmail.com,Galati,,Primarie Comuna
CERTESTI,primariacertesti@yahoo.com,Galati,,Primarie Comuna
CORNI,primaria_corni@yahoo.com,Galati,,Primarie Comuna
COROD,primariacorodgl@yahoo.com,Galati,,Primarie Comuna
COSMESTI,primaria.cosmesti@gmail.com,Galati,,Primarie Comuna
COSTACHE NEGRI,primariacnegri@yahoo.com,Galati,,Primarie Comuna
CUCA,primaria_cuca@gk.ro,Galati,,Primarie Comuna
CUDALBI,primaria@comunacudalbi.ro,Galati,,Primarie Comuna
CUZA VODA,primariacuzavoda@yahoo.com,Galati,,Primarie Comuna
DRAGANESTI,pdraganesti@yahoo.com,Galati,,Primarie Comuna
DRAGUSENI,primariadraguseni@yahoo.com,Galati,,Primarie Comuna
FARTANESTI,primariafirtanesti@yahoo.com,Galati,,Primarie Comuna
FOLTESTI,primariafoltesti@yahoo.com,Galati,,Primarie Comuna
FRUMUSITA,primariafrumusita@yahoo.com,Galati,,Primarie Comuna
FUNDENI,primaria.fundeni@yahoo.com,Galati,,Primarie Comuna
GHIDIGENI,primariaghidigeni@yahoo.com,Galati,,Primarie Comuna
GOHOR,primariagohorgl@yahoo.com,Galati,,Primarie Comuna
GRIVITA,primaria.grivita@ambasador-tv.ro,Galati,,Primarie Comuna
INDEPENDENTA,cl_independenta_gl@yahoo.com,Galati,,Primarie Comuna
IVESTI,primaria.ivesti@galati.astral.ro,Galati,,Primarie Comuna
JORASTI,primaria_jorasti@yahoo.com,Galati,,Primarie Oras
LIESTI,primarialiesti@gmail.com,Galati,,Primarie Comuna
MASTACANI,mastacaniprimarie@yahoo.com,Galati,,Primarie Comuna
MATCA,primariamatca@yahoo.com,Galati,,Primarie Comuna
MOVILENI,primariamovileni@yahoo.com,Galati,,Primarie Comuna
MUNTENI,primarie_munteni2002@yahoo.com,Galati,,Primarie Comuna
NAMOLOASA,primarianamoloasa@yahoo.com,Galati,,Primarie Comuna
NEGRILESTI,primaria_negrilesti@yahoo.com,Galati,,Primarie Comuna
NICORESTI,primarianicorestigalati@yahoo.com,Galati,,Primarie Comuna
OANCEA,primariaoancea@yahoo.com,Galati,,Primarie Comuna
PECHEA,primaria.pechea@yahoo.com,Galati,,Primarie Comuna
PISCU,primaria_piscu@yahoo.com,Galati,,Primarie Comuna
POIANA,poianaprimaria@yahoo.co.uk,Galati,,Primarie Comuna
PRIPONESTI,prim.pripgl@artelecom.net,Galati,,Primarie Comuna
RADESTI,primaria_radesti@yahoo.com,Galati,,Primarie Comuna
REDIU,primaria.rediu@yahoo.com,Galati,,Primarie Comuna
SCANTEIESTI,primaria_scinteiesti@yahoo.com,Galati,,Primarie Comuna
SCHELA,primariaschela@yahoo.com,Galati,,Primarie Comuna
SENDRENI,sendreniinfo@yahoo.com,Galati,,Primarie Comuna
SLOBOZIA CONACHI,sloboziaconachi@yahoo.com,Galati,,Primarie Comuna
SUHURLUI,primariasuhurlui@yahoo.com,Galati,,Primarie Comuna
TEPU,primariatepu@yahoo.com,Galati,,Primarie Comuna
TUDOR VLADIMIRESCU,primaria.tvladimirescu@ambasador-tv.ro,Galati,,Primarie Comuna
TULUCESTI,tulucesti@yahoo.com,Galati,,Primarie Comuna
UMBRARESTI,primariaumbraresti@hotmail.com,Galati,,Primarie Comuna
VALEA MARULUI,valea.marului@yahoo.com,Galati,,Primarie Comuna
VARLEZI,prvarlezict1@yahoo.com,Galati,,Primarie Comuna
VLADESTI,primariavladesti@yahoo.com,Galati,,Primarie Comuna
MUNICIPIUL GIURGIU,primar@primaria-giurgiu.ro,Giurgiu,,Primarie Municipiu
ORAS BOLINTIN-VALE,vrenicuadrian@yahoo.com,Giurgiu,,Primarie Oras
ORAS MIHAILESTI,primmiha_gr@yahoo.com,Giurgiu,,Primarie Oras
ADUNATII-COPACENI,adunatiicopaceni@yahoo.com,Giurgiu,,Primarie Comuna
BANEASA,secretariat@primariabaneasagr.ro,Giurgiu,,Primarie Comuna
BOLINTIN-DEAL,clbolintindeal@yahoo.com,Giurgiu,,Primarie Comuna
BUCSANI,bucsanigr@yahoo.com,Giurgiu,,Primarie Comuna
BULBUCATA,clbulbucatagr@yahoo.com,Giurgiu,,Primarie Comuna
BUTURUGENI,pbuturugeni@yahoo.com,Giurgiu,,Primarie Comuna
CALUGARENI,calugareni.primaria@yahoo.com,Giurgiu,,Primarie Comuna
CLEJANI,clclejanigr@yahoo.com,Giurgiu,,Primarie Comuna
COLIBASI,clcolibasi@yahoo.com,Giurgiu,,Primarie Comuna
COMANA,comanaprimaria@yahoo.com,Giurgiu,,Primarie Comuna
COSOBA,primariacosoba@yahoo.com,Giurgiu,,Primarie Comuna
DAIA,primarie@primariadaia.ro,Giurgiu,,Primarie Comuna
FRATESTI,primaria.fratesti@gmail.com,Giurgiu,,Primarie Comuna
GAISENI,clgaiseni@yahoo.com,Giurgiu,,Primarie Comuna
GAUJANI,primaria.gaujani@yahoo.com,Giurgiu,,Primarie Comuna
GHIMPATI,primaria_ghimpati2007@yahoo.com,Giurgiu,,Primarie Comuna
GOGOSARI,primaria.gogosari@yahoo.com,Giurgiu,,Primarie Comuna
GOSTINU,primariagostinu@yahoo.com,Giurgiu,,Primarie Comuna
GRADINARI,primaria_gradinari_gr@yahoo.com,Giurgiu,,Primarie Comuna
GREACA,secretar@primariagreaca.ro,Giurgiu,,Primarie Comuna
HERASTI,primaria_herasti@yahoo.com,Giurgiu,,Primarie Comuna
ISVOARELE,primariaisvoarele@yahoo.com,Giurgiu,,Primarie Comuna
IZVOARELE,primariaizvoarele@yahoo.com,Giurgiu,,Primarie Comuna
JOITA,primariajoita@yahoo.com,Giurgiu,,Primarie Comuna
LETCA NOUA,letcanouaprimaria@yahoo.com,Giurgiu,,Primarie Comuna
MALU,clmalugr@yahoo.com,Giurgiu,,Primarie Comuna
MARSA,primariamirsa@yahoo.com,Giurgiu,,Primarie Comuna
MIHAI BRAVU,clmihaibravu@yahoo.com,Giurgiu,,Primarie Comuna
OGREZENI,primaria_ogrezeni@yahoo.com,Giurgiu,,Primarie Comuna
OINACU,cl_oinacugr@yahoo.com,Giurgiu,,Primarie Comuna
PRUNDU,primaria_prundu@yahoo.com,Giurgiu,,Primarie Comuna
PUTINEIU,secretar@primariaputineiu.ro,Giurgiu,,Primarie Comuna
RASUCENI,scrasuceni@yahoo.com,Giurgiu,,Primarie Comuna
ROATA DE JOS,cl_roatadejos@yahoo.com,Giurgiu,,Primarie Comuna
SABARENI,primariasabareni@yahoo.com,Giurgiu,,Primarie Comuna
SCHITU,clschitugr@yahoo.com,Giurgiu,,Primarie Comuna
SINGURENI,primar@primariasingurenigr.ro,Giurgiu,,Primarie Comuna
SLOBOZIA,primariaslobozia@yahoo.com,Giurgiu,,Primarie Comuna
STANESTI,secretariat@primaria-stanesti.ro,Giurgiu,,Primarie Comuna
STOENESTI,petresterpu@yahoo.com,Giurgiu,,Primarie Comuna
TOPORU,primariatoporu@gmail.com,Giurgiu,,Primarie Comuna
ULMI,primariaulmi.2007@yahoo.com,Giurgiu,,Primarie Comuna
VALEA DRAGULUI,valeadraguluiprimaria@yahoo.com,Giurgiu,,Primarie Comuna
VANATORII MICI,vanatoriimici@yahoo.com,Giurgiu,,Primarie Comuna
VARASTI,primariavarasti@yahoo.com,Giurgiu,,Primarie Comuna
VEDEA,clvedeagr@yahoo.com,Giurgiu,,Primarie Comuna
MUNICIPIUL TARGU JIU,primaria.targujiu@xnet.ro,Gorj,,Primarie Municipiu
MUNICIPIUL MOTRU,primaria@primariamotru.ro,Gorj,,Primarie Municipiu
ORAS BUMBESTI-JIU,primaria@bumbesti-jiu.ro,Gorj,,Primarie Oras
ORAS NOVACI,primaria_novaci@yahoo.com,Gorj,,Primarie Oras
ORAS ROVINARI,office@primariarovinari.ro,Gorj,,Primarie Oras
ORAS TARGU CARBUNESTI,office@primariacarbunesti.ro,Gorj,,Primarie Oras
ORAS TICLENI,primaria_ticleni@yahoo.com,Gorj,,Primarie Oras
ORAS TISMANA,tismanaprimaria@yahoo.com,Gorj,,Primarie Oras
ORAS TURCENI,mciobanu75@yahoo.com,Gorj,,Primarie Oras
ALBENI,mica_liliana@yahoo.com,Gorj,,Primarie Comuna
ALIMPESTI,mariananegreanu@gmail.com,Gorj,,Primarie Comuna
ANINOASA,aninoasaprimaria@yahoo.com,Gorj,,Primarie Comuna
ARCANI,primariaarcani@yahoo.com,Gorj,,Primarie Comuna
BAIA DE FIER,baiadefierprimaria@yahoo.com,Gorj,,Primarie Comuna
BALANESTI,primariabalanesti@yahoo.com,Gorj,,Primarie Comuna
BALESTI,primariabalesti@yahoo.com,Gorj,,Primarie Comuna
BALTENI,primarie_bilteni@yahoo.com,Gorj,,Primarie Comuna
BARBATESTI,primariabarbatestigj@yahoo.com,Gorj,,Primarie Comuna
BENGESTI-CIOCADIA,bengesti@yahoo.com,Gorj,,Primarie Comuna
BERLESTI,primariaberlesti@yahoo.com,Gorj,,Primarie Comuna
BOLBOSI,primaria_bolbosi@yahoo.com,Gorj,,Primarie Comuna
BORASCU,primariaborascu@yahoo.com,Gorj,,Primarie Oras
BUMBESTI-PITIC,bumbestip@yahoo.com,Gorj,,Primarie Comuna
BUSTUCHIN,primariabustuchin@yahoo.com,Gorj,,Primarie Comuna
CALNIC,primaria_cilnic@yahoo.com,Gorj,,Primarie Comuna
CATUNELE,primariacatunele@yahoo.com,Gorj,,Primarie Comuna
CIUPERCENI,pcciuperceni@yahoo.com,Gorj,,Primarie Comuna
CRASNA,primariacrasna@yahoo.com,Gorj,,Primarie Comuna
CRUSET,primariacruset@yahoo.com,Gorj,,Primarie Comuna
DANCIULESTI,primariadanciulesti@yahoo.com,Gorj,,Primarie Comuna
DANESTI,primariadanestigj@yahoo.com,Gorj,,Primarie Comuna
DRAGOTESTI,prim.dragotesti@yahoo.com,Gorj,,Primarie Comuna
DRAGUTESTI,primaria.dragutesti@yahoo.com,Gorj,,Primarie Comuna
FARCASESTI,primariafarcasesti@yahoo.com,Gorj,,Primarie Comuna
GLOGOVA,glogovaprimaria@yahoo.com,Gorj,,Primarie Comuna
GODINESTI,primariagodinesti@yahoo.com,Gorj,,Primarie Comuna
HUREZANI,primar@primariahurezani.ro,Gorj,,Primarie Comuna
JUPANESTI,primariajupinesti@yahoo.com,Gorj,,Primarie Comuna
LELESTI,primaria.lelesti@yahoo.com,Gorj,,Primarie Comuna
LICURICI,primarialicurici@yahoo.com,Gorj,,Primarie Comuna
LOGRESTI,primaria_com.logresti@yahoo.com,Gorj,,Primarie Comuna
MATASARI,matasariprimaria@yahoo.com,Gorj,,Primarie Comuna
MUSETESTI,primariamusetesti2003@yahoo.com,Gorj,,Primarie Comuna
NEGOMIR,primarianegomir@yahoo.com,Gorj,,Primarie Comuna
PADES,primariapades@yahoo.com,Gorj,,Primarie Comuna
PLOPSORU,stefanescu_victoria@yahoo.com,Gorj,,Primarie Comuna
POLOVRAGI,primariapolovragi@yahoo.com,Gorj,,Primarie Comuna
PRIGORIA,primariaprigoria@yahoo.com,Gorj,,Primarie Comuna
ROSIA DE AMARADIA,primariarosiadeamaradia@yahoo.com,Gorj,,Primarie Comuna
RUNCU,primariaruncu@yahoo.com,Gorj,,Primarie Comuna
SACELU,primariasacelu@gmail.com,Gorj,,Primarie Comuna
SAMARINESTI,primariasamarinesti@yahoo.com,Gorj,,Primarie Comuna
SAULESTI,primaria_saulesti@yahoo.com,Gorj,,Primarie Comuna
SCHELA,primaria.schela@yahoo.com,Gorj,,Primarie Comuna
SCOARTA,primariascoarta1@yahoo.com,Gorj,,Primarie Comuna
SLIVILESTI,primariaslivilestigj@yahoo.com,Gorj,,Primarie Comuna
STANESTI,alinbeuran@yahoo.com,Gorj,,Primarie Comuna
STEJARI,primariastejari@yahoo.com,Gorj,,Primarie Comuna
STOINA,slavuteanuovidiu@yahoo.com,Gorj,,Primarie Comuna
TANTARENI,primariatintareni@yahoo.com,Gorj,,Primarie Comuna
TELESTI,sirbucostel@ymail.com,Gorj,,Primarie Comuna
TURBUREA,primaria_turburea@yahoo.com,Gorj,,Primarie Comuna
TURCINESTI,office@turcinesti.ro,Gorj,,Primarie Comuna
URDARI,primariaurdari@yahoo.com,Gorj,,Primarie Comuna
VAGIULESTI,primaria_vagiulesti@yahoo.com,Gorj,,Primarie Comuna
VLADIMIR,primariavladimirgj@yahoo.com,Gorj,,Primarie Comuna
MUNICIPIUL MIERCUREA CIUC,primaria@miercureaciuc.ro,Harghita,,Primarie Municipiu
MUNICIPIUL  GHEORGHENI,secretar@gheorgheni.ro,Harghita,,Primarie Municipiu
MUNICIPIUL  TOPLITA,secretariat@primariatoplita.ro,Harghita,,Primarie Municipiu
MUNICIPIUL ODORHEIU SECUIESC,office@varoshaza.ro,Harghita,,Primarie Municipiu
ORAS BAILE TUSNAD,klarabodo@yahoo.com,Harghita,,Primarie Oras
ORAS BALAN,office@orasulbalan.ro,Harghita,,Primarie Oras
ORAS BORSEC,primaria@primaria-borsec.ro,Harghita,,Primarie Oras
ORAS CRISTURU SECUIESC,office@keresztur.ro,Harghita,,Primarie Oras
ORAS VLAHITA,office@primariavlahita.ro,Harghita,,Primarie Oras
ATID,primariaatid@citromail.hu,Harghita,,Primarie Comuna
AVRAMESTI,avramesti@netter.ro,Harghita,,Primarie Comuna
BILBOR,primaria_bilbor@yahoo.com,Harghita,,Primarie Comuna
BRADESTI,bradesti@astralnet.ro,Harghita,,Primarie Comuna
CAPALNITA,primca@kabelkon.ro,Harghita,,Primarie Comuna
CARTA,primcr@kabelkon.ro,Harghita,,Primarie Comuna
CICEU,hivatal@csikcsicso.ro,Harghita,,Primarie Comuna
CIUCSANGEORGIU,pciucsangeorgiu@freemail.hu,Harghita,,Primarie Comuna
CIUMANI,ciumani@hr.astral.ro,Harghita,,Primarie Comuna
CORBU,primariacorbu@yahoo.com,Harghita,,Primarie Comuna
CORUND,primariacorund@yahoo.com,Harghita,,Primarie Comuna
COZMENI,primcoz@freemail.hu,Harghita,,Primarie Comuna
DANESTI,office@danfalva.ro,Harghita,,Primarie Comuna
DARJIU,consdarj@kabelkon.ro,Harghita,,Primarie Comuna
DEALU,pho@oroszhegy.ro,Harghita,,Primarie Comuna
DITRAU,clditrau@gmail.com,Harghita,,Primarie Comuna
FELICENI,conslocfeliceni@gmail.com,Harghita,,Primarie Comuna
FRUMOASA,frumoasahr@yahoo.com,Harghita,,Primarie Comuna
GALAUTAS,consgalautas@clicknet.ro,Harghita,,Primarie Comuna
JOSENI,primjoseni@yahoo.com,Harghita,,Primarie Comuna
LAZAREA,primaria.lazarea@yahoo.com,Harghita,,Primarie Comuna
LELICENI,cons.leliceni@freemail.hu,Harghita,,Primarie Comuna
LUETA,loveteiph@yahoo.com,Harghita,,Primarie Comuna
LUNCA DE JOS,primarialunca@gmail.com,Harghita,,Primarie Comuna
LUNCA DE SUS,primaria@gyimesfelsolok.ro,Harghita,,Primarie Comuna
LUPENI,luprim@electronnet.ro,Harghita,,Primarie Comuna
MADARAS,csikmadaras@gmail.com,Harghita,,Primarie Comuna
MARTINIS,secretar@homorodszentmarton.ro,Harghita,,Primarie Comuna
MIHAILENI,primmihaileni@freemail.hu,Harghita,,Primarie Comuna
MUGENI,primmug@yahoo.com,Harghita,,Primarie Comuna
OCLAND,primarocland@yahoo.com,Harghita,,Primarie Comuna
PAULENI-CIUC,pauleniciuc@yahoo.com,Harghita,,Primarie Comuna
PORUMBENI,consporumbeni@freemail.hu,Harghita,,Primarie Comuna
PRAID,primariapraid@yahoo.com,Harghita,,Primarie Comuna
RACU,primaria@racu.ro,Harghita,,Primarie Comuna
REMETEA,office@gyergyoremete.ro,Harghita,,Primarie Comuna
SACEL,primariasacel@yahoo.com,Harghita,,Primarie Comuna
SANCRAIENI,szentkiralyph@astralnet.ro,Harghita,,Primarie Comuna
SANDOMINIC,primaria_sandominic@yahoo.com,Harghita,,Primarie Comuna
SANMARTIN,gergelyaniko@citromail.hu,Harghita,,Primarie Comuna
SANSIMION,primariass@yahoo.com,Harghita,,Primarie Comuna
SANTIMBRU,szentimre2004@freemail.hu,Harghita,,Primarie Comuna
SARMAS,primariasarmas@yahoo.com,Harghita,,Primarie Comuna
SATU MARE,satumarehr@freemail.hu,Harghita,,Primarie Comuna
SECUIENI,clsecuieni@hrline.ro,Harghita,,Primarie Comuna
SICULENI,siculeni@yahoo.com,Harghita,,Primarie Comuna
SIMONESTI,clsimonesti@netter.ro,Harghita,,Primarie Comuna
SUBCETATE,primariasubcetate@yahoo.com,Harghita,,Primarie Comuna
SUSENI,primaria@suseni.ro,Harghita,,Primarie Comuna
TOMESTI,tomesti@kn.ro,Harghita,,Primarie Comuna
TULGHES,primaria_tulghes@yahoo.com,Harghita,,Primarie Comuna
TUSNAD,primariatusnad@freemail.hu,Harghita,,Primarie Comuna
ULIES,comunaulies@yahoo.com,Harghita,,Primarie Comuna
VARSAG,primvarsag@freemail.hu,Harghita,,Primarie Comuna
VOSLABENI,primaria@voslobeni.ro,Harghita,,Primarie Comuna
ZETEA,primzet@freemail.hu,Harghita,,Primarie Comuna
MUNICIPIUL DEVA,primar@primariadeva.ro,Hunedoara,,Primarie Municipiu
MUNICIPIUL  VULCAN,primvulcan@yahoo.com,Hunedoara,,Primarie Municipiu
MUNICIPIUL BRAD,bradprim@yahoo.com,Hunedoara,,Primarie Municipiu
MUNICIPIUL HUNEDOARA,primar@mail.primariahd.ro,Hunedoara,,Primarie Municipiu
MUNICIPIUL LUPENI,primaria@e-lupeni.ro,Hunedoara,,Primarie Municipiu
MUNICIPIUL ORASTIE,primaria@orastie.info.ro,Hunedoara,,Primarie Municipiu
MUNICIPIUL PETROSANI,primaria.petrosani@upcmail.ro,Hunedoara,,Primarie Municipiu
ORAS ANINOASA,primariaaninoasa@yahoo.com,Hunedoara,,Primarie Oras
ORAS CALAN,primariacalan@yahoo.com,Hunedoara,,Primarie Oras
ORAS GEOAGIU,secretar@geoagiu.ro,Hunedoara,,Primarie Oras
ORAS HATEG,primaria.hateg@yahoo.com,Hunedoara,,Primarie Oras
ORAS PETRILA,primariapetrila2008@yahoo.com,Hunedoara,,Primarie Oras
ORAS SIMERIA,prim.simeria@smart.ro,Hunedoara,,Primarie Oras
ORAS URICANI,primariauricani@gmail.com,Hunedoara,,Primarie Oras
BACIA,primariabacia@yahoo.com,Hunedoara,,Primarie Comuna
BAIA DE CRIS,primaria.baia@clicknet.ro,Hunedoara,,Primarie Comuna
BAITA,prim.baita@yahoo.com,Hunedoara,,Primarie Comuna
BALSA,primaria.balsa@yahoo.com,Hunedoara,,Primarie Comuna
BANITA,primariabanita@yahoo.com,Hunedoara,,Primarie Comuna
BARU,primariabaru@yahoo.com,Hunedoara,,Primarie Comuna
BATRANA,primariabatrana@gmail.com,Hunedoara,,Primarie Comuna
BERIU,primariaberiu@yahoo.com,Hunedoara,,Primarie Comuna
BLAJENI,prim.blajeni_secretar@yahoo.com,Hunedoara,,Primarie Comuna
BOSOROD,primariabosorod@personal.ro,Hunedoara,,Primarie Comuna
BRANISCA,primariabranisca@yahoo.com,Hunedoara,,Primarie Comuna
BRETEA ROMANA,primar@bretea-romana.ro,Hunedoara,,Primarie Comuna
BUCES,primariabuces@clicknet.ro,Hunedoara,,Primarie Comuna
BUCURESCI,primariabucuresci@yahoo.com,Hunedoara,,Primarie Comuna
BULZESTII DE SUS,primar@primariabulzesti.ro,Hunedoara,,Primarie Comuna
BUNILA,primaria_bunila@yahoo.com,Hunedoara,,Primarie Comuna
BURJUC,burjucprimaria@yahoo.com,Hunedoara,,Primarie Comuna
CARJITI,cirjiti@personal.ro,Hunedoara,,Primarie Comuna
CERBAL,primariacerbal@yahoo.com,Hunedoara,,Primarie Comuna
CERTEJU DE SUS,primaria_certejudesus@yahoo.com,Hunedoara,,Primarie Comuna
CRISCIOR,prim.criscior@yahoo.com,Hunedoara,,Primarie Comuna
DENSUS,primariadensus@yahoo.com,Hunedoara,,Primarie Comuna
DOBRA,primariadobra@yahoo.com,Hunedoara,,Primarie Comuna
GENERAL BERTHELOT,berthelot2004@yahoo.com,Hunedoara,,Primarie Comuna
GHELARI,primariaghelari@yahoo.com,Hunedoara,,Primarie Comuna
GURASADA,secretar@comunagurasada.ro,Hunedoara,,Primarie Comuna
HARAU,primarharau@yahoo.com,Hunedoara,,Primarie Comuna
ILIA,primaria.ilia@yahoo.com,Hunedoara,,Primarie Comuna
LAPUGIU DE JOS,primar@primarialapugiudejos.ro,Hunedoara,,Primarie Comuna
LELESE,contact@primarialelese.ro,Hunedoara,,Primarie Comuna
LUNCA CERNII DE JOS,lunca_cernii@rds.ro,Hunedoara,,Primarie Comuna
LUNCOIU DE JOS,primarialuncoiudejos@yahoo.com,Hunedoara,,Primarie Comuna
MARTINESTI,primaria@martinesti.ro,Hunedoara,,Primarie Comuna
ORASTIOARA DE SUS,primariaorastioaradesus@yahoo.com,Hunedoara,,Primarie Oras
PESTISU MIC,pestisumic@yahoo.com,Hunedoara,,Primarie Comuna
PUI,primariapui@yahoo.com,Hunedoara,,Primarie Comuna
RACHITOVA,primariarachitova@gmail.com,Hunedoara,,Primarie Comuna
RAPOLTU MARE,romosanliliana@yahoo.com,Hunedoara,,Primarie Comuna
RAU DE MORI,primariaraudemori@yahoo.com,Hunedoara,,Primarie Comuna
RIBITA,primar@ribita.ro,Hunedoara,,Primarie Comuna
ROMOS,office@romos.ro,Hunedoara,,Primarie Comuna
SALASU DE SUS,primariasalasudesus@yahoo.com,Hunedoara,,Primarie Comuna
SANTAMARIA-ORLEA,santamariaorlea@personal.ro,Hunedoara,,Primarie Comuna
SARMIZEGETUSA,primariasarmizegetusa@yahoo.com,Hunedoara,,Primarie Comuna
SOIMUS,primariasoimus@gmail.com,Hunedoara,,Primarie Comuna
TELIUCU INFERIOR,primariateliuc@gmail.com,Hunedoara,,Primarie Comuna
TOMESTI,prim.tomesti@comser.ro,Hunedoara,,Primarie Comuna
TOPLITA,primariatoplita@yahoo.com,Hunedoara,,Primarie Comuna
TOTESTI,primaria.totesti@yahoo.com,Hunedoara,,Primarie Comuna
TURDAS,primariaturdas@yahoo.com,Hunedoara,,Primarie Comuna
VALISOARA,primaria.valisoara@yahoo.com,Hunedoara,,Primarie Comuna
VATA DE JOS,primariavata@clicknet.ro,Hunedoara,,Primarie Comuna
VETEL,primaria_vetel@yahoo.com,Hunedoara,,Primarie Comuna
VORTA,primaria_vorta@yahoo.com,Hunedoara,,Primarie Comuna
ZAM,primaria_zam@yahoo.com,Hunedoara,,Primarie Comuna
MUNICIPIUL SLOBOZIA,office@sloboziail.ro,Ialomita,,Primarie Municipiu
MUNICIPIUL FETESTI,contact@primariafetesti.ro,Ialomita,,Primarie Municipiu
MUNICIPIUL URZICENI,urziceni_primaria@yahoo.com,Ialomita,,Primarie Municipiu
ORAS AMARA,consiliullocalamara@yahoo.com,Ialomita,,Primarie Oras
ORAS CAZANESTI,primcazanesti@yahoo.com,Ialomita,,Primarie Oras
ORAS FIERBINTI-TARG,primariafierbinti@yahoo.com,Ialomita,,Primarie Oras
ORAS TANDAREI,primaria_tandarei@yahoo.com,Ialomita,,Primarie Oras
ADANCATA,nicolaemarian.tatu@yahoo.com,Ialomita,,Primarie Comuna
ALBESTI,albestiprimaria@yahoo.com,Ialomita,,Primarie Comuna
ALEXENI,primaria_alexeni@yahoo.com,Ialomita,,Primarie Comuna
ANDRASESTI,primaria.andrasesti.il@gmail.com,Ialomita,,Primarie Comuna
ARMASESTI,prim_armasesti@yahoo.com,Ialomita,,Primarie Comuna
AXINTELE,primariaaxintele@yahoo.com,Ialomita,,Primarie Comuna
BALACIU,primaria@balaciu.ro,Ialomita,,Primarie Comuna
BARBULESTI,primariabarbulesti@yahoo.com,Ialomita,,Primarie Comuna
BARCANESTI,clbarcanesti@yahoo.com,Ialomita,,Primarie Comuna
BORANESTI,primaria_boranesti@yahoo.com,Ialomita,,Primarie Comuna
BORDUSANI,primariabordusani@yahoo.com,Ialomita,,Primarie Comuna
BRAZII,primariabrazii@yahoo.com,Ialomita,,Primarie Comuna
BUCU,primaria_bucu@yahoo.com,Ialomita,,Primarie Comuna
BUESTI,primariabuestiil@yahoo.com,Ialomita,,Primarie Comuna
CIOCARLIA,primciocarlia@yahoo.com,Ialomita,,Primarie Comuna
CIOCHINA,primariaciochina@yahoo.com,Ialomita,,Primarie Comuna
CIULNITA,primariaciulnita@yahoo.com,Ialomita,,Primarie Comuna
COCORA,primariacocorail@yahoo.com,Ialomita,,Primarie Comuna
COLELIA,primariacolelia@yahoo.com,Ialomita,,Primarie Comuna
COSAMBESTI,primaria.cosimbesti@yahoo.com,Ialomita,,Primarie Comuna
COSERENI,primariacosereni@yahoo.com,Ialomita,,Primarie Comuna
DRAGOESTI,dragoesti@yahoo.com,Ialomita,,Primarie Comuna
DRIDU,primaria_dridu@yahoo.com,Ialomita,,Primarie Comuna
FACAENI,clfacaeni@yahoo.com,Ialomita,,Primarie Comuna
GARBOVI,primgarbovi@yahoo.com,Ialomita,,Primarie Comuna
GHEORGHE DOJA,primaria_gh_doja@yahoo.com,Ialomita,,Primarie Comuna
GHEORGHE LAZAR,primariaghlazar@kfnet.ro,Ialomita,,Primarie Comuna
GIURGENI,primariagiurgeni@clicknet.ro,Ialomita,,Primarie Comuna
GRINDU,primgrindu@yahoo.com,Ialomita,,Primarie Comuna
GRIVITA,primariagrivita@yahoo.com,Ialomita,,Primarie Comuna
GURA IALOMITEI,primaria_guraialomitei@yahoo.com,Ialomita,,Primarie Comuna
ION ROATA,primaria_ionroata@yahoo.com,Ialomita,,Primarie Comuna
JILAVELE,jilavele@yahoo.com,Ialomita,,Primarie Comuna
MAIA,primariamaia@yahoo.com,Ialomita,,Primarie Comuna
MANASIA,primmanasia@gmail.com,Ialomita,,Primarie Comuna
MARCULESTI,primariamarculesti@yahoo.com,Ialomita,,Primarie Comuna
MIHAIL KOGALNICEANU,primariakogalniceanu@yahoo.com,Ialomita,,Primarie Comuna
MILOSESTI,primaria_milosesti@yahoo.com,Ialomita,,Primarie Comuna
MOLDOVENI,primariamoldoveniil@yahoo.com,Ialomita,,Primarie Comuna
MOVILA,primariamovila@yahoo.com,Ialomita,,Primarie Comuna
MUNTENI-BUZAU,primariamuntenibuzau@yahoo.com,Ialomita,,Primarie Comuna
OGRADA,primaria_ograda@yahoo.com,Ialomita,,Primarie Comuna
PERIETI,primariaperieti@yahoo.com,Ialomita,,Primarie Comuna
PLATONESTI,primaria_platonesti@yahoo.com,Ialomita,,Primarie Comuna
REVIGA,prim_reviga@yahoo.com,Ialomita,,Primarie Comuna
ROSIORI,consiliullocalrosiori@yahoo.com,Ialomita,,Primarie Comuna
SALCIOARA,primaria_salcioara@yahoo.com,Ialomita,,Primarie Comuna
SARATENI,primaria.sarateni.il@teletehnic.ro,Ialomita,,Primarie Comuna
SAVENI,primariasaveni@yahoo.com,Ialomita,,Primarie Comuna
SCANTEIA,primariascinteia@yahoo.com,Ialomita,,Primarie Comuna
SFANTU GHEORGHE,primariasfghe@yahoo.com,Ialomita,,Primarie Comuna
SINESTI,primaria_sinesti_il@yahoo.com,Ialomita,,Primarie Comuna
STELNICA,p_stelnica@yahoo.com,Ialomita,,Primarie Comuna
SUDITI,primariasuditi@yahoo.com,Ialomita,,Primarie Comuna
TRAIAN,primariacomuneitraian@yahoo.com,Ialomita,,Primarie Comuna
VALEA CIORII,pvaleaciorii@yahoo.com,Ialomita,,Primarie Comuna
VALEA MACRISULUI,valeamacrisului@yahoo.com,Ialomita,,Primarie Comuna
MUNICIPIUL IASI,informatii@primaria-iasi.ro,Iasi,,Primarie Municipiu
MUNICIPIUL PASCANI,contact@primariapascani.ro,Iasi,,Primarie Municipiu
ORAS HARLAU,primariahirlau@yahoo.com,Iasi,,Primarie Oras
ORAS PODU ILOAIEI,podu_iloaiei@yahoo.com,Iasi,,Primarie Oras
ORAS TARGU FRUMOS,atps1@primariatg-frumos.ro,Iasi,,Primarie Oras
ALEXANDRU I. CUZA,primaria_aicuza@yahoo.com,Iasi,,Primarie Comuna
ANDRIESENI,andrieseniprimaria@yahoo.com,Iasi,,Primarie Comuna
ARONEANU,primariaaroneanu@yahoo.com,Iasi,,Primarie Comuna
BALS,primariacomuneibals@yahoo.com,Iasi,,Primarie Comuna
BALTATI,primariabaltati_is@yahoo.com,Iasi,,Primarie Comuna
BARNOVA,contact@primariabirnova.ro,Iasi,,Primarie Comuna
BELCESTI,primaria_belcesti@yahoo.com,Iasi,,Primarie Comuna
BIVOLARI,primariabivolari@yahoo.com,Iasi,,Primarie Comuna
BRAESTI,primaria_braesti_iasi@yahoo.com,Iasi,,Primarie Comuna
BUTEA,primaria_butea@yahoo.com,Iasi,,Primarie Comuna
CEPLENITA,primariaceplenita@yahoo.com,Iasi,,Primarie Comuna
CIOHORANI,cristianalbu_2007@yahoo.com,Iasi,,Primarie Comuna
CIORTESTI,primaria.ciortesti@yahoo.com,Iasi,,Primarie Comuna
CIUREA,primariaciurea@yahoo.com,Iasi,,Primarie Comuna
COARNELE CAPREI,secretar@coarnelecaprei.ro,Iasi,,Primarie Comuna
COMARNA,comarnaiasi@yahoo.com,Iasi,,Primarie Comuna
COSTESTI,secretar@primariacostesti.ro,Iasi,,Primarie Comuna
COSTULENI,costulenisecretar@yahoo.com,Iasi,,Primarie Comuna
COTNARI,primaria_cotnari@yahoo.com,Iasi,,Primarie Comuna
COZMESTI,comunacozmesti@yahoo.com,Iasi,,Primarie Comuna
CRISTESTI,primaria.cristesti.iasi@gmail.com,Iasi,,Primarie Comuna
CUCUTENI,secretar@primariacucuteni.ro,Iasi,,Primarie Comuna
DAGATA,primariadagata@yahoo.com,Iasi,,Primarie Comuna
DELENI,primaria@comunadeleni.ro,Iasi,,Primarie Comuna
DOBROVAT,primariadobrovat@yahoo.com,Iasi,,Primarie Comuna
DRAGUSENI,prisacaru_adina@yahoo.com,Iasi,,Primarie Comuna
DUMESTI,primariadumesti@yahoo.com,Iasi,,Primarie Comuna
ERBICENI,erbiceniprimaria@yahoo.com,Iasi,,Primarie Comuna
FANTANELE,primariafantaneleiasi@yahoo.com,Iasi,,Primarie Comuna
FOCURI,primariafocuri@yahoo.com,Iasi,,Primarie Comuna
GOLAIESTI,primariagolaiesti@yahoo.com,Iasi,,Primarie Comuna
GORBAN,primariagorban@yahoo.com,Iasi,,Primarie Comuna
GRAJDURI,primar@primariagrajduri.ro,Iasi,,Primarie Comuna
GROPNITA,primaria_gropnita@email.ro,Iasi,,Primarie Comuna
GROZESTI,p_grozesti@yahoo.com,Iasi,,Primarie Comuna
HARMANESTI,primaria_harmanesti@yahoo.com,Iasi,,Primarie Comuna
HELESTENI,primariahelesteni@yahoo.com,Iasi,,Primarie Comuna
HOLBOCA,primariaholboca@yahoo.com,Iasi,,Primarie Comuna
HORLESTI,primariahorlesti@yahoo.com,Iasi,,Primarie Comuna
ION NECULCE,primaria_ionneculce2000@yahoo.com,Iasi,,Primarie Comuna
IPATELE,ipateleprimaria@yahoo.com,Iasi,,Primarie Comuna
LETCANI,primarialetcani@yahoo.co.uk,Iasi,,Primarie Comuna
LUNGANI,primaria_lungani@yahoo.com,Iasi,,Primarie Comuna
MADARJAC,primariamadarjac@yahoo.com,Iasi,,Primarie Comuna
MIRCESTI,primariamircesti@yahoo.com,Iasi,,Primarie Comuna
MIRONEASA,primaria_mironeasa@yahoo.com,Iasi,,Primarie Comuna
MIROSLAVA,secretar@primariamiroslava.ro,Iasi,,Primarie Comuna
MIROSLOVESTI,contactprimariamiroslovesti@yahoo.com,Iasi,,Primarie Comuna
MOGOSESTI,mogosestiprimaria@yahoo.com,Iasi,,Primarie Comuna
MOGOSESTI-SIRET,mogosesti_siret@yahoo.com,Iasi,,Primarie Comuna
MOSNA,primariemosna@yahoo.com,Iasi,,Primarie Comuna
MOVILENI,movileni_iasi@yahoo.com,Iasi,,Primarie Comuna
OTELENI,secretar@primariaoteleni.ro,Iasi,,Primarie Comuna
PLUGARI,primaria_plugari@yahoo.com,Iasi,,Primarie Comuna
PRISACANI,primaria_prisacani@yahoo.com,Iasi,,Primarie Comuna
PROBOTA,primariaprobota@yahoo.com,Iasi,,Primarie Comuna
RACHITENI,primariarachiteni@yahoo.com,Iasi,,Primarie Comuna
RADUCANENI,primariaraducaneni@yahoo.com,Iasi,,Primarie Comuna
REDIU,primariarediu.iasi@yahoo.com,Iasi,,Primarie Comuna
ROMANESTI,primariaromanesti@yahoo.com,Iasi,,Primarie Comuna
ROSCANI,primar@primariaroscani.ro,Iasi,,Primarie Comuna
RUGINOASA,ruginoasaprimaria@yahoo.com,Iasi,,Primarie Comuna
SCANTEIA,primar@primariascinteia.ro,Iasi,,Primarie Comuna
SCHEIA,primaria.scheia@yahoo.com,Iasi,,Primarie Comuna
SCHITU DUCA,primaria_schituduca@yahoo.com,Iasi,,Primarie Comuna
SCOBINTI,primaria_scobinti@yahoo.com,Iasi,,Primarie Comuna
SINESTI,sinestiprimaria@yahoo.com,Iasi,,Primarie Comuna
SIPOTE,primariasipote@yahoo.com,Iasi,,Primarie Comuna
SIRETEL,primaria-siretel@siretel.ro,Iasi,,Primarie Comuna
STOLNICENI PRAJESCU,primaria@stolniceni.ro,Iasi,,Primarie Comuna
STRUNGA,primaria_strunga@yahoo.com,Iasi,,Primarie Comuna
TANSA,cltansa@yahoo.com,Iasi,,Primarie Comuna
TATARUSI,primaria_tatarusi@yahoo.com,Iasi,,Primarie Comuna
TIBANESTI,primariatibanesti@email.ro,Iasi,,Primarie Comuna
TIGANASI,primaria_com_tiganasi@yahoo.com,Iasi,,Primarie Comuna
TODIRESTI,contact@primariatodiresti.ro,Iasi,,Primarie Comuna
TOMESTI,primaria_comunei_tomesti@yahoo.co.uk,Iasi,,Primarie Comuna
TRIFESTI,primaria_trifesti@yahoo.com,Iasi,,Primarie Comuna
TUTORA,primariatutora@yahoo.com,Iasi,,Primarie Comuna
UNGHENI,primariaungheniiasi@yahoo.com,Iasi,,Primarie Comuna
VALEA LUPULUI,primaria_valealupului@yahoo.com,Iasi,,Primarie Comuna
VALEA SEACA,contact@valeaseaca.ro,Iasi,,Primarie Comuna
VICTORIA,primariavictoria@yahoo.com,Iasi,,Primarie Comuna
VLADENI,primariavladeni@yahoo.com,Iasi,,Primarie Comuna
VOINESTI,primariavoinesti@yahoo.com,Iasi,,Primarie Comuna
ORAS BRAGADIRU,primariabragadiru@yahoo.com,Ilfov,,Primarie Oras
ORAS BUFTEA,primariabuftea@primariabuftea.ro,Ilfov,,Primarie Oras
ORAS CHITILA,primar@primariachitila.ro,Ilfov,,Primarie Oras
ORAS MAGURELE,primaria@magurele.ro,Ilfov,,Primarie Oras
ORAS OTOPENI,secretariat@otopeniro.ro,Ilfov,,Primarie Oras
ORAS PANTELIMON,secretariat@primariapantelimon.ro,Ilfov,,Primarie Oras
ORAS POPESTI LEORDENI,primar@ppl.ro,Ilfov,,Primarie Oras
ORAS VOLUNTARI,primaria-voluntari@primaria-voluntari.ro,Ilfov,,Primarie Oras
1 DECEMBRIE,primaria1dec@yahoo.com,Ilfov,,Primarie Comuna
BALOTESTI,gulie.mariana@yahoo.com,Ilfov,,Primarie Comuna
BERCENI,primaria_berceni@yahoo.com,Ilfov,,Primarie Comuna
BRANESTI,primaria_branesti@yahoo.com,Ilfov,,Primarie Comuna
CERNICA,primaria_cernica@yahoo.com,Ilfov,,Primarie Comuna
CHIAJNA,registratura@primariachiajna.ro,Ilfov,,Primarie Comuna
CIOLPANI,primaria.ciolpani@gmail.com,Ilfov,,Primarie Comuna
CIOROGARLA,contact@primariaciorogarla.ro,Ilfov,,Primarie Comuna
CLINCENI,primariaclinceni@yahoo.com,Ilfov,,Primarie Comuna
COPACENI,primariacopaceni@yahoo.com,Ilfov,,Primarie Comuna
CORBEANCA,secretar@primariacorbeanca.ro,Ilfov,,Primarie Comuna
CORNETU,primariacornetu@yahoo.com,Ilfov,,Primarie Comuna
DARASTI-ILFOV,primaria_darasti_ilfov@yahoo.com,Ilfov,,Primarie Comuna
DASCALU,contact@comunadascalu.ro,Ilfov,,Primarie Comuna
DOBROESTI,primariadobroiesti@gamail.com,Ilfov,,Primarie Comuna
GANEASA,primaria_ganeasa@yahoo.com,Ilfov,,Primarie Comuna
GLINA,primariaglina@yahoo.com,Ilfov,,Primarie Comuna
GRADISTEA,gradistea2007@yahoo.com,Ilfov,,Primarie Comuna
GRUIU,primariagruiu06@yahoo.com,Ilfov,,Primarie Comuna
JILAVA,primaria_jilava@yahoo.com,Ilfov,,Primarie Comuna
MOARA VLASIEI,dumitru_eugenia66@yahoo.com,Ilfov,,Primarie Comuna
MOGOSOAIA,office@mogosoaia.ro,Ilfov,,Primarie Comuna
NUCI,secretar@primarianuci.ro,Ilfov,,Primarie Comuna
PETRACHIOAIA,primaria_petrachioaia@yahoo.com,Ilfov,,Primarie Comuna
SNAGOV,primaria_snagov@yahoo.com,Ilfov,,Primarie Comuna
STEFANESTII DE JOS,office@primariastefanesti.ro,Ilfov,,Primarie Comuna
TUNARI,contact@primaria-tunari.ro,Ilfov,,Primarie Comuna
VIDRA,primariavidra@yahoo.com,Ilfov,,Primarie Comuna
MUNICIPIUL BAIA MARE,doriana.nica@baiamarecity.ro,Maramures,,Primarie Municipiu
MUNICIPIUL SIGHETU MARMATIEI,primaria@primariasighet.ro,Maramures,,Primarie Municipiu
ORAS BAIA SPRIE,primaria@baiasprie.ro,Maramures,,Primarie Oras
ORAS BORSA,turismlaborsa@yahoo.com,Maramures,,Primarie Oras
ORAS CAVNIC,primariacavnic@yahoo.com,Maramures,,Primarie Oras
ORAS DRAGOMIRESTI,primaria.dragomiresti@yahoo.com,Maramures,,Primarie Oras
ORAS SALISTEA DE SUS,primariasalistea@yahoo.com,Maramures,,Primarie Oras
ORAS SEINI,primariaseini@yahoo.com,Maramures,,Primarie Oras
ORAS SOMCUTA MARE,primaria.somcutamare@gmail.com,Maramures,,Primarie Oras
ORAS TARGU LAPUS,primaria_tgl@yahoo.com,Maramures,,Primarie Oras
ORAS TAUTII-MAGHERAUS,secretartautimm@yahoo.com,Maramures,,Primarie Oras
ORAS ULMENI,consiliullocal_ulmeni@yahoo.com,Maramures,,Primarie Oras
ARDUSAT,primaria@ardusat.ro,Maramures,,Primarie Comuna
ARINIS,mariana.pacurar@yahoo.com,Maramures,,Primarie Comuna
ASUAJU DE SUS,primaria.asuaj@yahoo.com,Maramures,,Primarie Comuna
BAITA DE SUB CODRU,primaria_baita@yahoo.com,Maramures,,Primarie Comuna
BAIUT,primariabaiut@yahoo.com,Maramures,,Primarie Comuna
BARSANA,contabilitate.birsana@gmail.com,Maramures,,Primarie Comuna
BASESTI,primaria_basesti@yahoo.com,Maramures,,Primarie Comuna
BICAZ,tamasan.nicolae@yahoo.com,Maramures,,Primarie Comuna
BISTRA,primariabistra@artelecom.net,Maramures,,Primarie Comuna
BOCICOIU MARE,primariabocicoiumare@yahoo.com,Maramures,,Primarie Comuna
BOGDAN VODA,primariabogdanvoda@yahoo.com,Maramures,,Primarie Comuna
BOIU MARE,primaria_boiumare@yahoo.com,Maramures,,Primarie Comuna
BOTIZA,comunabotiza@yahoo.com,Maramures,,Primarie Comuna
BUDESTI,primariebudesti@yahoo.com,Maramures,,Primarie Comuna
CALINESTI,primariacalinesti@yahoo.com,Maramures,,Primarie Comuna
CAMPULUNG LA TISA,primariacampulunglatisa@yahoo.com,Maramures,,Primarie Comuna
CERNESTI,cernestimm@comunacernesti.ro,Maramures,,Primarie Comuna
CICARLAU,primariacicarlau@yahoo.com,Maramures,,Primarie Comuna
COAS,primaria_coas@yahoo.com,Maramures,,Primarie Comuna
COLTAU,primaria_coltau@yahoo.com,Maramures,,Primarie Comuna
COPALNIC-MANASTUR,copalnicmanastur@yahoo.com,Maramures,,Primarie Comuna
COROIENI,primariacoroieni@email.ro,Maramures,,Primarie Comuna
CUPSENI,primariacupseni@yahoo.com,Maramures,,Primarie Comuna
DESESTI,primar@primariadesesti.ro,Maramures,,Primarie Comuna
DUMBRAVITA,primariadumbravita@yahoo.com,Maramures,,Primarie Comuna
FARCASA,primaria@farcasa-mm.ro,Maramures,,Primarie Comuna
GARDANI,primaria_gardani@yahoo.com,Maramures,,Primarie Comuna
GIULESTI,ghvraja@gmail.com,Maramures,,Primarie Comuna
GROSII TIBLESULUI,primariagt@clicknet.ro,Maramures,,Primarie Comuna
IEUD,primardavid@yahoo.com,Maramures,,Primarie Comuna
LAPUS,primarialapus@personal.ro,Maramures,,Primarie Comuna
LEORDINA,primaria_leordina@yahoo.com,Maramures,,Primarie Comuna
MIRESU MARE,primariamm@yahoo.com,Maramures,,Primarie Comuna
MOISEI,moiseiprimaria@yahoo.com,Maramures,,Primarie Comuna
OARTA DE JOS,primariaoarta@yahoo.com,Maramures,,Primarie Comuna
OCNA SUGATAG,primaria@primariaocnasugatag.ro,Maramures,,Primarie Comuna
ONCESTI,primaria_oncesti_maramures@yahoo.com,Maramures,,Primarie Comuna
PETROVA,primariapetrova@yahoo.com,Maramures,,Primarie Comuna
POIENILE DE SUB MUNTE,contact@poieni.ro,Maramures,,Primarie Comuna
POIENILE IZEI,primariapoienileizei@yahoo.com,Maramures,,Primarie Comuna
RECEA,primariarecea2000@yahoo.com,Maramures,,Primarie Comuna
REMETEA CHIOARULUI,primariaremeteachioarului@yahoo.com,Maramures,,Primarie Comuna
REMETI,primariaremeti@yahoo.com,Maramures,,Primarie Comuna
REPEDEA,primariarcontact@primariarepedea.ro,Maramures,,Primarie Comuna
RONA DE JOS,secretar@primariaronadejos.ro,Maramures,,Primarie Comuna
RONA DE SUS,primaria_ronadesus@yahoo.com,Maramures,,Primarie Comuna
RUSCOVA,primar@ruscova.ro,Maramures,,Primarie Comuna
SACALASENI,primaria_sacalaseni@yahoo.com,Maramures,,Primarie Comuna
SACEL,primaria_sacel@yahoo.com,Maramures,,Primarie Comuna
SALSIG,primaria_salsig@yahoo.com,Maramures,,Primarie Comuna
SAPANTA,p_sapanta@yahoo.com,Maramures,,Primarie Comuna
SARASAU,primaria_sarasau2000@yahoo.com,Maramures,,Primarie Comuna
SATULUNG,primariasatulung@yahoo.com,Maramures,,Primarie Comuna
SISESTI,primariasisesti@yahoo.com,Maramures,,Primarie Comuna
SUCIU DE SUS,vaprimaria_suciu@yahoo.com,Maramures,,Primarie Comuna
VADU IZEI,vaduizeiprimaria@yahoo.com,Maramures,,Primarie Comuna
VALEA CHIOARULUI,primaria_chioar@yahoo.com,Maramures,,Primarie Comuna
VIMA MICA,primaria_primariavima@email.ro,Maramures,,Primarie Comuna
VISEU DE JOS,primaria_viseu_de_jos@yahoo.com,Maramures,,Primarie Comuna
MUNICIPIUL DROBETA-TURNU SEVERIN,primaria@primariadrobeta.ro,Mehedinti,,Primarie Municipiu
MUNICIPIUL ORSOVA,primariaorsova@primariaorsova.ro,Mehedinti,,Primarie Municipiu
ORAS BAIA DE ARAMA,primaria_bda@yahoo.com,Mehedinti,,Primarie Oras
ORAS STREHAIA,primariastrehaia@yahoo.com,Mehedinti,,Primarie Oras
ORAS VANJU MARE,primariavanjumare@yahoo.com,Mehedinti,,Primarie Oras
BACLES,clbicles@sejmh.ro,Mehedinti,,Primarie Comuna
BALA,clbala@sejmh.ro,Mehedinti,,Primarie Comuna
BALACITA,clbalacita@sejmh.ro,Mehedinti,,Primarie Comuna
BALTA,clbalta@sejmh.ro,Mehedinti,,Primarie Comuna
BALVANESTI,clbalvanesti@sejmh.ro,Mehedinti,,Primarie Comuna
BRANISTEA,clbranistea@sejmh.ro,Mehedinti,,Primarie Comuna
BREZNITA-MOTRU,clbreznitamotru@sejmh.ro,Mehedinti,,Primarie Comuna
BREZNITA-OCOL,clbreznita@sejmh.ro,Mehedinti,,Primarie Comuna
BROSTENI,clbrosteni@sejmh.ro,Mehedinti,,Primarie Comuna
BURILA MARE,clburila@sejmh.ro,Mehedinti,,Primarie Comuna
BUTOIESTI,clbutoiesti@sejmh.ro,Mehedinti,,Primarie Comuna
CAZANESTI,clcazanesti@sejmh.ro,Mehedinti,,Primarie Comuna
CIRESU,clciresu@sejmh.ro,Mehedinti,,Primarie Comuna
CORCOVA,clcorcova@sejmh.ro,Mehedinti,,Primarie Comuna
CORLATEL,clcorlatel@sejmh.ro,Mehedinti,,Primarie Comuna
CUJMIR,clcujmir@sejmh.ro,Mehedinti,,Primarie Comuna
DARVARI,cldirvari@sejmh.ro,Mehedinti,,Primarie Comuna
DEVESEL,cldevesel@sejmh.ro,Mehedinti,,Primarie Comuna
DUBOVA,cldubova@sejmh.ro,Mehedinti,,Primarie Comuna
DUMBRAVA,primaria.dumbrava@yahoo.com,Mehedinti,,Primarie Comuna
ESELNITA,cleselnita@sejmh.ro,Mehedinti,,Primarie Comuna
FLORESTI,clfloresti@sejmh.ro,Mehedinti,,Primarie Comuna
GARLA MARE,clgirlamare@sejmh.ro,Mehedinti,,Primarie Comuna
GODEANU,clgodeanu@sejmh.ro,Mehedinti,,Primarie Comuna
GOGOSU,clgogosu@sejmh.ro,Mehedinti,,Primarie Comuna
GRECI,clgreci@sejmh.ro,Mehedinti,,Primarie Comuna
GROZESTI,clgrozesti@sejmh.ro,Mehedinti,,Primarie Comuna
GRUIA,clgruia@sejmh.ro,Mehedinti,,Primarie Comuna
HINOVA,clhinova@sejmh.ro,Mehedinti,,Primarie Comuna
HUSNICIOARA,clhusnicioara@sejmh.ro,Mehedinti,,Primarie Comuna
ILOVAT,clilovat@sejmh.ro,Mehedinti,,Primarie Comuna
ILOVITA,conslocalilovita@artelecom.net,Mehedinti,,Primarie Comuna
ISVERNA,clisverna@sejmh.ro,Mehedinti,,Primarie Comuna
IZVORU BARZII,clizvorul@sejmh.ro,Mehedinti,,Primarie Comuna
JIANA,cljiana@sejmh.ro,Mehedinti,,Primarie Comuna
LIVEZILE,cllivezile@sejmh.ro,Mehedinti,,Primarie Comuna
MALOVAT,clmalovat@sejmh.ro,Mehedinti,,Primarie Comuna
OBARSIA DE CAMP,clobarsia@sejmh.ro,Mehedinti,,Primarie Comuna
OBARSIA-CLOSANI,gmotea@yahoo.com,Mehedinti,,Primarie Comuna
OPRISOR,cloprisor@sejmh.ro,Mehedinti,,Primarie Comuna
PADINA,clpadina@sejmh.ro,Mehedinti,,Primarie Comuna
PATULELE,cl_patulele@yahoo.com,Mehedinti,,Primarie Comuna
PODENI,clpodeni@sejmh.ro,Mehedinti,,Primarie Comuna
PONOARELE,primariaponoarele@yahoo.com,Mehedinti,,Primarie Comuna
POROINA MARE,clporoina@sejmh.ro,Mehedinti,,Primarie Comuna
PRISTOL,clpristol@sejmh.ro,Mehedinti,,Primarie Comuna
PRUNISOR,primarieprunisor@yahoo.com,Mehedinti,,Primarie Comuna
PUNGHINA,clpunghina@sejmh.ro,Mehedinti,,Primarie Comuna
ROGOVA,clrogova@sejmh.ro,Mehedinti,,Primarie Comuna
SALCIA,pantelimongelu@yahoo.com,Mehedinti,,Primarie Comuna
SIMIAN,clsimian@sejmh.ro,Mehedinti,,Primarie Comuna
SISESTI,primariasisestimh@yahoo.com,Mehedinti,,Primarie Comuna
SOVARNA,clsovarna@sejmh.ro,Mehedinti,,Primarie Comuna
STANGACEAUA,clstangaceaua@sejmh.ro,Mehedinti,,Primarie Comuna
SVINITA,primariasvinita@yahoo.com,Mehedinti,,Primarie Comuna
TAMNA,cltimna@sejmh.ro,Mehedinti,,Primarie Comuna
VANATORI,clvinatori@sejmh.ro,Mehedinti,,Primarie Comuna
VANJULET,clvanjulet@sejmh.ro,Mehedinti,,Primarie Comuna
VLADAIA,clvladaia@sejmh.ro,Mehedinti,,Primarie Comuna
VOLOIAC,primariavoloiac@yahoo.com,Mehedinti,,Primarie Comuna
VRATA,clvrata@sejmh.ro,Mehedinti,,Primarie Comuna
MUNICIPIUL TARGU MURES,tgmures@cjmures.ro,Mures,,Primarie Municipiu
MUNICIPIUL REGHIN,reghin@cjmures.ro,Mures,,Primarie Municipiu
MUNICIPIUL SIGHISOARA,sighisoara@cjmures.ro,Mures,,Primarie Municipiu
MUNICIPIUL TARNAVENI,tirnaveni@cjmures.ro,Mures,,Primarie Municipiu
ORAS IERNUT,iernut@cjmures.ro,Mures,,Primarie Oras
ORAS LUDUS,ludus@cjmures.ro,Mures,,Primarie Oras
ORAS MIERCUREA NIRAJULUI,mniraj@cjmures.ro,Mures,,Primarie Oras
ORAS SANGEORGIU DE PADURE,sgpadure@cjmures.ro,Mures,,Primarie Oras
ORAS SARMASU,sarmasu@cjmures.ro,Mures,,Primarie Oras
ORAS SOVATA,sovata@cjmures.ro,Mures,,Primarie Oras
ORAS UNGHENI,ungheni@cjmures.ro,Mures,,Primarie Oras
ACATARI,acatari@cjmures.ro,Mures,,Primarie Comuna
ADAMUS,adamus@cjmures.ro,Mures,,Primarie Comuna
ALBESTI,albesti@cjmures.ro,Mures,,Primarie Comuna
ALUNIS,alunis@cjmures.ro,Mures,,Primarie Comuna
APOLD,apold@cjmures.ro,Mures,,Primarie Comuna
ATINTIS,atintis@cjmures.ro,Mures,,Primarie Comuna
BAGACIU,bagaciu@cjmures.ro,Mures,,Primarie Comuna
BAHNEA,bahnea@cjmures.ro,Mures,,Primarie Comuna
BALA,bala@cjmures.ro,Mures,,Primarie Comuna
BALAUSERI,balauseri@cjmures.ro,Mures,,Primarie Comuna
BAND,band@cjmures.ro,Mures,,Primarie Comuna
BATOS,batos@cjmures.ro,Mures,,Primarie Comuna
BEICA DE JOS,beica@cjmures.ro,Mures,,Primarie Comuna
BERENI,bereni@cjmures.ro,Mures,,Primarie Comuna
BICHIS,bichis@cjmures.ro,Mures,,Primarie Comuna
BOGATA,bogata@cjmures.ro,Mures,,Primarie Comuna
BRANCOVENESTI,brincovenesti@cjmures.ro,Mures,,Primarie Comuna
BREAZA,breaza@cjmures.ro,Mures,,Primarie Comuna
CEUASU DE CAMPIE,ceuasu@cjmures.ro,Mures,,Primarie Comuna
CHETANI,chetani@cjmures.ro,Mures,,Primarie Comuna
CHIBED,chibed@cjmures.ro,Mures,,Primarie Comuna
CHIHERU DE JOS,chiheru@cjmures.ro,Mures,,Primarie Comuna
COROISANMARTIN,coroisinmartin@cjmures.ro,Mures,,Primarie Comuna
CORUNCA,corunca@cjmures.ro,Mures,,Primarie Comuna
COZMA,cozma@cjmures.ro,Mures,,Primarie Comuna
CRACIUNESTI,craciunesti@cjmures.ro,Mures,,Primarie Comuna
CRAIESTI,craiesti@cjmures.ro,Mures,,Primarie Comuna
CRISTESTI,cristesti@cjmures.ro,Mures,,Primarie Comuna
CUCERDEA,cucerdea@cjmures.ro,Mures,,Primarie Comuna
CUCI,cuci@cjmures.ro,Mures,,Primarie Comuna
DANES,danes@cjmures.ro,Mures,,Primarie Comuna
DEDA,deda@cjmures.ro,Mures,,Primarie Comuna
EREMITU,eremitu@cjmures.ro,Mures,,Primarie Comuna
ERNEI,ernei@cjmures.ro,Mures,,Primarie Comuna
FANTANELE,fintinele@cjmures.ro,Mures,,Primarie Comuna
FARAGAU,faragau@cjmures.ro,Mures,,Primarie Comuna
GALESTI,galesti@cjmures.ro,Mures,,Primarie Comuna
GANESTI,ganesti@cjmures.ro,Mures,,Primarie Comuna
GHEORGHE DOJA,ghdoja@cjmures.ro,Mures,,Primarie Comuna
GHINDARI,ghindari@cjmures.ro,Mures,,Primarie Comuna
GLODENI,glodeni@cjmures.ro,Mures,,Primarie Comuna
GORNESTI,gornesti@cjmures.ro,Mures,,Primarie Comuna
GREBENISU DE CAMPIE,grebenisu@cjmures.ro,Mures,,Primarie Comuna
GURGHIU,gurghiu@cjmures.ro,Mures,,Primarie Comuna
HODAC,hodac@cjmures.ro,Mures,,Primarie Comuna
HODOSA,hodosa@cjmures.ro,Mures,,Primarie Comuna
IBANESTI,ibanesti@cjmures.ro,Mures,,Primarie Comuna
ICLANZEL,iclanzel@cjmures.ro,Mures,,Primarie Comuna
IDECIU DE JOS,ideciu@cjmures.ro,Mures,,Primarie Comuna
LIVEZENI,livezeni@cjmures.ro,Mures,,Primarie Comuna
LUNCA,lunca@cjmures.ro,Mures,,Primarie Comuna
LUNCA BRADULUI,lb@cjmures.ro,Mures,,Primarie Comuna
MADARAS,madaras@cjmures.ro,Mures,,Primarie Comuna
MAGHERANI,magherani@cjmures.ro,Mures,,Primarie Comuna
MICA,mica@cjmures.ro,Mures,,Primarie Comuna
MIHESU DE CAMPIE,mihesu@cjmures.ro,Mures,,Primarie Comuna
NADES,nades@cjmures.ro,Mures,,Primarie Comuna
NEAUA,neaua@cjmures.ro,Mures,,Primarie Comuna
OGRA,ogra@cjmures.ro,Mures,,Primarie Comuna
PANET,panet@cjmures.ro,Mures,,Primarie Comuna
PAPIU ILARIAN,papiu@cjmures.ro,Mures,,Primarie Comuna
PASARENI,pasareni@cjmures.ro,Mures,,Primarie Comuna
PETELEA,petelea@cjmures.ro,Mures,,Primarie Comuna
POGACEAUA,pogaceaua@cjmures.ro,Mures,,Primarie Comuna
RASTOLITA,rastolita@cjmures.ro,Mures,,Primarie Comuna
RICIU,riciu@cjmures.ro,Mures,,Primarie Comuna
RUSII-MUNTI,rusiimunti@cjmures.ro,Mures,,Primarie Comuna
SANCRAIU DE MURES,sincraims@cjmures.ro,Mures,,Primarie Comuna
SANGEORGIU DE MURES,singmures@cjmures.ro,Mures,,Primarie Comuna
SANGER,singer@cjmures.ro,Mures,,Primarie Comuna
SANPAUL,sinpaul@cjmures.ro,Mures,,Primarie Comuna
SANPETRU DE CAMPIE,sinpetru@cjmures.ro,Mures,,Primarie Comuna
SANTANA DE MURES,sintana@cjmures.ro,Mures,,Primarie Comuna
SARATENI,sarateni@cjmures.ro,Mures,,Primarie Comuna
SASCHIZ,saschiz@cjmures.ro,Mures,,Primarie Comuna
SAULIA,saulia@cjmures.ro,Mures,,Primarie Comuna
SINCAI,sincai@cjmures.ro,Mures,,Primarie Comuna
SOLOVASTRU,solovastru@cjmures.ro,Mures,,Primarie Comuna
STANCENI,stinceni@cjmures.ro,Mures,,Primarie Comuna
SUPLAC,suplac@cjmures.ro,Mures,,Primarie Comuna
SUSENI,suseni@cjmures.ro,Mures,,Primarie Comuna
TAURENI,taureni@cjmures.ro,Mures,,Primarie Comuna
VALEA LARGA,valealarga@cjmures.ro,Mures,,Primarie Comuna
VANATORI,vinatori@cjmures.ro,Mures,,Primarie Comuna
VARGATA,vargata@cjmures.ro,Mures,,Primarie Comuna
VATAVA,vatava@cjmures.ro,Mures,,Primarie Comuna
VETCA,vetca@cjmures.ro,Mures,,Primarie Comuna
VIISOARA,viisoara@cjmures.ro,Mures,,Primarie Comuna
VOIVODENI,voivodeni@cjmures.ro,Mures,,Primarie Comuna
ZAGAR,zagar@cjmures.ro,Mures,,Primarie Comuna
ZAU DE CAMPIE,zaucimpie@cjmures.ro,Mures,,Primarie Comuna
MUNICIPIUL PIATRA NEAMT,infopn@primariapn.ro,Neamt,,Primarie Municipiu
MUNICIPIUL ROMAN,recensamant@primariaroman.ro,Neamt,,Primarie Municipiu
ORAS BICAZ,primariabicaz@yahoo.com,Neamt,,Primarie Oras
ORAS ROZNOV,primariaroznov@yahoo.com,Neamt,,Primarie Oras
ORAS TARGU NEAMT,relatiipublice@primariatgneamt.ro,Neamt,,Primarie Oras
AGAPIA,primariaagapia@yahoo.com,Neamt,,Primarie Comuna
ALEXANDRU CEL BUN,primariaacbnt@yahoo.com,Neamt,,Primarie Comuna
BAHNA,primaria@bahna.ro,Neamt,,Primarie Comuna
BALTATESTI,primbaltatesti@yahoo.com,Neamt,,Primarie Comuna
BARGAUANI,clbirgauani@yahoo.com,Neamt,,Primarie Comuna
BICAZ-CHEI,primaria@primariabicazchei.ro,Neamt,,Primarie Comuna
BICAZU ARDELEAN,comlocba@hotmail.com,Neamt,,Primarie Comuna
BIRA,primaria@bira.ro,Neamt,,Primarie Comuna
BODESTI,primariabodesti@yahoo.com,Neamt,,Primarie Comuna
BOGHICEA,boghiceap@yahoo.com,Neamt,,Primarie Comuna
BORCA,primariaborca@yahoo.com,Neamt,,Primarie Comuna
BORLESTI,primariaborlesti@yahoo.com,Neamt,,Primarie Comuna
BOZIENI,primariacomunabozieni@yahoo.com,Neamt,,Primarie Comuna
BRUSTURI,primaria_brusturi@yahoo.com,Neamt,,Primarie Comuna
CANDESTI,primaria_candesti@yahoo.com,Neamt,,Primarie Comuna
CEAHLAU,primaria_ceahlau@yahoo.com,Neamt,,Primarie Comuna
CORDUN,office@primariacordun.ro,Neamt,,Primarie Comuna
COSTISA,primaria@comunacostisa.ro,Neamt,,Primarie Comuna
CRACAOANI,primariacracaoani@yahoo.com,Neamt,,Primarie Comuna
DAMUC,primariadamuc@yahoo.com,Neamt,,Primarie Comuna
DOBRENI,primariadobreni@yahoo.com,Neamt,,Primarie Comuna
DOCHIA,primariadochia@yahoo.com,Neamt,,Primarie Comuna
DOLJESTI,primcomdoljesti@yahoo.com,Neamt,,Primarie Comuna
DRAGANESTI,primariadragomiresti@yahoo.com,Neamt,,Primarie Comuna
DRAGOMIRESTI,dragomiresti.neamt@yahoo.com,Neamt,,Primarie Comuna
DULCESTI,primdulcesti@yahoo.com,Neamt,,Primarie Comuna
DUMBRAVA ROSIE,primariadumbravarosie@yahoo.com,Neamt,,Primarie Comuna
FARCASA,office@primariafarcasa.ro,Neamt,,Primarie Comuna
FAUREI,primariafaurei@yahoo.com,Neamt,,Primarie Comuna
GADINTI,primaria_gadinti@yahoo.com,Neamt,,Primarie Comuna
GARCINA,primariagircina@yahoo.com,Neamt,,Primarie Comuna
GHERAESTI,primaria.gheraesti@gmail.com,Neamt,,Primarie Comuna
GHINDAOANI,primariaghindaoani@yahoo.com,Neamt,,Primarie Comuna
GIROV,primariagirov@yahoo.com,Neamt,,Primarie Comuna
GRINTIES,primaria@comunagrinties.ro,Neamt,,Primarie Comuna
GRUMAZESTI,primariagrumazestineamt@yahoo.com,Neamt,,Primarie Comuna
HANGU,primariahangu@yahoo.com,Neamt,,Primarie Comuna
HORIA,primariahoria@yahoo.com,Neamt,,Primarie Comuna
ICUSESTI,primaria@comunaicusesti.ro,Neamt,,Primarie Comuna
ION CREANGA,primariaioncreanga@clicknet.ro,Neamt,,Primarie Comuna
MARGINENI,primariamargineni@yahoo.com,Neamt,,Primarie Comuna
MOLDOVENI,primaria_moldoveni@yahoo.com,Neamt,,Primarie Comuna
NEGRESTI,office@primarianegresti.ro,Neamt,,Primarie Comuna
ONICENI,primaria_oniceni@yahoo.com,Neamt,,Primarie Comuna
PANCESTI,primariapancesti@clicknet.ro,Neamt,,Primarie Comuna
PANGARATI,office@pangarati.ro,Neamt,,Primarie Comuna
PASTRAVENI,conslocpastraveni@yahoo.com,Neamt,,Primarie Comuna
PETRICANI,primariapetricani@yahoo.com,Neamt,,Primarie Comuna
PIATRA SOIMULUI,primariapiatrasoimului7@gmail.ro,Neamt,,Primarie Comuna
PIPIRIG,primaria.pipirig@yahoo.com,Neamt,,Primarie Comuna
PODOLENI,primariapodoleni@yahoo.com,Neamt,,Primarie Comuna
POIANA TEIULUI,primaria@poianateiului.ro,Neamt,,Primarie Comuna
POIENARI,primariapoienari@yahoo.com,Neamt,,Primarie Comuna
RAUCESTI,primariaraucesti@yahoo.com,Neamt,,Primarie Comuna
RAZBOIENI,primariarazboieni@yahoo.com,Neamt,,Primarie Comuna
REDIU,primaria_rediu@yahoo.com,Neamt,,Primarie Comuna
ROMANI,primaria@comunaromani.ro,Neamt,,Primarie Comuna
RUGINOASA,prim_ruginoasa@yahoo.com,Neamt,,Primarie Comuna
SABAOANI,primariasabaoani@yahoo.com,Neamt,,Primarie Comuna
SAGNA,primaria_sagna@yahoo.com,Neamt,,Primarie Comuna
SAVINESTI,primasav@yahoo.com,Neamt,,Primarie Comuna
SECUIENI,primaria@primariasecuieni.ro,Neamt,,Primarie Comuna
STANITA,primaria_stanita@yahoo.com,Neamt,,Primarie Comuna
STEFAN CEL MARE,primariastefan@yahoo.com,Neamt,,Primarie Comuna
TAMASENI,primariatamaseni@yahoo.com,Neamt,,Primarie Comuna
TARCAU,primariatarcau@yahoo.com,Neamt,,Primarie Comuna
TAZLAU,primaria@tazlau.ro,Neamt,,Primarie Comuna
TIBUCANI,primaria_tibucani@yahoo.com,Neamt,,Primarie Comuna
TIMISESTI,primaria_timisesti@yahoo.com,Neamt,,Primarie Comuna
TRIFESTI,primaria@primariatrifesti.ro,Neamt,,Primarie Comuna
TUPILATI,tupilatiprimaria@yahoo.com,Neamt,,Primarie Comuna
URECHENI,primaria_urecheni@yahoo.com,Neamt,,Primarie Comuna
VALEA URSULUI,primaria@valeaursului.ro,Neamt,,Primarie Comuna
VALENI,primvaleni@yahoo.com,Neamt,,Primarie Comuna
VANATORI-NEAMT,primariavinatorineamt@yahoo.com,Neamt,,Primarie Comuna
ZANESTI,primariazanesti@yajoo.com,Neamt,,Primarie Comuna
MUNICIPIUL SLATINA,pms_it@primariaslatina.ro,Olt,,Primarie Municipiu
MUNICIPIUL CARACAL,office@primariacaracal.ro,Olt,,Primarie Municipiu
ORAS BALS,primaria@bals.ro,Olt,,Primarie Oras
ORAS CORABIA,primariacorabia@yahoo.com,Olt,,Primarie Oras
ORAS DRAGANESTI-OLT,secretar@draganesti-olt.ro,Olt,,Primarie Oras
ORAS PIATRA-OLT,primariapiatraolt@yahoo.com,Olt,,Primarie Oras
ORAS POTCOAVA,primariapotcoava@yahoo.com,Olt,,Primarie Oras
ORAS SCORNICESTI,primariascornicesti@yahoo.com,Olt,,Primarie Oras
BABICIU,primariababiciu@judetulolt.ro,Olt,,Primarie Comuna
BALDOVINESTI,primaria.baldovinesti@gmail.com,Olt,,Primarie Comuna
BALTENI,primariabalteni@adslexpress.ro,Olt,,Primarie Comuna
BARASTI,barasti_vede@yahoo.com,Olt,,Primarie Comuna
BARZA,primaria.birza@yahoo.com,Olt,,Primarie Comuna
BOBICESTI,primaria@bobicesti.ro,Olt,,Primarie Comuna
BRANCOVENI,pcb@primariabrancoveni.ro,Olt,,Primarie Comuna
BRASTAVATU,primariabrastavatu@judetulolt.ro,Olt,,Primarie Comuna
BREBENI,primariabrebeni@yahoo.com,Olt,,Primarie Comuna
BUCINISU,bucinisuprimaria@yahoo.com,Olt,,Primarie Comuna
CALUI,primariacalui@yahoo.com,Olt,,Primarie Comuna
CEZIENI,primariacezieni@judetulolt.ro,Olt,,Primarie Comuna
CILIENI,primariacilieni@judetulolt.ro,Olt,,Primarie Comuna
COLONESTI,primaria.colonesti@yahoo.com,Olt,,Primarie Comuna
CORBU,primariacorbu@judetulolt.ro,Olt,,Primarie Comuna
COTEANA,primariacoteana@yahoo.com,Olt,,Primarie Comuna
CRAMPOIA,primariacrampoiaolt@yahoo.com,Olt,,Primarie Comuna
CUNGREA,secretar@cungrea.ro,Olt,,Primarie Comuna
CURTISOARA,primariacurtisoara@yahoo.com,Olt,,Primarie Comuna
DANEASA,primariadaneasaolt@yahoo.com,Olt,,Primarie Comuna
DEVESELU,primariadeveselu@yahoo.com,Olt,,Primarie Comuna
DOBRETU,primariadobretu@yahoo.com,Olt,,Primarie Comuna
DOBROSLOVENI,primar@dobrosloveni.ro,Olt,,Primarie Comuna
DOBROTEASA,primaria.dobroteasa@gmail.com,Olt,,Primarie Comuna
DOBRUN,primariadobrun@yahoo.com,Olt,,Primarie Comuna
FALCOIU,primariafalcoiu@yahoo.com,Olt,,Primarie Comuna
FARCASELE,primariafarcasele@yahoo.com,Olt,,Primarie Comuna
GANEASA,ganeasa@yahoo.com,Olt,,Primarie Comuna
GARCOV,primariagarcov@yahoo.com,Olt,,Primarie Comuna
GAVANESTI,primariagavanesti@judetulolt.ro,Olt,,Primarie Comuna
GIUVARASTI,primaria.giuvarasti@yahoo.com,Olt,,Primarie Comuna
GOSTAVATU,primariagostavatu@judetulolt.ro,Olt,,Primarie Comuna
GRADINARI,primariagradinariOlt@yahoo.com,Olt,,Primarie Comuna
GRADINILE,gradinileprimaria@yahoo.com,Olt,,Primarie Comuna
GROJDIBODU,primaria_grojdibodu@yahoo.com,Olt,,Primarie Comuna
GURA PADINII,gprimarie@yahoo.com,Olt,,Primarie Comuna
IANCA,c_ianca@yahoo.com,Olt,,Primarie Comuna
IANCU JIANU,primariaiancujianu@yahoo.com,Olt,,Primarie Comuna
ICOANA,primaria_icoana_olt@yahoo.com,Olt,,Primarie Comuna
IPOTESTI,primariaipotesti@judetulolt.ro,Olt,,Primarie Comuna
IZBICENI,primaria_izbiceni@yahoo.com,Olt,,Primarie Comuna
IZVOARELE,consiliul_local_izvoarele@yahoo.com,Olt,,Primarie Comuna
MARUNTEI,primariamaruntei@judetulolt.ro,Olt,,Primarie Comuna
MIHAESTI,primariamihaestiolt@yahoo.com,Olt,,Primarie Comuna
MILCOV,cmilcov@yahoo.com,Olt,,Primarie Comuna
MORUNGLAV,primariamorunglav@judetulolt.ro,Olt,,Primarie Comuna
MOVILENI,primariamovileni@judetulolt.ro,Olt,,Primarie Comuna
NICOLAE TITULESCU,primaria_nicolae_titulescu@yahoo.com,Olt,,Primarie Comuna
OBARSIA,primariaobarsia@yahoo.com,Olt,,Primarie Comuna
OBOGA,primariaoboga@yahoo.com,Olt,,Primarie Comuna
OPTASI-MAGURA,primariaoptasimagura@yahoo.com,Olt,,Primarie Comuna
OSICA DE JOS,primariaosicadejos@yahoo.com,Olt,,Primarie Comuna
OSICA DE SUS,primar@primariaosicadesus.ro,Olt,,Primarie Comuna
PARSCOVENI,clpirscoveni@yahoo.com,Olt,,Primarie Comuna
PERIETI,primariaperieti@judetulolt.ro,Olt,,Primarie Comuna
PLESOIU,primaria_plesoiuolt@yahoo.com,Olt,,Primarie Comuna
POBORU,primariapoboru@judetulolt.ro,Olt,,Primarie Comuna
PRISEACA,secretar_priseaca@yahoo.com,Olt,,Primarie Comuna
RADOMIRESTI,primariaradomiresti@judetulolt.ro,Olt,,Primarie Comuna
REDEA,primariaredea@yahoo.com,Olt,,Primarie Comuna
ROTUNDA,primariarotunda@yahoo.com,Olt,,Primarie Comuna
RUSANESTI,comunarusanesti@yahoo.com,Olt,,Primarie Comuna
SAMBURESTI,primariasimburesti@judetulolt.ro,Olt,,Primarie Comuna
SARBII - MAGURA,primariasarbiimagura@yahoo.com,Olt,,Primarie Comuna
SCARISOARA,primariascarisoara@yahoo.com,Olt,,Primarie Comuna
SCHITU,primariaschitu@yahoo.com,Olt,,Primarie Comuna
SEACA,primariaseaca@judetulolt.ro,Olt,,Primarie Comuna
SERBANESTI,primariaserbanesti@judetulolt.ro,Olt,,Primarie Comuna
SLATIOARA,primariaslatioara@artelecom.net,Olt,,Primarie Comuna
SOPARLITA,primaria@primaria-soparlita.ro,Olt,,Primarie Comuna
SPRANCENATA,primariasprincenata@judetulolt.ro,Olt,,Primarie Comuna
STEFAN CEL MARE,stefan_primaria@yahoo.com,Olt,,Primarie Comuna
STOENESTI,primariaconsiliullocalstoenesti@yahopo.com,Olt,,Primarie Comuna
STOICANESTI,primariastoicanesti@judetulolt.ro,Olt,,Primarie Comuna
STREJESTI,primariastrejesti@yahoo.com,Olt,,Primarie Comuna
STUDINA,primariastudinaott@yahoo.com,Olt,,Primarie Comuna
TATULESTI,primariatatulesti@yahoo.com,Olt,,Primarie Comuna
TESLUI,primateslui@yahoo.com,Olt,,Primarie Comuna
TIA MARE,primariatiamare@yahoo.com,Olt,,Primarie Comuna
TRAIAN,traianprimaria@yahoo.com,Olt,,Primarie Comuna
TUFENI,primariatufeni@gmail.com,Olt,,Primarie Comuna
VADASTRA,primariavadastra@yahoo.com,Olt,,Primarie Comuna
VADASTRITA,primariavadastrita@yahoo.com,Olt,,Primarie Comuna
VALCELE,primariavilceleolt@yahoo.com,Olt,,Primarie Comuna
VALEA MARE,primariavaleamare@judetulolt.ro,Olt,,Primarie Comuna
VERGULEASA,primaria2007@clicknet.ro,Olt,,Primarie Comuna
VISINA,primariavisina@yahoo.com,Olt,,Primarie Comuna
VLADILA,primariavladila@judetulolt.ro,Olt,,Primarie Comuna
VOINEASA,primariavoineasa@yahoo.com,Olt,,Primarie Comuna
VULPENI,vulpeniprimar@yahoo.com,Olt,,Primarie Comuna
VULTURESTI,primvult@yahoo.com,Olt,,Primarie Comuna
MUNICIPIUL PLOIESTI,comunicare@ploiesti.ro,Prahova,,Primarie Municipiu
MUNICIPIUL CAMPINA,web@primariacampina.ro,Prahova,,Primarie Municipiu
ORAS AZUGA,azuga@prefecturaprahova.ro,Prahova,,Primarie Oras
ORAS BAICOI,baicoi@prefecturaprahova.ro,Prahova,,Primarie Oras
ORAS BOLDESTI-SCAENI,boldestiscaieni@prefecturaprahova.ro,Prahova,,Primarie Oras
ORAS BREAZA,breaza@prefecturaprahova.ro,Prahova,,Primarie Oras
ORAS BUSTENI,primabus@yahoo.com,Prahova,,Primarie Oras
ORAS COMARNIC,comarnic@prefecturaprahova.ro,Prahova,,Primarie Oras
ORAS MIZIL,mizil@prefecturaprahova.ro,Prahova,,Primarie Oras
ORAS PLOPENI,plopeni@prefecturaprahova.ro,Prahova,,Primarie Oras
ORAS SINAIA,sinaia@prefecturaprahova.ro,Prahova,,Primarie Oras
ORAS SLANIC,slanic@prefecturaprahova.ro,Prahova,,Primarie Oras
ORAS URLATI,urlati@prefecturaprahova.ro,Prahova,,Primarie Oras
ORAS VALENII DE MUNTE,valeniidemunte@prefecturaprahova.ro,Prahova,,Primarie Oras
ADUNATI,adunati@prefecturaprahova.ro,Prahova,,Primarie Comuna
ALBESTI-PALEOLOGU,primariaalbesti@clicknet.ro,Prahova,,Primarie Comuna
ALUNIS,alunis@prefecturaprahova.ro,Prahova,,Primarie Comuna
APOSTOLACHE,apostolache@prefecturaprahova.ro,Prahova,,Primarie Comuna
ARICESTII RAHTIVANI,pleseagabriela@yahoo.com,Prahova,,Primarie Comuna
ARICESTII ZELETIN,primariaaricesti@yahoo.com,Prahova,,Primarie Comuna
BABA ANA,babaana@prefecturaprahova.ro,Prahova,,Primarie Comuna
BALTA DOAMNEI,baltadoamnei@prefecturaprahova.ro,Prahova,,Primarie Comuna
BALTESTI,baltesti@prefecturaprahova.ro,Prahova,,Primarie Comuna
BANESTI,primariabanesti@yahoo.com,Prahova,,Primarie Comuna
BARCANESTI,primaria_barcanesti@yahoo.com,Prahova,,Primarie Comuna
BATRANI,primariabatrani@yahoo.com,Prahova,,Primarie Comuna
BERCENI,berceniprimaria@yahoo.com,Prahova,,Primarie Comuna
BERTEA,primariabertea@yahoo.com,Prahova,,Primarie Comuna
BLEJOI,blejoi@prefecturaprahova.ro,Prahova,,Primarie Comuna
BOLDESTI-GRADISTEA,primaria_boldesti_gradistea@yahoo.com,Prahova,,Primarie Comuna
BRAZI,braziprimaria@yahoo.com,Prahova,,Primarie Comuna
BREBU,primariabrebu@yahoo.com,Prahova,,Primarie Comuna
BUCOV,bucov@prefecturaprahova.ro,Prahova,,Primarie Comuna
CALUGARENI,primaria.calugareni@yahoo.com,Prahova,,Primarie Comuna
CARBUNESTI,primariacarbunesti@yahoo.com,Prahova,,Primarie Comuna
CEPTURA,primariaceptura@yahoo.com,Prahova,,Primarie Comuna
CERASU,cerasu@prefecturaprahova.ro,Prahova,,Primarie Comuna
CHIOJDEANCA,chiojdeanca@prefecturaprahova.ro,Prahova,,Primarie Comuna
CIORANI,ciorani@prefecturaprahova.ro,Prahova,,Primarie Comuna
COCORASTII COLT,cocorastiicolt@prefecturaprahova.ro,Prahova,,Primarie Oras
COCORASTII MISLII,primariacocorastiimislii@yahoo.com,Prahova,,Primarie Oras
COLCEAG,primaria.colceag@yahoo.com,Prahova,,Primarie Comuna
CORNU,primariacornu@clicknet.ro,Prahova,,Primarie Comuna
COSMINELE,primaria_cosminele@yahoo.com,Prahova,,Primarie Comuna
DRAGANESTI,secretar@primariadraganesti.ro,Prahova,,Primarie Comuna
DRAJNA,drajna@prefecturaprahova.ro,Prahova,,Primarie Comuna
DUMBRAVA,primariadumbrava@gmail.com,Prahova,,Primarie Comuna
DUMBRAVESTI,dumbravesti@yahoo.com,Prahova,,Primarie Comuna
FANTANELE,primariafantaneleph@yahoo.com,Prahova,,Primarie Comuna
FILIPESTII DE PADURE,primarie@filipestiidepadure.ro,Prahova,,Primarie Comuna
FILIPESTII DE TARG,primariafilipestiidetarg@yahoo.com,Prahova,,Primarie Comuna
FLORESTI,floresti_primaria@yahoo.com,Prahova,,Primarie Comuna
FULGA,fulga@prefecturaprahova.ro,Prahova,,Primarie Comuna
GHERGHITA,primaria_gherghita@yahoo.com,Prahova,,Primarie Comuna
GORGOTA,secretar@gorgota.ro,Prahova,,Primarie Comuna
GORNET,gornet@prefecturaprahova.ro,Prahova,,Primarie Comuna
GORNET-CRICOV,primariagornetcricov@yahoo.com,Prahova,,Primarie Comuna
GURA VADULUI,primaria_guravadului@yahoo.com,Prahova,,Primarie Comuna
GURA VITIOAREI,guravitioarei@prefecturaprahova.ro,Prahova,,Primarie Comuna
IORDACHEANU,prim_iordacheanu@yahoo.com,Prahova,,Primarie Comuna
IZVOARELE,izvoarele@prefecturaprahova.ro,Prahova,,Primarie Comuna
JUGURENI,jugureni@europrahova.ro,Prahova,,Primarie Comuna
LAPOS,primaria.lapos@yahoo.com,Prahova,,Primarie Comuna
LIPANESTI,lipanesti@prefecturaprahova.ro,Prahova,,Primarie Comuna
MAGURELE,magurele@prefecturaprahova.ro,Prahova,,Primarie Comuna
MAGURENI,magureni@prefecturaprahova.ro,Prahova,,Primarie Comuna
MANECIU,maneciu@prefecturaprahova.ro,Prahova,,Primarie Comuna
MANESTI,primaria.manesti@yahoo.com,Prahova,,Primarie Comuna
OLARI,secretar@primariaolari.ro,Prahova,,Primarie Comuna
PACURETI,primaria_pacureti@yahoo.com,Prahova,,Primarie Comuna
PAULESTI,paulesti@prefecturaprahova.ro,Prahova,,Primarie Comuna
PLOPU,primariaplopu@yahoo.com,Prahova,,Primarie Comuna
PODENII NOI,primaria.podeniinoi@gmail.com,Prahova,,Primarie Comuna
POIANA CAMPINA,primpoianacampina@yahoo.com,Prahova,,Primarie Comuna
POIENARII BURCHII,poienariiburchi@prefecturaprahova.ro,Prahova,,Primarie Comuna
POSESTI,primariaposesti@yahoo.com,Prahova,,Primarie Comuna
PREDEAL-SARARI,secretarpredeals@yahoo.com,Prahova,,Primarie Comuna
PROVITA DE JOS,primariaprovitadejos@yahoo.com,Prahova,,Primarie Comuna
PROVITA DE SUS,primariaprovitadesus_ph@yahoo.com,Prahova,,Primarie Comuna
PUCHENII MARI,primaria@pucheniimari.ro,Prahova,,Primarie Comuna
RAFOV,rafov@prefecturaprahova.ro,Prahova,,Primarie Comuna
SALCIA,primariasalcia@ymail.com,Prahova,,Primarie Comuna
SALCIILE,salciile@prefecturaprahova.ro,Prahova,,Primarie Comuna
SANGERU,sangeru@prefecturaprahova.ro,Prahova,,Primarie Comuna
SCORTENI,primaria_scorteni@yahoo.com,Prahova,,Primarie Comuna
SECARIA,primaria_secaria@yahoo.com,Prahova,,Primarie Comuna
SIRNA,primaria_sirna@yahoo.com,Prahova,,Primarie Comuna
SOTRILE,secretar_comsotrile@yahoo.com,Prahova,,Primarie Comuna
STARCHIOJD,primariastarchiojd@yahoo.com,Prahova,,Primarie Comuna
STEFESTI,stefesti@prefecturaprahova.ro,Prahova,,Primarie Comuna
SURANI,surani@prefecturaprahova.ro,Prahova,,Primarie Comuna
TALEA,primarietalea@yahoo.com,Prahova,,Primarie Comuna
TARGSORU VECHI,targsorulvechi@prefecturaprahova.ro,Prahova,,Primarie Comuna
TATARU,primariatataru@yahoo.com,Prahova,,Primarie Comuna
TEISANI,primaria.teisani@yahoo.com,Prahova,,Primarie Comuna
TELEGA,primariatelega@yahoo.com,Prahova,,Primarie Comuna
TINOSU,primaria_tinosu@yahoo.com,Prahova,,Primarie Comuna
TOMSANI,primariatomsani@yahoo.com,Prahova,,Primarie Comuna
VADU SAPAT,vadusapat_ph@yahoo.com,Prahova,,Primarie Comuna
VALCANESTI,primariavalcanesti@yahoo.com,Prahova,,Primarie Comuna
VALEA CALUGAREASCA,valeacalugareasca@prefecturaprahova.ro,Prahova,,Primarie Comuna
VALEA DOFTANEI,valeadoftanei@clicknet.ro,Prahova,,Primarie Comuna
VARBILAU,varbilau@prefecturaprahova.ro,Prahova,,Primarie Comuna
MUNICIPIUL ZALAU,primaria@zalausj.ro,Salaj,,Primarie Municipiu
ORAS CEHU SILVANIEI,primaria_cehu@yahoo.com,Salaj,,Primarie Oras
ORAS JIBOU,primaria_jibou@yahoo.com,Salaj,,Primarie Oras
ORAS SIMLEU SILVANIEI,primaria_simleu@yahoo.com,Salaj,,Primarie Oras
ALMASU,primariaalmasu.salaj@yahoo.com,Salaj,,Primarie Comuna
BABENI,primaria.babeni@yahoo.com,Salaj,,Primarie Comuna
BALAN,primariabalan@yahoo.com,Salaj,,Primarie Comuna
BANISOR,primaria_banisor@yahoo.com,Salaj,,Primarie Comuna
BENESAT,benesatsj@yahoo.com,Salaj,,Primarie Comuna
BOBOTA,primariabobota@yahoo.com,Salaj,,Primarie Comuna
BOCSA,primariabocsasj@yahoo.com,Salaj,,Primarie Comuna
BOGHIS,primariaboghis@yahoo.com,Salaj,,Primarie Comuna
BUCIUMI,primaria.buciumi@samtv.ro,Salaj,,Primarie Comuna
CAMAR,primariacamar@yahoo.com,Salaj,,Primarie Comuna
CHIESD,viozaha@gmail.com,Salaj,,Primarie Comuna
CIZER,primariacizer@yahoo.com,Salaj,,Primarie Comuna
COSEIU,primariacoseiu@yahoo.com,Salaj,,Primarie Comuna
CRASNA,primaria@crasna.ro,Salaj,,Primarie Comuna
CREACA,primaria_creaca@samtv.ro,Salaj,,Primarie Comuna
CRISENI,primaria.criseni@gmail.com,Salaj,,Primarie Comuna
CRISTOLT,primariacristolt@yahoo.com,Salaj,,Primarie Comuna
CUZAPLAC,primariacuzaplac@yahoo.com,Salaj,,Primarie Comuna
DOBRIN,primariadobrin@yahoo.com,Salaj,,Primarie Comuna
DRAGU,primariadragu@yahoo.com,Salaj,,Primarie Comuna
FILDU DE JOS,primariafildu@yahoo.com,Salaj,,Primarie Comuna
GARBOU,primariagirbou@yahoo.com,Salaj,,Primarie Comuna
HALMASD,primariahalmasd@yahoo.com,Salaj,,Primarie Comuna
HERECLEAN,primariahereclean@yahoo.com,Salaj,,Primarie Comuna
HIDA,primarie_hida@samtv.ro,Salaj,,Primarie Comuna
HOROATU CRASNEI,primaria_horoat@yahoo.com,Salaj,,Primarie Comuna
IP,primipsj@yahoo.com,Salaj,,Primarie Comuna
LETCA,primarialetca@yahoo.com,Salaj,,Primarie Comuna
LOZNA,primaria_lozna@yahoo.com,Salaj,,Primarie Comuna
MAERISTE,primariamaeriste@yahoo.com,Salaj,,Primarie Comuna
MARCA,primariamarca@yahoo.com,Salaj,,Primarie Comuna
MESESENII DE JOS,meseseni@gmail.com,Salaj,,Primarie Comuna
MIRSID,primaria.mirsid@samtv.ro,Salaj,,Primarie Comuna
NAPRADEA,primarianapradea@yahoo.com,Salaj,,Primarie Comuna
NUSFALAU,primarianusfalau@yahoo.com,Salaj,,Primarie Comuna
PERICEI,periceisj@gmail.com,Salaj,,Primarie Comuna
PLOPIS,primaria_plopis@yahoo.com,Salaj,,Primarie Comuna
ROMANASI,primariaromanasi@yahoo.com,Salaj,,Primarie Comuna
RUS,primariarus@yahoo.com,Salaj,,Primarie Comuna
SAG,primariasag@yahoo.com,Salaj,,Primarie Comuna
SAMSUD,samsudsj@yahoo.com,Salaj,,Primarie Comuna
SANMIHAIU ALMASULUI,primarie_sinmihai@samtv.ro,Salaj,,Primarie Comuna
SARMASAG,primariasarmasag@yahoo.com,Salaj,,Primarie Comuna
SIMISNA,primariasimisna@yahoo.com,Salaj,,Primarie Comuna
SOMES-ODORHEI,somesodorheicj@yahoo.co.uk,Salaj,,Primarie Comuna
SURDUC,primaria_surduc@yahoo.com,Salaj,,Primarie Comuna
TREZNEA,primarie_treznea@samtv.ro,Salaj,,Primarie Comuna
VALCAU DE JOS,secretar_valcau@yahoo.com,Salaj,,Primarie Comuna
VARSOLT,primariavirsolt@gmail.com,Salaj,,Primarie Comuna
ZALHA,primariazalha@yahoo.com,Salaj,,Primarie Comuna
ZIMBOR,primariazimbor@yahoo.com,Salaj,,Primarie Comuna
MUNICIPIUL SATU MARE,primaria@satu-mare.ro,Satu Mare,,Primarie Municipiu
MUNICIPIUL CAREI,primariacar@yahoo.com,Satu Mare,,Primarie Municipiu
ORAS ARDUD,primaria.ardud@yahoo.com,Satu Mare,,Primarie Oras
ORAS LIVADA,primarialivadasm@yahoo.com,Satu Mare,,Primarie Oras
ORAS NEGRESTI-OAS,primarie@negresti-oas.ro,Satu Mare,,Primarie Oras
ORAS TASNAD,office@primariatasnad.ro,Satu Mare,,Primarie Oras
ACIS,primariaacas@yahoo.com,Satu Mare,,Primarie Comuna
AGRIS,primaria_agris@yahoo.com,Satu Mare,,Primarie Comuna
ANDRID,primariaandrid@yahoo.com,Satu Mare,,Primarie Comuna
APA,primaria.apa@gmail.com,Satu Mare,,Primarie Comuna
BARSAU,primariabarsau@yahoo.com,Satu Mare,,Primarie Comuna
BATARCI,primaria_batarci@yahoo.com,Satu Mare,,Primarie Comuna
BELTIUG,primaria.beltiug@yahoo.com,Satu Mare,,Primarie Comuna
BERVENI,primberveni@yahoo.com,Satu Mare,,Primarie Comuna
BIXAD,primaria_bixad@yahoo.com,Satu Mare,,Primarie Comuna
BOTIZ,primaria_botiz@yahoo.com,Satu Mare,,Primarie Comuna
CALINESTI-OAS,primariacalinestioas@yahoo.com,Satu Mare,,Primarie Comuna
CAMARZANA,primariacamarzana@gmail.com,Satu Mare,,Primarie Comuna
CAMIN,primaria_camin@yahoo.com,Satu Mare,,Primarie Comuna
CAPLENI,secretar@capleni.ro,Satu Mare,,Primarie Comuna
CAUAS,primariacauas@yahoo.com,Satu Mare,,Primarie Comuna
CEHAL,primaria.cehal@yahoo.com,Satu Mare,,Primarie Comuna
CERTEZE,certezeprimaria@yahoo.com,Satu Mare,,Primarie Comuna
CIUMESTI,primariaciumesti@yahoo.com,Satu Mare,,Primarie Comuna
CRAIDOROLT,office@craidorolt.ro,Satu Mare,,Primarie Comuna
CRUCISOR,primaria_crucisor@yahoo.com,Satu Mare,,Primarie Comuna
CULCIU,primaria.culciu@yahoo.com,Satu Mare,,Primarie Comuna
DOBA,primariadoba@yahoo.com,Satu Mare,,Primarie Comuna
DOROLT,primar@primariadorolt.ro,Satu Mare,,Primarie Comuna
FOIENI,contact@consiliullocalfoieni.ro,Satu Mare,,Primarie Comuna
GHERTA MICA,primar@primariaghertamica.ro,Satu Mare,,Primarie Comuna
HALMEU,primariahalmeu@yahoo.com,Satu Mare,,Primarie Comuna
HODOD,secretarhodod@yahoo.com,Satu Mare,,Primarie Comuna
HOMOROADE,secretar@primariahomoroade.ro,Satu Mare,,Primarie Comuna
LAZURI,primaria@lazuri.ro,Satu Mare,,Primarie Comuna
MEDIESU AURIT,primariamediesuaurit@gmail.com,Satu Mare,,Primarie Comuna
MICULA,primariamicula@yahoo.com,Satu Mare,,Primarie Comuna
MOFTIN,primariamoftin@yahoo.com,Satu Mare,,Primarie Comuna
ODOREU,secretariatodoreu@yahoo.com,Satu Mare,,Primarie Comuna
ORASU NOU,corasunou@yahoo.com,Satu Mare,,Primarie Oras
PETRESTI,primariapetresti@gmail.com,Satu Mare,,Primarie Comuna
PIR,primariapir@yahoo.com,Satu Mare,,Primarie Comuna
PISCOLT,primariacomuneipiscolt@yahoo.com,Satu Mare,,Primarie Comuna
POMI,primaria_pomi@yahoo.com,Satu Mare,,Primarie Comuna
PORUMBESTI,primaria@porumbesti.eu,Satu Mare,,Primarie Comuna
RACSA,primariaracsa@yahoo.com,Satu Mare,,Primarie Comuna
SACASENI,primsacaseni@yahoo.com,Satu Mare,,Primarie Comuna
SANISLAU,sanislau.primaria@yahoo.com,Satu Mare,,Primarie Comuna
SANTAU,primariasantau@yahoo.com,Satu Mare,,Primarie Comuna
SAUCA,primariasauca@yahoo.com,Satu Mare,,Primarie Comuna
SOCOND,primariasocond@yahoo.com,Satu Mare,,Primarie Comuna
SUPUR,cls-supur@clicknet.ro,Satu Mare,,Primarie Comuna
TARNA MARE,secretartarna@yahoo.com,Satu Mare,,Primarie Comuna
TARSOLT,secretar@primariatirsolt.ro,Satu Mare,,Primarie Comuna
TEREBESTI,primaria_terebesti@yahoo.com,Satu Mare,,Primarie Comuna
TIREAM,primaria@tiream.ro,Satu Mare,,Primarie Comuna
TURT,primariaturt@yahoo.com,Satu Mare,,Primarie Comuna
TURULUNG,primtur@yahoo.com,Satu Mare,,Primarie Comuna
URZICENI,comunaurziceni@yahoo.com,Satu Mare,,Primarie Comuna
VALEA VINULUI,primariavaleavinului@yahoo.com,Satu Mare,,Primarie Comuna
VAMA,primariavama@yahoo.com,Satu Mare,,Primarie Comuna
VETIS,primaria_vetis@yahoo.com,Satu Mare,,Primarie Comuna
VIILE SATU MARE,viilesm@yahoo.com,Satu Mare,,Primarie Comuna
MUNICIPIUL SIBIU,secretar@sibiu.ro,Sibiu,,Primarie Municipiu
MUNICIPIUL MEDIAS,primaria@primariamedias.ro,Sibiu,,Primarie Municipiu
ORAS COPSA MICA,primaria_copsa@birotec.ro,Sibiu,,Primarie Oras
ORAS DUMBRAVENI,primaria_dumbraveni@yahoo.com,Sibiu,,Primarie Oras
ORAS MIERCUREA SIBIULUI,primmsb@yahoo.com,Sibiu,,Primarie Oras
ORAS OCNA SIBIULUI,primariaocna@yahoo.com,Sibiu,,Primarie Oras
ORAS SALISTE,secretarsaliste@yahoo.com,Sibiu,,Primarie Oras
ORAS TALMACIU,iliesoima@gmail.com,Sibiu,,Primarie Oras
ALMA,primaria_alma@yahoo.com,Sibiu,,Primarie Comuna
ALTINA,primaria.altana@yahoo.com,Sibiu,,Primarie Comuna
APOLDU DE JOS,apoldudejos@gmail.com,Sibiu,,Primarie Comuna
ARPASU DE JOS,arpasudejos@yahoo.com,Sibiu,,Primarie Comuna
ATEL,primaria_atel@yahoo.com,Sibiu,,Primarie Comuna
AXENTE SEVER,primaria_axsever@yahoo.com,Sibiu,,Primarie Comuna
BAZNA,baznaprimaria@yahoo.com,Sibiu,,Primarie Comuna
BIERTAN,primariabiertan@yahoo.com,Sibiu,,Primarie Comuna
BIRGHIS,primariabirghis@yahoo.com,Sibiu,,Primarie Comuna
BLAJEL,primariablajel@yahoo.co.uk,Sibiu,,Primarie Comuna
BOITA,primariaboita@yahoo.com,Sibiu,,Primarie Comuna
BRADENI,primariabradeni@yahoo.com,Sibiu,,Primarie Comuna
BRATEIU,primariabrateiu@gmail.com,Sibiu,,Primarie Comuna
BRUIU,primariabruiu@yahoo.com,Sibiu,,Primarie Comuna
CARTA,primaria.carta@gmail.com,Sibiu,,Primarie Comuna
CHIRPAR,primaria_chirpar@yahoo.com,Sibiu,,Primarie Comuna
CRISTIAN,prim.cristian@yahoo.com,Sibiu,,Primarie Comuna
DARLOS,primaria.darlos@sibiu.stslink.ro,Sibiu,,Primarie Comuna
GURA RAULUI,gudac_durla@yahoo.fr,Sibiu,,Primarie Comuna
HOGHILAG,secretar_hoghilag@yahoo.com,Sibiu,,Primarie Comuna
IACOBENI,iacobeniprimaria@yahoo.com,Sibiu,,Primarie Comuna
JINA,primariajina@yahoo.com,Sibiu,,Primarie Comuna
LASLEA,primarialaslea@yahoo.com,Sibiu,,Primarie Comuna
LOAMNES,primarialoamnes@yahoo.com,Sibiu,,Primarie Comuna
LUDOS,primarialudos@yahoo.com,Sibiu,,Primarie Comuna
MARPOD,clmarpod@yahoo.com,Sibiu,,Primarie Comuna
MERGHINDEAL,primariamerghindeal@yahoo.com,Sibiu,,Primarie Comuna
MICASASA,pmicasasa@yahoo.com,Sibiu,,Primarie Comuna
MIHAILENI,primariamihailenisb@yahoo.com,Sibiu,,Primarie Comuna
MOSNA,primaria_mosna@yahoo.com,Sibiu,,Primarie Comuna
PAUCA,primariapauca@yahoo.com,Sibiu,,Primarie Comuna
POIANA SIBIULUI,primariapoianasb@yahoo.com,Sibiu,,Primarie Comuna
POPLACA,p_poplaca@yahoo.com,Sibiu,,Primarie Comuna
PORUMBACU DE JOS,primariaporumbacu@yahoo.com,Sibiu,,Primarie Comuna
RACOVITA,racovitaprimaria@yahoo.com,Sibiu,,Primarie Comuna
RASINARI,primaria.rasinari@yahoo.com,Sibiu,,Primarie Comuna
ROSIA,primaria.rosia_sibiu@yahoo.com,Sibiu,,Primarie Comuna
SADU,primariasadu@yahoo.com,Sibiu,,Primarie Comuna
SEICA MARE,primariaseicamare@yahoo.com,Sibiu,,Primarie Comuna
SEICA MICA,primaria.seicamica@sibiu.stslink.ro,Sibiu,,Primarie Comuna
SLIMNIC,primariaslimnic@yahoo.com,Sibiu,,Primarie Comuna
SURA MARE,primariasuramare@yahoo.com,Sibiu,,Primarie Comuna
SURA MICA,pr_suramica@yahoo.com,Sibiu,,Primarie Comuna
TARNAVA,primariatirnava@yahoo.com,Sibiu,,Primarie Comuna
TILISCA,primariatilisca@yahoo.com,Sibiu,,Primarie Comuna
TURNU ROSU,primariaturnurosu@yahoo.com,Sibiu,,Primarie Comuna
VALEA VIILOR,primaria.valeaviilor@sibiu.stslink.ro,Sibiu,,Primarie Comuna
VURPAR,primaria_vurpar@yahoo.com,Sibiu,,Primarie Comuna
MUNICIPIUL SUCEAVA,primsv@primariasv.ro,Suceava,,Primarie Municipiu
MUNICIPIUL CAMPULUNG MOLDOVENESC,primaria@campulungmoldovenesc.ro,Suceava,,Primarie Municipiu
MUNICIPIUL FALTICENI,massmedia@falticeni.ro,Suceava,,Primarie Municipiu
MUNICIPIUL RADAUTI,relatiipublice@primariaradauti.ro,Suceava,,Primarie Municipiu
MUNICIPIUL VATRA DORNEI,primaria@vatra-dornei.ro,Suceava,,Primarie Municipiu
ORAS BROSTENI,primaria_brosteni@yahoo.com,Suceava,,Primarie Oras
ORAS CAJVANA,primaria_cajvana@yahoo.com,Suceava,,Primarie Oras
ORAS DOLHASCA,primariadolhasca@yahoo.com,Suceava,,Primarie Oras
ORAS FRASIN,primaria_frasin@yahoo.com,Suceava,,Primarie Oras
ORAS GURA HUMORULUI,primariagh@gmail.com,Suceava,,Primarie Oras
ORAS LITENI,litenisv@rdslink.ro,Suceava,,Primarie Oras
ORAS MILISAUTI,primaria.milisauti@gmail.com,Suceava,,Primarie Oras
ORAS SALCEA,registratura@primariasalcea.ro,Suceava,,Primarie Oras
ORAS SIRET,informatii@siretromania.ro,Suceava,,Primarie Oras
ORAS SOLCA,primarie@solca.ro,Suceava,,Primarie Oras
ORAS VICOVU DE SUS,primariavicovudesus@yahoo.com,Suceava,,Primarie Oras
ADANCATA,padancata@yahoo.com,Suceava,,Primarie Comuna
ARBORE,primaria_arbore@yahoo.com,Suceava,,Primarie Comuna
BAIA,primariacombaia@yahoo.com,Suceava,,Primarie Comuna
BALACEANA,primaria_balaceana@yahoo.com,Suceava,,Primarie Comuna
BALCAUTI,primariabalcauti@yahoo.com,Suceava,,Primarie Comuna
BERCHISESTI,primariaberchisesti@yahoo.com,Suceava,,Primarie Comuna
BILCA,primaria_bilca@yahoo.com,Suceava,,Primarie Comuna
BOGDANESTI,primariabogdanesti@yahoo.com,Suceava,,Primarie Comuna
BOROAIA,primariaboroaia@yahoo.com,Suceava,,Primarie Comuna
BOSANCI,primariabosanci@yahoo.com,Suceava,,Primarie Comuna
BOTOSANA,secretarbotosana@ymail.com,Suceava,,Primarie Comuna
BREAZA,primariabreazasv@yahoo.com,Suceava,,Primarie Comuna
BRODINA,primariabrodina@yahoo.com,Suceava,,Primarie Comuna
BUNESTI,pbunesti_sv@yahoo.com,Suceava,,Primarie Comuna
BURLA,primariaburla@yahoo.com,Suceava,,Primarie Comuna
CACICA,primariacacica@yahoo.com,Suceava,,Primarie Comuna
CALAFINDESTI,primariacalafindesti@yahoo.com,Suceava,,Primarie Comuna
CAPU CAMPULUI,primariaccampului@yahoo.com,Suceava,,Primarie Comuna
CARLIBABA,p_ciocanesti@yahoo.com,Suceava,,Primarie Comuna
CIOCANESTI,p_ciocanesti@yahoo.com,Suceava,,Primarie Comuna
CIPRIAN PORUMBESCU,primariaciprianporumbescusv@yahoo.com,Suceava,,Primarie Comuna
COMANESTI,comanestiprimaria@yahoo.com,Suceava,,Primarie Comuna
CORNU LUNCII,secretar.cornuluncii@yahoo.com,Suceava,,Primarie Comuna
COSNA,primariacosna@yahoo.com,Suceava,,Primarie Comuna
CRUCEA,primaria_crucea@yahoo.com,Suceava,,Primarie Comuna
DARMANESTI,primaria_comdarmanesti@yahoo.com,Suceava,,Primarie Comuna
DOLHESTI,primaria_dolhesti@yahoo.com,Suceava,,Primarie Comuna
DORNA CANDRENILOR,primariadc@yahoo.com,Suceava,,Primarie Comuna
DORNA-ARINI,primariadornaarini@yahoo.com,Suceava,,Primarie Comuna
DORNESTI,primariadornesti@yahoo.com,Suceava,,Primarie Comuna
DRAGOIESTI,primariadragoiesti@yahoo.com,Suceava,,Primarie Comuna
DRAGUSENI,primaria.draguseni@yahoo.com,Suceava,,Primarie Comuna
DUMBRAVENI,primariadumbravenisv@yahoo.com,Suceava,,Primarie Comuna
FANTANA MARE,primaria_fantana_mare@yahoo.com,Suceava,,Primarie Comuna
FANTANELE,primaria.fintinele@yahoo.com,Suceava,,Primarie Comuna
FORASTI,secretariat@primariaforasti.ro,Suceava,,Primarie Oras
FRATAUTII NOI,primaria_fratautiinoi@yahoo.com,Suceava,,Primarie Comuna
FRATAUTII VECHI,primaria_fratautiivechi@yahoo.com,Suceava,,Primarie Comuna
FRUMOSU,frumosuprimaria@yahoo.com,Suceava,,Primarie Comuna
FUNDU MOLDOVEI,office_fm@yahoo.com,Suceava,,Primarie Comuna
GALANESTI,primariagalanesti@yahoo.com,Suceava,,Primarie Comuna
GRAMESTI,gramesti_info@yahoo.com,Suceava,,Primarie Comuna
GRANICESTI,primarie_granicesti@yahoo.com,Suceava,,Primarie Comuna
HANTESTI,primaria_hantesti@yahoo.com,Suceava,,Primarie Comuna
HARTOP,primariahartop@yahoo.com,Suceava,,Primarie Comuna
HORODNIC DE JOS,primaria_horodnicdejos@yahoo.com,Suceava,,Primarie Comuna
HORODNIC DE SUS,horodnicdesus@yahoo.com,Suceava,,Primarie Comuna
HORODNICENI,primariahorodniceni@yahoo.com,Suceava,,Primarie Comuna
IACOBENI,primariaiacobeni@yahoo.com,Suceava,,Primarie Comuna
IASLOVAT,primaria_iaslovat@yahoo.com,Suceava,,Primarie Comuna
ILISESTI,primaria_ilisesti@yahoo.com,Suceava,,Primarie Comuna
IPOTESTI,primipotesti@yahoo.com,Suceava,,Primarie Comuna
IZVOARELE SUCEVEI,primariaizsv1@yahoo.com,Suceava,,Primarie Comuna
MALINI,primariamalini@yahoo.com,Suceava,,Primarie Comuna
MANASTIREA HUMORULUI,manastirea_humorului@yahoo.com,Suceava,,Primarie Comuna
MARGINEA,margineaprimaria@yahoo.com,Suceava,,Primarie Comuna
MITOCU DRAGOMIRNEI,primaria_mitocudragomirnei@yahoo.com,Suceava,,Primarie Comuna
MOARA,primariamoara@yahoo.com,Suceava,,Primarie Comuna
MOLDOVA-SULITA,primariamoldova_sulita@yahoo.com,Suceava,,Primarie Comuna
MOLDOVITA,primaria.moldovita@yahoo.com,Suceava,,Primarie Comuna
MUSENITA,musenita_primarie@yahoo.com,Suceava,,Primarie Comuna
OSTRA,primaria_ostra@yahoo.com,Suceava,,Primarie Comuna
PALTINOASA,primaria_comunei_paltinoasa@yahoo.com,Suceava,,Primarie Comuna
PANACI,primariapanaci@yahoo.com,Suceava,,Primarie Comuna
PARTESTII DE JOS,pirtestii@yahoo.com,Suceava,,Primarie Comuna
PATRAUTI,primariapatrauti@yahoo.com,Suceava,,Primarie Comuna
POIANA STAMPEI,poiana_stampei@yahoo.com,Suceava,,Primarie Comuna
POIENI-SOLCA,poienisolca@yahoo.com,Suceava,,Primarie Comuna
POJORATA,pojoritta@yahoo.com,Suceava,,Primarie Comuna
PREUTESTI,primarpreutesti@yahoo.com,Suceava,,Primarie Comuna
PUTNA,primaria_putna@clicknet.ro,Suceava,,Primarie Comuna
RADASENI,pradaseni@yahoo.com,Suceava,,Primarie Comuna
RASCA,primaria_risca@yahoo.com,Suceava,,Primarie Comuna
SADOVA,primariasadova@yahoo.com,Suceava,,Primarie Comuna
SARU DORNEI,primaria_saru_dornei@yahoo.com,Suceava,,Primarie Comuna
SATU MARE,primariasatumaresv@yahoo.com,Suceava,,Primarie Comuna
SCHEIA,arboreanl@yahoo.com,Suceava,,Primarie Comuna
SERBAUTI,primariaserbauti@yahoo.com,Suceava,,Primarie Comuna
SIMINICEA,primaria.siminicea@yahoo.com,Suceava,,Primarie Comuna
SLATINA,primariaslatina@yahoo.com,Suceava,,Primarie Comuna
STRAJA,primaria_straja@yahoo.com,Suceava,,Primarie Comuna
STROIESTI,primaria_stroiesti@yahoo.com,Suceava,,Primarie Comuna
STULPICANI,primariastulpsv@yahoo.com,Suceava,,Primarie Comuna
SUCEVITA,primariasucevita@yahoo.com,Suceava,,Primarie Comuna
TODIRESTI,primariatodiresti@yahoo.com,Suceava,,Primarie Comuna
UDESTI,secretar_primariaudesti@yahoo.com,Suceava,,Primarie Comuna
ULMA,primariaulma@yahoo.com,Suceava,,Primarie Comuna
VADU MOLDOVEI,primaria_Vadu_Moldovei@yahoo.com,Suceava,,Primarie Comuna
VALEA MOLDOVEI,pvmmorosanc@yahoo.com,Suceava,,Primarie Comuna
VAMA,primaria_vama@yahoo.com,Suceava,,Primarie Comuna
VATRA MOLDOVITEI,primariavatramoldovitei@yahoo.com,Suceava,,Primarie Comuna
VERESTI,primaria_veresti@yahoo.com,Suceava,,Primarie Comuna
VICOVU DE JOS,vicovu_de_jos@yahoo.com,Suceava,,Primarie Comuna
VOITINEL,primaria_voitinel@yahoo.com,Suceava,,Primarie Comuna
VOLOVAT,primariavolovat@yahoo.com,Suceava,,Primarie Comuna
VULTURESTI,vulturestisuceava@yahoo.com,Suceava,,Primarie Comuna
ZAMOSTEA,primaria_zamostea@yahoo.com,Suceava,,Primarie Comuna
ZVORISTEA,primaria_zvoristea@yahoo.com,Suceava,,Primarie Comuna
MUNICIPIUL ROSIORI DE VEDE,postmaster@primariarosioriidevede.ro,Teleorman,,Primarie Municipiu
MUNICIPIUL TURNU MAGURELE,primariatm@yahoo.com,Teleorman,,Primarie Municipiu
ORAS VIDELE,primariavidele@yahoo.com,Teleorman,,Primarie Oras
BABAITA,primariababaita@yahoo.com,Teleorman,,Primarie Comuna
BEUCA,primariebeuca@yahoo.com,Teleorman,,Primarie Comuna
BOGDANA,primariabogdana@yahoo.co.uk,Teleorman,,Primarie Comuna
BOTOROAGA,primaria.botoroaga@yahoo.com,Teleorman,,Primarie Comuna
BRANCENI,primaria.brinceni@yahoo.com,Teleorman,,Primarie Comuna
BUJORENI,primariabujoreni@gmail.com,Teleorman,,Primarie Comuna
BUJORU,bujoru@gmail.com,Teleorman,,Primarie Comuna
BUZESCU,primaria.buzescu@gmail.com,Teleorman,,Primarie Comuna
CALINESTI,calinesti@gmail.com,Teleorman,,Primarie Comuna
CALMATUIU,secretar_calmatuiu@yahoo.com,Teleorman,,Primarie Comuna
CERVENIA,primarcervenia@yahoo.com,Teleorman,,Primarie Comuna
CIOLANESTI,primaria_ciolanesti@yahoo.com,Teleorman,,Primarie Comuna
CIUPERCENI,primariaciuperceni@yahoo.com,Teleorman,,Primarie Comuna
CONTESTI,primariacontesti@gmail.com,Teleorman,,Primarie Comuna
COSMESTI,primariacosmesti@yahoo.com,Teleorman,,Primarie Comuna
CRANGENI,primaria.cringeni@yahoo.com,Teleorman,,Primarie Comuna
CRANGU,primariacringu@yahoo.com,Teleorman,,Primarie Comuna
CREVENICU,primariacrevenicu@yahoo.com,Teleorman,,Primarie Comuna
DRAGANESTI DE VEDE,primariadraganestidevede@yahoo.com,Teleorman,,Primarie Comuna
FANTANELE,comuna.fantanele@yahoo.com,Teleorman,,Primarie Comuna
FRASINET,primariafrasinet@yahoo.com,Teleorman,,Primarie Comuna
FRUMOASA,primariafrumoasa@yahoo.com,Teleorman,,Primarie Comuna
FURCULESTI,primariafurculesti@yahoo.com,Teleorman,,Primarie Comuna
GALATENI,primgalateni@yahoo.com,Teleorman,,Primarie Comuna
GRATIA,gratiaprim@yahoo.com,Teleorman,,Primarie Comuna
ISLAZ,primariaislaz@yahoo.com,Teleorman,,Primarie Comuna
IZVOARELE,primaria_izvoarele@yahoo.com,Teleorman,,Primarie Comuna
LISA,lissa_tr@yahoo.com,Teleorman,,Primarie Comuna
LUNCA,primaria_lu@yahoo.com,Teleorman,,Primarie Comuna
MAGURA,primarie_magura@yahoo.com,Teleorman,,Primarie Comuna
MALDAENI,primariamaldaeni@yahoo.com,Teleorman,,Primarie Comuna
MARZANESTI,primariamirzanesti@yahoo.co.uk,Teleorman,,Primarie Comuna
MAVRODIN,primaria_mavrodin@yahoo.com,Teleorman,,Primarie Comuna
MERENI,primaria.mereni@gmail.com,Teleorman,,Primarie Comuna
MOSTENI,mosteni_tr@yahoo.com,Teleorman,,Primarie Comuna
NANOV,primariananov2007@yahoo.com,Teleorman,,Primarie Comuna
NASTURELU,primarianasturelu@yahoo.com,Teleorman,,Primarie Comuna
NECSESTI,primaria.necsesti@yahoo.com,Teleorman,,Primarie Comuna
NENCIULESTI,pnenciulesti@yahoo.com,Teleorman,,Primarie Comuna
OLTENI,primarolteni@yahoo.com,Teleorman,,Primarie Comuna
PERETU,primaria.peretu@yahoo.com,Teleorman,,Primarie Comuna
PIATRA,primaria_piatra_tr@yahoo.com,Teleorman,,Primarie Comuna
PIETROSANI,primaria.pietrosani@yahoo.com,Teleorman,,Primarie Comuna
PLOSCA,primaria_plosca@yahoo.com,Teleorman,,Primarie Comuna
POROSCHIA,primariaporoschia@yahoo.com,Teleorman,,Primarie Comuna
PURANI,litageta@yahoo.com,Teleorman,,Primarie Comuna
PUTINEIU,primariaputineiu@yahoo.com,Teleorman,,Primarie Comuna
RADOIESTI,primariaradoiesti@yahoo.com,Teleorman,,Primarie Comuna
RASMIRESTI,rasmirestiprimarie@yahoo.com,Teleorman,,Primarie Comuna
SACENI,saceni_tr@yahoo.com,Teleorman,,Primarie Comuna
SAELELE,clement.2008@yahoo.com,Teleorman,,Primarie Comuna
SALCIA,prim2008salcia@yahoo.com,Teleorman,,Primarie Comuna
SARBENI,primariacomuneisirbeni@yahoo.com,Teleorman,,Primarie Comuna
SCRIOASTEA,primariacomscrioastea@yahoo.com,Teleorman,,Primarie Comuna
SCURTU MARE,s.primarie@yahoo.com,Teleorman,,Primarie Comuna
SEACA,primaria_seaca@yahoo.com,Teleorman,,Primarie Comuna
SFINTESTI,sfintesti_tr@yahoo.com,Teleorman,,Primarie Comuna
SILISTEA,primaria.silistea@yahoo.com,Teleorman,,Primarie Comuna
SILISTEA-GUMESTI,primaria_silistea_gumesti@yahoo.com,Teleorman,,Primarie Comuna
SLOBOZIA MANDRA,primariasloboziamandratr@gmail.com,Teleorman,,Primarie Comuna
SMARDIOASA,prim_smardioasa@yahoo.com,Teleorman,,Primarie Comuna
STEJARU,primaria.stejaru@yahoo.com,Teleorman,,Primarie Comuna
STOROBANEASA,primstorobaneasa@yahoo.com,Teleorman,,Primarie Comuna
TALPA,primaria_talpa@yahoo.com,Teleorman,,Primarie Comuna
TATARASTII DE JOS,romcatharin@yahoo.com,Teleorman,,Primarie Comuna
TATARASTII DE SUS,primariatatarastiidesus@yahoo.com,Teleorman,,Primarie Comuna
TIGANESTI,primariatiganesti@yahoo.com,Teleorman,,Primarie Comuna
TRAIAN,primariatraiantr@yahoo.com,Teleorman,,Primarie Comuna
TRIVALEA-MOSTENI,primariatrivalea_mosteni@yahoo.com,Teleorman,,Primarie Comuna
TROIANUL,troianul_tr@yahoo.com,Teleorman,,Primarie Comuna
UDA-CLOCOCIOV,udaclocociov@yahoo.com,Teleorman,,Primarie Comuna
VARTOAPE,primariavirtoapele@yahoo.com,Teleorman,,Primarie Comuna
VEDEA,primariavedea@yahoo.com,Teleorman,,Primarie Comuna
VIISOARA,primariaviisoara_tr@yahoo.com,Teleorman,,Primarie Comuna
VITANESTI,primariavitanesti@yahoo.com,Teleorman,,Primarie Comuna
ZAMBREASCA,primaria.zimbreasca@gmail.com,Teleorman,,Primarie Comuna
MUNICIPIUL TIMISOARA,primariatm@primariatm.ro,Timis,,Primarie Municipiu
MUNICIPIUL LUGOJ,contact@primarialugoj.ro,Timis,,Primarie Municipiu
ORAS BUZIAS,primbuzias@yahoo.com,Timis,,Primarie Oras
ORAS CIACOVA,primariaciacova@primariaiacova.ro,Timis,,Primarie Oras
ORAS DETA,primaria_deta@net69.ro,Timis,,Primarie Oras
ORAS FAGET,plfaget@online.ro,Timis,,Primarie Oras
ORAS GATAIA,primaria_gataia@yahoo.com,Timis,,Primarie Oras
ORAS JIMBOLIA,secretar@jimbolia.ro,Timis,,Primarie Oras
ORAS RECAS,public@primariarecas.ro,Timis,,Primarie Oras
ORAS SANNICOLAU MARE,primaria@sannicolau-mare.ro,Timis,,Primarie Oras
BALINT,primariabalint@yahoo.com,Timis,,Primarie Comuna
BANLOC,banlocprimarie@yahoo.com,Timis,,Primarie Comuna
BARA,primaria.bara@yahoo.com,Timis,,Primarie Comuna
BARNA,primaria.barna@cjtimis.ro,Timis,,Primarie Comuna
BEBA VECHE,primariabebaveche@yahoo.com,Timis,,Primarie Comuna
BECICHERECU MIC,becicherecumic@yahoo.com,Timis,,Primarie Comuna
BELINT,primaria@belint.ro,Timis,,Primarie Comuna
BETHAUSEN,primaria_bethausen@yahoo.com,Timis,,Primarie Comuna
BIRDA,primaria.birda@cjtimis.ro,Timis,,Primarie Comuna
BOGDA,primariabogda@yahoo.com,Timis,,Primarie Comuna
BOLDUR,primariaboldur@gmail.com,Timis,,Primarie Comuna
BRESTOVAT,primaria_brestovat@yahoo.com,Timis,,Primarie Comuna
BUCOVAT,primaria.bucovat.tm@gmail.com,Timis,,Primarie Comuna
CARPINIS,primaria_carpinis@yahoo.com,Timis,,Primarie Comuna
CENAD,primaria@cenad.ro,Timis,,Primarie Comuna
CENEI,primaria.cenei@cjtimis.ro,Timis,,Primarie Comuna
CHECEA,primaria.checea@cjtimis.ro,Timis,,Primarie Comuna
CHEVERESU MARE,primaria.cheveresumare@yahoo.com,Timis,,Primarie Comuna
COMLOSU MARE,primariacomlosumare@yahoo.com,Timis,,Primarie Comuna
COSTEIU,primaria.costeiu@yahoo.com,Timis,,Primarie Comuna
CRICIOVA,primaria.criciova@cjtimis.ro,Timis,,Primarie Comuna
CURTEA,primaria_curtea@yahoo.com,Timis,,Primarie Comuna
DAROVA,primariadarova@yahoo.com,Timis,,Primarie Comuna
DENTA,primar@primaria-denta.ro,Timis,,Primarie Comuna
DUDESTII NOI,primariadudestiinoi@yahoo.com,Timis,,Primarie Comuna
DUDESTII VECHI,p.dudestiiv@yahoo.com,Timis,,Primarie Comuna
DUMBRAVA,primariadumbrava@yahoo.com,Timis,,Primarie Comuna
DUMBRAVITA,primdumb@yahoo.com,Timis,,Primarie Comuna
FARDEA,primaria_firdea@yahoo.com,Timis,,Primarie Comuna
FIBIS,primariafibis@gmail.com,Timis,,Primarie Comuna
FOENI,primariafoeni@yahoo.com,Timis,,Primarie Comuna
GAVOJDIA,primgav@yahoo.com,Timis,,Primarie Comuna
GHILAD,primaria_ghilad@yahoo.com,Timis,,Primarie Comuna
GHIRODA,primariaghiroda@yahoo.com,Timis,,Primarie Comuna
GHIZELA,primariaghizela@yahoo.com,Timis,,Primarie Comuna
GIARMATA,primaria.giarmata@yahoo.com,Timis,,Primarie Comuna
GIERA,primariagiera@gmail.com,Timis,,Primarie Comuna
GIROC,primariagiroc@yahoo.com,Timis,,Primarie Comuna
GIULVAZ,primaria_giulvaz@yahoo.com,Timis,,Primarie Comuna
GOTTLOB,primaria.gottlob@cjtimis.ro,Timis,,Primarie Comuna
IECEA MARE,primaria_ieceamare@yahoo.com,Timis,,Primarie Comuna
JAMU MARE,primariajamumare@gmail.com,Timis,,Primarie Comuna
JEBEL,primaria.jebel@cjtimis.ro,Timis,,Primarie Comuna
LENAUHEIM,lenauheim@mail.dnttm.ro,Timis,,Primarie Comuna
LIEBLING,primaria_liebling@yahoo.com,Timis,,Primarie Comuna
LIVEZILE,primarialivezile@yahoo.com,Timis,,Primarie Comuna
LOVRIN,primarialovrin@yahoo.com,Timis,,Primarie Comuna
MANASTIUR,primaria_manastiur@yahoo.com,Timis,,Primarie Comuna
MARGINA,primaria_margin@yahoo.com,Timis,,Primarie Comuna
MASLOC,primaria_masloc@yahoo.com,Timis,,Primarie Comuna
MORAVITA,prmrmoravita@yahoo.com,Timis,,Primarie Comuna
MOSNITA NOUA,primariamosnitanoua@yahoo.com,Timis,,Primarie Comuna
NADRAG,nadrag@primarianadrag.ro,Timis,,Primarie Comuna
NITCHIDORF,primar@nitchidorf.ro,Timis,,Primarie Comuna
OHABA LUNGA,primariaohabalunga@yahoo.com,Timis,,Primarie Comuna
ORTISOARA,primaria.ortisoara@cjtimis.ro,Timis,,Primarie Comuna
OTELEC,primaria_otelec@yahoo.com,Timis,,Primarie Comuna
PADURENI,primaria.padureni@cjtimis.ro,Timis,,Primarie Comuna
PARTA,primaria_parta@yahoo.com,Timis,,Primarie Comuna
PECIU NOU,primaria_peciunou@yahoo.com,Timis,,Primarie Comuna
PERIAM,office@primatimperiam.ro,Timis,,Primarie Comuna
PESAC,primariapesac@yahoo.com,Timis,,Primarie Comuna
PIETROASA,cpietroasa@yahoo.com,Timis,,Primarie Comuna
PISCHIA,primaria_pischia@yahoo.com,Timis,,Primarie Comuna
RACOVITA,primaria.racovita@cjtimis.ro,Timis,,Primarie Comuna
REMETEA MARE,primaria.remetea_mare@cjtimis.ro,Timis,,Primarie Comuna
SACALAZ,primaria_sacalaz@yahoo.com,Timis,,Primarie Comuna
SACOSU TURCESC,primaria@sacosuturcesc.ro,Timis,,Primarie Comuna
SAG,primaria.sag@cjtimis.ro,Timis,,Primarie Comuna
SANANDREI,office@primaria-sinandrei.ro,Timis,,Primarie Comuna
SANDRA,primariasandra@gmail.com,Timis,,Primarie Comuna
SANMIHAIU ROMAN,primariasanmihaiuroman@yahoo.com,Timis,,Primarie Comuna
SANPETRU MARE,primaria.sanpetru_mare@cjtimis.ro,Timis,,Primarie Comuna
SARAVALE,primaria.saravale@cjtimis.ro,Timis,,Primarie Comuna
SATCHINEZ,primariasatchinez@yahoo.com,Timis,,Primarie Comuna
SECAS,primariasecas@yahoo.com,Timis,,Primarie Comuna
STIUCA,primaria.stiuca@cjtimis.ro,Timis,,Primarie Comuna
TEREMIA MARE,primaria.teremia_mare@cjtimis.ro,Timis,,Primarie Comuna
TOMESTI,primaria.tomesti@yahoo.com,Timis,,Primarie Comuna
TOMNATIC,primar@primariatomnatic.ro,Timis,,Primarie Comuna
TOPOLOVATU MARE,primariatopolovatumare@yahoo.com,Timis,,Primarie Comuna
TORMAC,primaria@tormac.ro,Timis,,Primarie Comuna
TRAIAN VUIA,comunatraianvuia@yahoo.com,Timis,,Primarie Comuna
UIVAR,primaria_uivar@yahoo.com,Timis,,Primarie Comuna
VALCANI,primaria_valcani@yahoo.com,Timis,,Primarie Comuna
VARIAS,primaria_varias@yahoo.com,Timis,,Primarie Comuna
VICTOR VLAD DELAMARINA,primaria.vvdelamarina@cjtimis.ro,Timis,,Primarie Comuna
VOITEG,primaria@voiteg.ro,Timis,,Primarie Comuna
MUNICIPIUL TULCEA,primtl@tim.ro;eventhi@yahoo.com,Tulcea,,Primarie Municipiu
ORAS BABADAG,contact@primaria-babadag.ro,Tulcea,,Primarie Oras
ORAS ISACCEA,secretar@isaccea.ro,Tulcea,,Primarie Oras
ORAS MACIN,primaria_macin@yahoo.com,Tulcea,,Primarie Oras
ORAS SULINA,sulina_prim@yahoo.com,Tulcea,,Primarie Oras
BAIA,primariabaia@yahoo.com,Tulcea,,Primarie Comuna
BEIDAUD,primariabeidaud@yahoo.com,Tulcea,,Primarie Comuna
BESTEPE,primaria.bestepe@yahoo.com,Tulcea,,Primarie Comuna
C.A. ROSETTI,primariarosetti@gmail.com,Tulcea,,Primarie Comuna
CARCALIU,primaria_carcaliu@yahoo.com,Tulcea,,Primarie Comuna
CASIMCEA,casimceaprimaria@yahoo.com,Tulcea,,Primarie Comuna
CEAMURLIA DE JOS,primariaceamurlia@yahoo.com,Tulcea,,Primarie Comuna
CEATALCHIOI,primariaceatalchioi@gmail.com,Tulcea,,Primarie Comuna
CERNA,primariacernatl@yahoo.com,Tulcea,,Primarie Comuna
CHILIA VECHE,primaria_chilia_veche@yahoo.com,Tulcea,,Primarie Comuna
CIUCUROVA,ciucurova_tl@primariaonline.ro,Tulcea,,Primarie Comuna
CRISAN,primariacrisan@gmail.com,Tulcea,,Primarie Comuna
DAENI,primariadaeni@yahoo.com,Tulcea,,Primarie Comuna
DOROBANTU,consiliul_dorobantu@yahoo.com,Tulcea,,Primarie Comuna
FRECATEI,primaria_frecatei@yahoo.com,Tulcea,,Primarie Comuna
GRECI,primariacomuneigreci@yahoo.com,Tulcea,,Primarie Comuna
GRINDU,primaria.grindu@yahoo.com,Tulcea,,Primarie Comuna
HAMCEARCA,primariahamcearca@yahoo.com,Tulcea,,Primarie Comuna
HORIA,horiaprimaria@yahoo.com,Tulcea,,Primarie Comuna
I.C.BRATIANU,primaria_icbratianu@yahoo.com,Tulcea,,Primarie Comuna
IZVOARELE,primariaizvoareletl@yahoo.com,Tulcea,,Primarie Comuna
JIJILA,prmrjijila@yahoo.com,Tulcea,,Primarie Comuna
JURILOVCA,primariajurilovca@yahoo.com,Tulcea,,Primarie Comuna
LUNCAVITA,primarialuncavita@yahoo.com,Tulcea,,Primarie Comuna
MAHMUDIA,primaria@mahmudia.ro,Tulcea,,Primarie Comuna
MALIUC,primaria.maliuc@yahoo.com,Tulcea,,Primarie Comuna
MIHAI BRAVU,primaria_mihaibravu@yahoo.com,Tulcea,,Primarie Comuna
MIHAIL KOGALNICEANU,prkogalniceanu@yahoo.com,Tulcea,,Primarie Comuna
MURIGHIOL,primaria_murighiol@yahoo.com,Tulcea,,Primarie Comuna
NALBANT,primaria_nalbant@yahoo.com,Tulcea,,Primarie Comuna
NICULITEL,primarianiculitel@yahoo.com,Tulcea,,Primarie Comuna
NUFARU,office@primarianufaru.ro,Tulcea,,Primarie Comuna
OSTROV,primariaostrovtl@yahoo.com,Tulcea,,Primarie Comuna
PARDINA,prim_pardina@zappmobile.ro,Tulcea,,Primarie Comuna
PECENEAGA,primaria_peceneaga@yahoo.com,Tulcea,,Primarie Comuna
SARICHIOI,primariasarichioi2@yahoo.com,Tulcea,,Primarie Comuna
SFANTU GHEORGHE,primaria_sf.gheorghe_delta@yahoo.com,Tulcea,,Primarie Comuna
SLAVA CERCHEZA,primariasc@yahoo.com,Tulcea,,Primarie Comuna
SMARDAN,psmardan@kvs.ro,Tulcea,,Primarie Comuna
SOMOVA,primaria.somova@yahoo.com,Tulcea,,Primarie Comuna
STEJARU,primaria_stejaru@yahoo.com,Tulcea,,Primarie Comuna
TOPOLOG,primaria_topolog@yahoo.com,Tulcea,,Primarie Comuna
TURCOAIA,primariaturcoaiatl@yahoo.com,Tulcea,,Primarie Comuna
VACARENI,primariavacareni@yahoo.com,Tulcea,,Primarie Comuna
VALEA NUCARILOR,valeanucarilor@yahoo.com,Tulcea,,Primarie Comuna
VALEA TEILOR,primaria_vt@yahoo.com,Tulcea,,Primarie Comuna
MUNICIPIUL RAMNICU VALCEA,primaria@primariavl.ro,Valcea,,Primarie Municipiu
MUNICIPIUL DRAGASANI,primariadragasani@yahoo.com,Valcea,,Primarie Municipiu
ORAS BABENI,primaria_babeni@yahoo.com,Valcea,,Primarie Oras
ORAS BAILE GOVORA,primaria@primaria-baile-govora.ro,Valcea,,Primarie Oras
ORAS BAILE OLANESTI,primariaolanesti@artelecom.net,Valcea,,Primarie Oras
ORAS BALCESTI,balcestivalcea@yahoo.com,Valcea,,Primarie Oras
ORAS BERBESTI,primaria_berbestivl2006@yahoo.com,Valcea,,Primarie Oras
ORAS BREZOI,primaria_oras_brezoi@yahoo.com,Valcea,,Primarie Oras
ORAS CALIMANESTI,primaria_calimanesti@yahoo.com,Valcea,,Primarie Oras
ORAS HOREZU,primaria@orasul-horezu.ro,Valcea,,Primarie Oras
ORAS OCNELE MARI,oc_mari@onix.ro,Valcea,,Primarie Oras
ALUNU,primaria_alunu@yahoo.com,Valcea,,Primarie Comuna
AMARASTI,primaria_amarasti@yahoo.com,Valcea,,Primarie Comuna
BARBATESTI,primaria_barbatesti@yahoo.com,Valcea,,Primarie Comuna
BERISLAVESTI,primariaberislavesti@yahoo.com,Valcea,,Primarie Comuna
BOISOARA,primaria_boisoara@yahoo.com,Valcea,,Primarie Comuna
BUDESTI,primarbudesti@clicknet.ro,Valcea,,Primarie Comuna
BUJORENI,primaria_combujoreni@yahoo.com,Valcea,,Primarie Comuna
BUNESTI,primaria_bunesti@yahoo.com,Valcea,,Primarie Comuna
CAINENI,primaria_caineni08@yahoo.com,Valcea,,Primarie Comuna
CERNISOARA,primaria_cernisoara@yahoo.com,Valcea,,Primarie Comuna
COPACENI,primariacopaceni@yahoo.com,Valcea,,Primarie Comuna
COSTESTI,primaria_costesti@yahoo.com,Valcea,,Primarie Comuna
CRETENI,primariacreteni@yahoo.com,Valcea,,Primarie Comuna
DAESTI,daesti@onix.ro,Valcea,,Primarie Comuna
DANICEI,pdanicei@yahoo.com,Valcea,,Primarie Comuna
DICULESTI,diculestiprimarie@yahoo.com,Valcea,,Primarie Comuna
DRAGOESTI,primaridragoesti@yahoo.com,Valcea,,Primarie Comuna
FARTATESTI,primariafartatesti@yahoo.com,Valcea,,Primarie Comuna
FAURESTI,primariafauresti@yahoo.com,Valcea,,Primarie Comuna
FRANCESTI,francestiprimaria@yahoo.com,Valcea,,Primarie Comuna
GALICEA,primaria_galicea@yahoo.com,Valcea,,Primarie Comuna
GHIOROIU,primariaghioroiu2010@gmail.com,Valcea,,Primarie Comuna
GLAVILE,primariaglavile@yahoo.com,Valcea,,Primarie Comuna
GOLESTI,primaria_golesti@yahoo.com,Valcea,,Primarie Comuna
GRADISTEA,primariagradistea@yahoo.com,Valcea,,Primarie Comuna
GUSOENI,primaria_gusoieni@yahoo.com,Valcea,,Primarie Comuna
IONESTI,primaria_ionesti_vl@yahoo.com,Valcea,,Primarie Comuna
LACUSTENI,primarialacusteni@yahoo.com,Valcea,,Primarie Comuna
LADESTI,pladesti@yahoo.com,Valcea,,Primarie Comuna
LALOSU,primarialalosu@yahoo.com,Valcea,,Primarie Comuna
LAPUSATA,primarialapusata@yahoo.com,Valcea,,Primarie Comuna
LIVEZI,primarialivezi@yahoo.com,Valcea,,Primarie Comuna
LUNGESTI,primar_lungesti@yahoo.com,Valcea,,Primarie Comuna
MACIUCA,comunamaciuca@yahoo.com,Valcea,,Primarie Comuna
MADULARI,primaria.madulari@yahoo.com,Valcea,,Primarie Comuna
MALAIA,primariamalaia@yahoo.com,Valcea,,Primarie Comuna
MALDARESTI,primariamaldaresti@yahoo.com,Valcea,,Primarie Comuna
MATEESTI,primaria.mateesti@yahoo.com,Valcea,,Primarie Comuna
MIHAESTI,primariamihaesti@yahoo.com,Valcea,,Primarie Comuna
MILCOIU,primaria_milcoiu@yahoo.com,Valcea,,Primarie Comuna
MITROFANI,primariamitrofani@yahoo.com,Valcea,,Primarie Comuna
MUEREASCA,primaria_muereasca@yahoo.com,Valcea,,Primarie Comuna
NICOLAE BALCESCU,nic_balcescu@yahoo.com,Valcea,,Primarie Comuna
OLANU,primariaolanu@yahoo.com,Valcea,,Primarie Comuna
ORLESTI,primariaorlesti@yahoo.com,Valcea,,Primarie Comuna
OTESANI,pr.otesani@yahoo.com,Valcea,,Primarie Comuna
PAUSESTI,primariapausestiotasau@yahoo.com,Valcea,,Primarie Comuna
PAUSESTI-MAGLASI,primaria_pausestimg@yahoo.com,Valcea,,Primarie Comuna
PERISANI,primaria_perisani@yahoo.com,Valcea,,Primarie Comuna
PESCEANA,primaria_pesceana@yahoo.com,Valcea,,Primarie Comuna
PIETRARI,primariapietrari@yahoo.com,Valcea,,Primarie Comuna
POPESTI,primariapopestivl@yahoo.com,Valcea,,Primarie Comuna
PRUNDENI,primprud@yahoo.com,Valcea,,Primarie Comuna
RACOVITA,primracovita@yahoo.com,Valcea,,Primarie Comuna
ROESTI,primroesti@yahoo.com,Valcea,,Primarie Comuna
ROSIILE,primariarosiile_vl@yahoo.com,Valcea,,Primarie Comuna
RUNCU,primaria_runcu@yahoo.com,Valcea,,Primarie Comuna
SALATRUCEL,primariasalatrucel@yahoo.com,Valcea,,Primarie Comuna
SCUNDU,primaria_scundu@yahoo.com,Valcea,,Primarie Comuna
SINESTI,primaria_sinesti@yahoo.com,Valcea,,Primarie Comuna
SIRINEASA,primaria.sirineasa@yahoo.com,Valcea,,Primarie Comuna
SLATIOARA,primaria_slatioara@yahoo.com,Valcea,,Primarie Comuna
STANESTI,primaria@primariastanestivl.ro,Valcea,,Primarie Comuna
STEFANESTI,primariastefanesti@yahoo.com,Valcea,,Primarie Comuna
STOENESTI,primaria.stoenesti@yahoo.com,Valcea,,Primarie Comuna
STOILESTI,primariastoilesti@yahoo.com,Valcea,,Primarie Comuna
STROESTI,primariastroesti@yahoo.com,Valcea,,Primarie Comuna
SUSANI,primariasusani@yahoo.com,Valcea,,Primarie Comuna
SUTESTI,sutesitvl@yahoo.com,Valcea,,Primarie Comuna
TETOIU,primariatetoiu@yahoo.com,Valcea,,Primarie Comuna
TITESTI,primtitesti@yahoo.com,Valcea,,Primarie Comuna
TOMSANI,primariatomsanivl@yahoo.com,Valcea,,Primarie Comuna
VAIDEENI,primaria.vaideeni@yahoo.com,Valcea,,Primarie Comuna
VALEA MARE,as.social_primariavaleamare@yahoo.com,Valcea,,Primarie Comuna
VLADESTI,primaria.vladesti@gmail.com,Valcea,,Primarie Comuna
VOICESTI,primarie_voicesti@yahoo.com,Valcea,,Primarie Comuna
VOINEASA,prvoineasa@yahoo.com,Valcea,,Primarie Comuna
ZATRENI,primaria_zatreni@yahoo.com,Valcea,,Primarie Comuna
MUNICIPIUL VASLUI,pmv@primariavaslui.ro,Vaslui,,Primarie Municipiu
MUNICIPIUL BARLAD,informatica@primariabarlad.ro,Vaslui,,Primarie Municipiu
MUNICIPIUL HUSI,primar@primariahusi.ro,Vaslui,,Primarie Municipiu
ORAS MURGENI,secretarmurgeni@yahoo.com,Vaslui,,Primarie Oras
ORAS NEGRESTI,consiliullocalnegresti@gmail.com,Vaslui,,Primarie Oras
ALBESTI,chicireanu_mioara@yahoo.com,Vaslui,,Primarie Comuna
ALEXANDRU VLAHUTA,primariavlahuta@yahoo.com,Vaslui,,Primarie Comuna
ARSURA,primaria.arsura@yahoo.com,Vaslui,,Primarie Comuna
BACANI,primariabacani@yahoo.com,Vaslui,,Primarie Comuna
BACESTI,primaria.bacesti@yahoo.com,Vaslui,,Primarie Comuna
BALTENI,primariabaltenivs@yahoo.com,Vaslui,,Primarie Comuna
BEREZENI,berezeniprimaria@yahoo.com,Vaslui,,Primarie Comuna
BLAGESTI,primariablagesti@gmail.com,Vaslui,,Primarie Comuna
BOGDANA,primaria_bogdana@yahoo.com,Vaslui,,Primarie Comuna
BOGDANESTI,primbogdanesti@yahoo.com,Vaslui,,Primarie Comuna
BOTESTI,secretar@primariabotesti.ro,Vaslui,,Primarie Comuna
COROIESTI,primariacoroiesti_2007@yahoo.com,Vaslui,,Primarie Comuna
COSTESTI,primariacostesti@clicknet.ro,Vaslui,,Primarie Comuna
CRETESTI,primariacretesti@gmail.com,Vaslui,,Primarie Comuna
DANESTI,primar.danesti.vaslui@gmail.com,Vaslui,,Primarie Comuna
DELENI,primaria@delenivaslui.ro,Vaslui,,Primarie Comuna
DELESTI,primariadelesti@yahoo.com,Vaslui,,Primarie Comuna
DIMITRIE CANTEMIR,primariadtcm@yahoo.com,Vaslui,,Primarie Comuna
DODESTI,primariadodesti@yahoo.com,Vaslui,,Primarie Comuna
DRAGOMIRESTI,primariadragomirestivs@gmail.com,Vaslui,,Primarie Comuna
DRANCENI,primariacomuneidranceni@yahoo.com,Vaslui,,Primarie Comuna
DUDA-EPURENI,primaria_duda_epureni@yahoo.com,Vaslui,,Primarie Comuna
DUMESTI,dumestivs.primarie@yahoo.co.uk,Vaslui,,Primarie Comuna
EPURENI,contact@primariaepureni.ro,Vaslui,,Primarie Comuna
FALCIU,primariafalciu@yahoo.com,Vaslui,,Primarie Comuna
FERESTI,primaria_feresti@yahoo.com,Vaslui,,Primarie Comuna
FRUNTISENI,primariafruntiseni@yahoo.com,Vaslui,,Primarie Comuna
GAGESTI,primariagagesti@yahoo.com,Vaslui,,Primarie Comuna
GARCENI,primariagirceni@gmail.com,Vaslui,,Primarie Comuna
GHERGHESTI,primaria_gherghesti@yahoo.com,Vaslui,,Primarie Comuna
GRIVITA,primaria_grivita2000@yahoo.com,Vaslui,,Primarie Comuna
HOCENI,hoceniprimaria@yahoo.com,Vaslui,,Primarie Comuna
IANA,primaria_iana@yahoo.com,Vaslui,,Primarie Comuna
IBANESTI,primaria_ibanesti_vs@yahoo.com,Vaslui,,Primarie Comuna
IVANESTI,ivanesti_vs@yahoo.com,Vaslui,,Primarie Comuna
IVESTI,primaria_ivesti@yahoo.com,Vaslui,,Primarie Comuna
LAZA,primarialaza@yahoo.com,Vaslui,,Primarie Comuna
LIPOVAT,primarialipovat@yahoo.co.uk,Vaslui,,Primarie Comuna
LUNCA BANULUI,primarialuncabanului@yahoo.com,Vaslui,,Primarie Comuna
MALUSTENI,primaria_malusteni@yahoo.com,Vaslui,,Primarie Comuna
MUNTENII DE JOS,office@munteniidejos.ro,Vaslui,,Primarie Comuna
MUNTENII DE SUS,rodica_buhus@yahoo.com,Vaslui,,Primarie Comuna
OLTENESTI,primaria_oltenesti@yahoo.com,Vaslui,,Primarie Comuna
OSESTI,primaria_osesti@yahoo.com,Vaslui,,Primarie Comuna
PADURENI,cons.local_padureni@yahoo.com,Vaslui,,Primarie Comuna
PERIENI,primariaperieni@yahoo.com,Vaslui,,Primarie Comuna
POCHIDIA,pochidia@yahoo.com,Vaslui,,Primarie Comuna
POGANA,primariapogana@yahoo.com,Vaslui,,Primarie Comuna
POGONESTI,juris_best@yahoo.com,Vaslui,,Primarie Comuna
POIENESTI,primaria_poienesti@yahoo.com,Vaslui,,Primarie Comuna
PUIESTI,primariapuiesti@gmail.com,Vaslui,,Primarie Comuna
PUNGESTI,primaria_pungesti@yahoo.com,Vaslui,,Primarie Comuna
PUSCASI,primariapuscasi@yahoo.com,Vaslui,,Primarie Comuna
RAFAILA,contact@rafaila.ro,Vaslui,,Primarie Comuna
REBRICEA,primariarebricea_vs@yahoo.com,Vaslui,,Primarie Comuna
ROSIESTI,primrosiesti@yahoo.com,Vaslui,,Primarie Comuna
SOLESTI,primariasolesti@rdslink.ro,Vaslui,,Primarie Comuna
STEFAN CEL MARE,primaria@stefancelmarevaslui.ro,Vaslui,,Primarie Comuna
SULETEA,primarie@suletea.ro,Vaslui,,Primarie Comuna
TACUTA,primariatacuta@yahoo.com,Vaslui,,Primarie Comuna
TANACU,tanacu_primaria@yahoo.com,Vaslui,,Primarie Comuna
TATARANI,primaria_tatarani@yahoo.com,Vaslui,,Primarie Comuna
TODIRESTI,primariatodiresti2006@yahoo.com,Vaslui,,Primarie Comuna
TUTOVA,primariatutova@yahoo.com,Vaslui,,Primarie Comuna
VETRISOAIA,primariavetrisoaia@yahoo.com,Vaslui,,Primarie Comuna
VIISOARA,primaria_viisoara_vs@yahoo.com,Vaslui,,Primarie Comuna
VINDEREI,vindereiprimaria@yahoo.com,Vaslui,,Primarie Comuna
VOINESTI,primariavoinesti2007@yahoo.com,Vaslui,,Primarie Comuna
VULTURESTI,primaria.vulturesti@yahoo.com,Vaslui,,Primarie Comuna
VUTCANI,primariavutcani@yahoo.com,Vaslui,,Primarie Comuna
ZAPODENI,primaria_zapodeni_vaslui@yahoo.fr,Vaslui,,Primarie Comuna
ZORLENI,primarie@zorleni.ro,Vaslui,,Primarie Comuna
MUNICIPIUL ADJUD,primariaadjud@gmail.com,Vrancea,,Primarie Municipiu
ORAS PANCIU,primaria.panciu@vrancea.info,Vrancea,,Primarie Oras
BARSESTI,primarie@primariabirsesti.ro,Vrancea,,Primarie Comuna
BILIESTI,contact@primariabiliesti.ro,Vrancea,,Primarie Comuna
BOGHESTI,secretar@boghesti.ro,Vrancea,,Primarie Comuna
BORDESTI,primariabordesti@yahoo.com,Vrancea,,Primarie Comuna
BROSTENI,primariabrosteni@yahoo.com,Vrancea,,Primarie Comuna
CAMPINEANCA,primaria.campineanca@yahoo.com,Vrancea,,Primarie Comuna
CAMPURI,contact@primariacimpuri.ro,Vrancea,,Primarie Comuna
CARLIGELE,cirligeleprimaria@yahoo.com,Vrancea,,Primarie Comuna
CIORASTI,primariaciorasti@yahoo.com,Vrancea,,Primarie Oras
CORBITA,primarie@primariacorbita.ro,Vrancea,,Primarie Comuna
COTESTI,primaria_cotesti@yahoo.com,Vrancea,,Primarie Comuna
DUMBRAVENI,chiritag@yahoo.com,Vrancea,,Primarie Comuna
DUMITRESTI,primariadumitresti@yahoo.com,Vrancea,,Primarie Comuna
FITIONESTI,primar@fitionesti.ro,Vrancea,,Primarie Comuna
GOLESTI,primariagolesti@yahoo.com,Vrancea,,Primarie Comuna
GOLOGANU,primariagologanu@yahoo.com,Vrancea,,Primarie Comuna
GUGESTI,primariagugesti@yahoo.com,Vrancea,,Primarie Comuna
HOMOCEA,primariahomocea@yahoo.com,Vrancea,,Primarie Comuna
JARISTEA,primaria_jaristea@yahoo.com,Vrancea,,Primarie Comuna
JITIA,primarie@jitia.infoprimarie.ro,Vrancea,,Primarie Comuna
MERA,contact@mera.primarievn.ro,Vrancea,,Primarie Comuna
NARUJA,primaria_naruja@yahoo.com,Vrancea,,Primarie Comuna
NEGRILESTI,primaria.negrilesti@yahoo.com,Vrancea,,Primarie Comuna
NEREJU,primarianereju@yahoo.com,Vrancea,,Primarie Comuna
NISTORESTI,primarianistoresti@yahoo.com,Vrancea,,Primarie Comuna
PALTIN,secretarpaltin@yahoo.com,Vrancea,,Primarie Comuna
PAULESTI,primariapaulesti@yahoo.com,Vrancea,,Primarie Comuna
PAUNESTI,primaria@paunesti.ro,Vrancea,,Primarie Comuna
PLOSCUTENI,primariaploscuteni@yahoo.com,Vrancea,,Primarie Comuna
POIANA CRISTEI,poianacristeiprimaria@yahoo.com,Vrancea,,Primarie Comuna
POPESTI,prim_popesti@yahoo.com,Vrancea,,Primarie Comuna
PUFESTI,primaria_pufesti@yahoo.com,Vrancea,,Primarie Comuna
RACOASA,primaria_racoasa2008@yahoo.com,Vrancea,,Primarie Comuna
REGHIU,secretarull@yahoo.com,Vrancea,,Primarie Comuna
RUGINESTI,pr_ruginesti@yahoo.com,Vrancea,,Primarie Comuna
SIHLEA,primar@sihlea.primarievrancea.ro,Vrancea,,Primarie Comuna
SLOBOZIA CIORASTI,primaria_sloboziaciorasti@yahoo.com,Vrancea,,Primarie Oras
SOVEJA,primariasoveja@yahoo.com,Vrancea,,Primarie Comuna
SPULBER,primariaspulber@yahoo.com,Vrancea,,Primarie Comuna
SURAIA,primaria.suraia@yahoo.com,Vrancea,,Primarie Comuna
TAMBOESTI,primaria_timboesti@yahoo.com,Vrancea,,Primarie Comuna
TANASOAIA,primariatanasoaia@vrancea.info,Vrancea,,Primarie Comuna
TATARANU,primariatataranu@yahoo.com,Vrancea,,Primarie Comuna
TULNICI,primarie_tulnici@yahoo.com,Vrancea,,Primarie Comuna
VALEA SARII,primariavaleasarii@yahoo.com,Vrancea,,Primarie Comuna
VARTESCOIU,primar@virtescoiu.ro,Vrancea,,Primarie Comuna
VIDRA,primarie@primariavidravn.ro,Vrancea,,Primarie Comuna
VINTILEASCA,ginabacioiu@yahoo.com,Vrancea,,Primarie Comuna
VRANCIOAIA,primariavrincioaia@yahoo.com,Vrancea,,Primarie Comuna
VULTURU,primariavulturu@yahoo.com,Vrancea,,Primarie Comuna
